TRACE::2026-09-21.22:25:18::SCWPlatform::Trying to open the hw design at /home/dide/project/digital-ide-0.5.x/tests/project/temp/user/sdk/template/template_1/hw/template.hdf
TRACE::2026-09-21.22:25:18::SCWPlatform::DSA given /home/dide/project/digital-ide-0.5.x/tests/project/temp/user/sdk/template/template_1/hw/template.dsa
TRACE::2026-09-21.22:25:18::SCWPlatform::DSA absoulate path /home/dide/project/digital-ide-0.5.x/tests/project/temp/user/sdk/template/template_1/hw/template.dsa
TRACE::2026-09-21.22:25:18::SCWPlatform::DSA directory /home/dide/project/digital-ide-0.5.x/tests/project/temp/user/sdk/template/template_1/hw
TRACE::2026-09-21.22:25:18::SCWPlatform:: Platform Path /home/dide/project/digital-ide-0.5.x/tests/project/temp/user/sdk/template/template_1/hw/template.dsa
TRACE::2026-09-21.22:25:18::SCWPlatform:: Unique name xilinx.com::system_wrapper:1.0
TRACE::2026-09-21.22:25:18::SCWPlatform::Do not have an existing db opened. 
TRACE::2026-09-21.22:25:19::SCWPlatform::Opened new HwDB with name system_wrapper_0
TRACE::2026-09-21.22:25:19::SCWWriter::formatted JSON is {
	"platformName":	"template_1",
	"sprVersion":	"2.0",
	"mode":	"cmd",
	"dsaType":	"Fixed",
	"platformDesc":	"template_1",
	"platHandOff":	"/home/dide/project/digital-ide-0.5.x/tests/project/temp/user/sdk/data/template.hdf",
	"platIntHandOff":	"<platformDir>/hw/template.dsa",
	"deviceType":	"zynq",
	"platIsPrebuiltAutogen":	"false",
	"platIsNoBootBsp":	"false",
	"hasFsblMakeHasChanges":	"false",
	"hasPmufwMakeHasChanges":	"false",
	"platPreBuiltFlag":	false,
	"platformSamplesDir":	""
}
TRACE::2026-09-21.22:25:19::SCWWriter::formatted JSON is {
	"platformName":	"template_1",
	"sprVersion":	"2.0",
	"mode":	"cmd",
	"dsaType":	"Fixed",
	"platformDesc":	"template_1",
	"platHandOff":	"/home/dide/project/digital-ide-0.5.x/tests/project/temp/user/sdk/data/template.hdf",
	"platIntHandOff":	"<platformDir>/hw/template.dsa",
	"deviceType":	"zynq",
	"platIsPrebuiltAutogen":	"false",
	"platIsNoBootBsp":	"false",
	"hasFsblMakeHasChanges":	"false",
	"hasPmufwMakeHasChanges":	"false",
	"platPreBuiltFlag":	false,
	"platformSamplesDir":	"",
	"platActiveSys":	"template_1",
	"systems":	[{
			"systemName":	"template_1",
			"systemDesc":	"template_1",
			"sysIsBootAutoGen":	"true",
			"systemDispName":	"template_1"
		}]
}
TRACE::2026-09-21.22:25:19::SCWPlatform::Boot application domains not present, creating them
TRACE::2026-09-21.22:25:19::SCWDomain::checking for install qemu data   : 
TRACE::2026-09-21.22:25:19::SCWDomain:: Using the QEMU Data from install at  : /opt/xilinx/Vitis/2022.2/data/emulation/platforms/zynq/sw/a9_standalone/qemu/
TRACE::2026-09-21.22:25:19::SCWDomain:: Using the QEMU args  from install at  : /opt/xilinx/Vitis/2022.2/data/emulation/platforms/zynq/sw/a9_standalone/qemu/qemu_args.txt
TRACE::2026-09-21.22:25:19::SCWPlatform::Trying to open the hw design at /home/dide/project/digital-ide-0.5.x/tests/project/temp/user/sdk/template/template_1/hw/template.hdf
TRACE::2026-09-21.22:25:19::SCWPlatform::DSA given /home/dide/project/digital-ide-0.5.x/tests/project/temp/user/sdk/template/template_1/hw/template.dsa
TRACE::2026-09-21.22:25:19::SCWPlatform::DSA absoulate path /home/dide/project/digital-ide-0.5.x/tests/project/temp/user/sdk/template/template_1/hw/template.dsa
TRACE::2026-09-21.22:25:19::SCWPlatform::DSA directory /home/dide/project/digital-ide-0.5.x/tests/project/temp/user/sdk/template/template_1/hw
TRACE::2026-09-21.22:25:19::SCWPlatform:: Platform Path /home/dide/project/digital-ide-0.5.x/tests/project/temp/user/sdk/template/template_1/hw/template.dsa
TRACE::2026-09-21.22:25:19::SCWPlatform:: Unique name xilinx.com::system_wrapper:1.0
TRACE::2026-09-21.22:25:19::SCWPlatform::Trying to set the existing hwdb with name system_wrapper_0
TRACE::2026-09-21.22:25:19::SCWPlatform::Opened existing hwdb system_wrapper_0
TRACE::2026-09-21.22:25:19::SCWPlatform::Found the Hw Db part of the input DSA
TRACE::2026-09-21.22:25:19::SCWPlatform::Trying to open the hw design at /home/dide/project/digital-ide-0.5.x/tests/project/temp/user/sdk/template/template_1/hw/template.hdf
TRACE::2026-09-21.22:25:19::SCWPlatform::DSA given /home/dide/project/digital-ide-0.5.x/tests/project/temp/user/sdk/template/template_1/hw/template.dsa
TRACE::2026-09-21.22:25:19::SCWPlatform::DSA absoulate path /home/dide/project/digital-ide-0.5.x/tests/project/temp/user/sdk/template/template_1/hw/template.dsa
TRACE::2026-09-21.22:25:19::SCWPlatform::DSA directory /home/dide/project/digital-ide-0.5.x/tests/project/temp/user/sdk/template/template_1/hw
TRACE::2026-09-21.22:25:19::SCWPlatform:: Platform Path /home/dide/project/digital-ide-0.5.x/tests/project/temp/user/sdk/template/template_1/hw/template.dsa
TRACE::2026-09-21.22:25:19::SCWPlatform:: Unique name xilinx.com::system_wrapper:1.0
TRACE::2026-09-21.22:25:19::SCWPlatform::Trying to set the existing hwdb with name system_wrapper_0
TRACE::2026-09-21.22:25:19::SCWPlatform::Opened existing hwdb system_wrapper_0
TRACE::2026-09-21.22:25:19::SCWPlatform::Found the Hw Db part of the input DSA
TRACE::2026-09-21.22:25:19::SCWPlatform::Trying to open the hw design at /home/dide/project/digital-ide-0.5.x/tests/project/temp/user/sdk/template/template_1/hw/template.hdf
TRACE::2026-09-21.22:25:19::SCWPlatform::DSA given /home/dide/project/digital-ide-0.5.x/tests/project/temp/user/sdk/template/template_1/hw/template.dsa
TRACE::2026-09-21.22:25:19::SCWPlatform::DSA absoulate path /home/dide/project/digital-ide-0.5.x/tests/project/temp/user/sdk/template/template_1/hw/template.dsa
TRACE::2026-09-21.22:25:19::SCWPlatform::DSA directory /home/dide/project/digital-ide-0.5.x/tests/project/temp/user/sdk/template/template_1/hw
TRACE::2026-09-21.22:25:19::SCWPlatform:: Platform Path /home/dide/project/digital-ide-0.5.x/tests/project/temp/user/sdk/template/template_1/hw/template.dsa
TRACE::2026-09-21.22:25:19::SCWPlatform:: Unique name xilinx.com::system_wrapper:1.0
TRACE::2026-09-21.22:25:19::SCWPlatform::Trying to set the existing hwdb with name system_wrapper_0
TRACE::2026-09-21.22:25:19::SCWPlatform::Opened existing hwdb system_wrapper_0
TRACE::2026-09-21.22:25:19::SCWPlatform::Found the Hw Db part of the input DSA
TRACE::2026-09-21.22:25:19::SCWPlatform::Boot application domain added for zynq_fsbl
TRACE::2026-09-21.22:25:19::SCWPlatform::Generating the sources  .
TRACE::2026-09-21.22:25:19::SCWBDomain::Generating boot domain sources.
TRACE::2026-09-21.22:25:19::SCWBDomain:: Generating the zynq_fsbl Application.
TRACE::2026-09-21.22:25:19::SCWPlatform::Trying to open the hw design at /home/dide/project/digital-ide-0.5.x/tests/project/temp/user/sdk/template/template_1/hw/template.hdf
TRACE::2026-09-21.22:25:19::SCWPlatform::DSA given /home/dide/project/digital-ide-0.5.x/tests/project/temp/user/sdk/template/template_1/hw/template.dsa
TRACE::2026-09-21.22:25:19::SCWPlatform::DSA absoulate path /home/dide/project/digital-ide-0.5.x/tests/project/temp/user/sdk/template/template_1/hw/template.dsa
TRACE::2026-09-21.22:25:19::SCWPlatform::DSA directory /home/dide/project/digital-ide-0.5.x/tests/project/temp/user/sdk/template/template_1/hw
TRACE::2026-09-21.22:25:19::SCWPlatform:: Platform Path /home/dide/project/digital-ide-0.5.x/tests/project/temp/user/sdk/template/template_1/hw/template.dsa
TRACE::2026-09-21.22:25:19::SCWPlatform:: Unique name xilinx.com::system_wrapper:1.0
TRACE::2026-09-21.22:25:19::SCWPlatform::Trying to set the existing hwdb with name system_wrapper_0
TRACE::2026-09-21.22:25:19::SCWPlatform::Opened existing hwdb system_wrapper_0
TRACE::2026-09-21.22:25:19::SCWPlatform::Found the Hw Db part of the input DSA
TRACE::2026-09-21.22:25:19::SCWMssOS::Checking the sw design at  /home/dide/project/digital-ide-0.5.x/tests/project/temp/user/sdk/template/template_1/zynq_fsbl/zynq_fsbl_bsp/system.mss
TRACE::2026-09-21.22:25:19::SCWMssOS::DEBUG:  swdes dump  
TRACE::2026-09-21.22:25:19::SCWMssOS::No sw design opened at  /home/dide/project/digital-ide-0.5.x/tests/project/temp/user/sdk/template/template_1/zynq_fsbl/zynq_fsbl_bsp/system.mss
TRACE::2026-09-21.22:25:19::SCWMssOS::mss does not exists at /home/dide/project/digital-ide-0.5.x/tests/project/temp/user/sdk/template/template_1/zynq_fsbl/zynq_fsbl_bsp/system.mss
TRACE::2026-09-21.22:25:19::SCWMssOS::Creating sw design at  /home/dide/project/digital-ide-0.5.x/tests/project/temp/user/sdk/template/template_1/zynq_fsbl/zynq_fsbl_bsp/system.mss
TRACE::2026-09-21.22:25:19::SCWMssOS::Adding the swdes entry, created swdb /home/dide/project/digital-ide-0.5.x/tests/project/temp/user/sdk/template/template_1/zynq_fsbl/zynq_fsbl_bsp/system.mss with des name /home/dide/project/digital-ide-0.5.x/tests/project/temp/user/sdk/template/template_1/zynq_fsbl/zynq_fsbl_bsp/system.mss
TRACE::2026-09-21.22:25:19::SCWMssOS::updating the scw layer changes to swdes at   /home/dide/project/digital-ide-0.5.x/tests/project/temp/user/sdk/template/template_1/zynq_fsbl/zynq_fsbl_bsp/system.mss
TRACE::2026-09-21.22:25:19::SCWMssOS::Writing mss at /home/dide/project/digital-ide-0.5.x/tests/project/temp/user/sdk/template/template_1/zynq_fsbl/zynq_fsbl_bsp/system.mss
TRACE::2026-09-21.22:25:19::SCWMssOS::Completed writing the mss file at /home/dide/project/digital-ide-0.5.x/tests/project/temp/user/sdk/template/template_1/zynq_fsbl/zynq_fsbl_bsp
TRACE::2026-09-21.22:25:19::SCWMssOS::Picking up changes from newly written mss file into SCW Layer. 
TRACE::2026-09-21.22:25:19::SCWMssOS::Updated the changes from newly written mss file into SCW Layer. 
TRACE::2026-09-21.22:25:19::SCWBDomain::Completed writing the mss file at /home/dide/project/digital-ide-0.5.x/tests/project/temp/user/sdk/template/template_1/zynq_fsbl/zynq_fsbl_bsp
TRACE::2026-09-21.22:25:21::SCWPlatform::Generating sources Done.
TRACE::2026-09-21.22:25:21::SCWPlatform::Trying to open the hw design at /home/dide/project/digital-ide-0.5.x/tests/project/temp/user/sdk/template/template_1/hw/template.hdf
TRACE::2026-09-21.22:25:21::SCWPlatform::DSA given /home/dide/project/digital-ide-0.5.x/tests/project/temp/user/sdk/template/template_1/hw/template.dsa
TRACE::2026-09-21.22:25:21::SCWPlatform::DSA absoulate path /home/dide/project/digital-ide-0.5.x/tests/project/temp/user/sdk/template/template_1/hw/template.dsa
TRACE::2026-09-21.22:25:21::SCWPlatform::DSA directory /home/dide/project/digital-ide-0.5.x/tests/project/temp/user/sdk/template/template_1/hw
TRACE::2026-09-21.22:25:21::SCWPlatform:: Platform Path /home/dide/project/digital-ide-0.5.x/tests/project/temp/user/sdk/template/template_1/hw/template.dsa
TRACE::2026-09-21.22:25:21::SCWPlatform:: Unique name xilinx.com::system_wrapper:1.0
TRACE::2026-09-21.22:25:21::SCWPlatform::Trying to set the existing hwdb with name system_wrapper_0
TRACE::2026-09-21.22:25:21::SCWPlatform::Opened existing hwdb system_wrapper_0
TRACE::2026-09-21.22:25:21::SCWPlatform::Found the Hw Db part of the input DSA
TRACE::2026-09-21.22:25:21::SCWMssOS::Checking the sw design at  /home/dide/project/digital-ide-0.5.x/tests/project/temp/user/sdk/template/template_1/zynq_fsbl/zynq_fsbl_bsp/system.mss
TRACE::2026-09-21.22:25:21::SCWMssOS::DEBUG:  swdes dump  
TRACE::2026-09-21.22:25:21::SCWMssOS::No sw design opened at  /home/dide/project/digital-ide-0.5.x/tests/project/temp/user/sdk/template/template_1/zynq_fsbl/zynq_fsbl_bsp/system.mss
TRACE::2026-09-21.22:25:21::SCWMssOS::mss exists loading the mss file  /home/dide/project/digital-ide-0.5.x/tests/project/temp/user/sdk/template/template_1/zynq_fsbl/zynq_fsbl_bsp/system.mss
TRACE::2026-09-21.22:25:21::SCWMssOS::Opened the sw design from mss  /home/dide/project/digital-ide-0.5.x/tests/project/temp/user/sdk/template/template_1/zynq_fsbl/zynq_fsbl_bsp/system.mss
TRACE::2026-09-21.22:25:21::SCWMssOS::Adding the swdes entry /home/dide/project/digital-ide-0.5.x/tests/project/temp/user/sdk/template/template_1/zynq_fsbl/zynq_fsbl_bsp/system.mss with des name system
TRACE::2026-09-21.22:25:21::SCWMssOS::updating the scw layer about changes
TRACE::2026-09-21.22:25:21::SCWMssOS::Opened the sw design.  /home/dide/project/digital-ide-0.5.x/tests/project/temp/user/sdk/template/template_1/zynq_fsbl/zynq_fsbl_bsp/system.mss
TRACE::2026-09-21.22:25:21::SCWMssOS::Saving the mss changes /home/dide/project/digital-ide-0.5.x/tests/project/temp/user/sdk/template/template_1/zynq_fsbl/zynq_fsbl_bsp/system.mss
TRACE::2026-09-21.22:25:21::SCWMssOS::Found a swdesign opened with the mssfile.
TRACE::2026-09-21.22:25:21::SCWMssOS::Completed writemss as part of save.
TRACE::2026-09-21.22:25:21::SCWMssOS::Commit changes completed.
TRACE::2026-09-21.22:25:21::SCWPlatform::Trying to open the hw design at /home/dide/project/digital-ide-0.5.x/tests/project/temp/user/sdk/template/template_1/hw/template.hdf
TRACE::2026-09-21.22:25:21::SCWPlatform::DSA given /home/dide/project/digital-ide-0.5.x/tests/project/temp/user/sdk/template/template_1/hw/template.dsa
TRACE::2026-09-21.22:25:21::SCWPlatform::DSA absoulate path /home/dide/project/digital-ide-0.5.x/tests/project/temp/user/sdk/template/template_1/hw/template.dsa
TRACE::2026-09-21.22:25:21::SCWPlatform::DSA directory /home/dide/project/digital-ide-0.5.x/tests/project/temp/user/sdk/template/template_1/hw
TRACE::2026-09-21.22:25:21::SCWPlatform:: Platform Path /home/dide/project/digital-ide-0.5.x/tests/project/temp/user/sdk/template/template_1/hw/template.dsa
TRACE::2026-09-21.22:25:21::SCWPlatform:: Unique name xilinx.com::system_wrapper:1.0
TRACE::2026-09-21.22:25:21::SCWPlatform::Trying to set the existing hwdb with name system_wrapper_0
TRACE::2026-09-21.22:25:21::SCWPlatform::Opened existing hwdb system_wrapper_0
TRACE::2026-09-21.22:25:21::SCWPlatform::Found the Hw Db part of the input DSA
TRACE::2026-09-21.22:25:21::SCWMssOS::Checking the sw design at  /home/dide/project/digital-ide-0.5.x/tests/project/temp/user/sdk/template/template_1/zynq_fsbl/zynq_fsbl_bsp/system.mss
TRACE::2026-09-21.22:25:21::SCWMssOS::DEBUG:  swdes dump  /home/dide/project/digital-ide-0.5.x/tests/project/temp/user/sdk/template/template_1/zynq_fsbl/zynq_fsbl_bsp/system.mss|system||

TRACE::2026-09-21.22:25:21::SCWMssOS::Sw design exists and opened at  /home/dide/project/digital-ide-0.5.x/tests/project/temp/user/sdk/template/template_1/zynq_fsbl/zynq_fsbl_bsp/system.mss
TRACE::2026-09-21.22:25:21::SCWPlatform::Trying to open the hw design at /home/dide/project/digital-ide-0.5.x/tests/project/temp/user/sdk/template/template_1/hw/template.hdf
TRACE::2026-09-21.22:25:21::SCWPlatform::DSA given /home/dide/project/digital-ide-0.5.x/tests/project/temp/user/sdk/template/template_1/hw/template.dsa
TRACE::2026-09-21.22:25:21::SCWPlatform::DSA absoulate path /home/dide/project/digital-ide-0.5.x/tests/project/temp/user/sdk/template/template_1/hw/template.dsa
TRACE::2026-09-21.22:25:21::SCWPlatform::DSA directory /home/dide/project/digital-ide-0.5.x/tests/project/temp/user/sdk/template/template_1/hw
TRACE::2026-09-21.22:25:21::SCWPlatform:: Platform Path /home/dide/project/digital-ide-0.5.x/tests/project/temp/user/sdk/template/template_1/hw/template.dsa
TRACE::2026-09-21.22:25:21::SCWPlatform:: Unique name xilinx.com::system_wrapper:1.0
TRACE::2026-09-21.22:25:21::SCWPlatform::Trying to set the existing hwdb with name system_wrapper_0
TRACE::2026-09-21.22:25:21::SCWPlatform::Opened existing hwdb system_wrapper_0
TRACE::2026-09-21.22:25:21::SCWPlatform::Found the Hw Db part of the input DSA
TRACE::2026-09-21.22:25:21::SCWMssOS::Checking the sw design at  /home/dide/project/digital-ide-0.5.x/tests/project/temp/user/sdk/template/template_1/zynq_fsbl/zynq_fsbl_bsp/system.mss
TRACE::2026-09-21.22:25:21::SCWMssOS::DEBUG:  swdes dump  /home/dide/project/digital-ide-0.5.x/tests/project/temp/user/sdk/template/template_1/zynq_fsbl/zynq_fsbl_bsp/system.mss|system||

TRACE::2026-09-21.22:25:21::SCWMssOS::Sw design exists and opened at  /home/dide/project/digital-ide-0.5.x/tests/project/temp/user/sdk/template/template_1/zynq_fsbl/zynq_fsbl_bsp/system.mss
TRACE::2026-09-21.22:25:21::SCWPlatform::Trying to open the hw design at /home/dide/project/digital-ide-0.5.x/tests/project/temp/user/sdk/template/template_1/hw/template.hdf
TRACE::2026-09-21.22:25:21::SCWPlatform::DSA given /home/dide/project/digital-ide-0.5.x/tests/project/temp/user/sdk/template/template_1/hw/template.dsa
TRACE::2026-09-21.22:25:21::SCWPlatform::DSA absoulate path /home/dide/project/digital-ide-0.5.x/tests/project/temp/user/sdk/template/template_1/hw/template.dsa
TRACE::2026-09-21.22:25:21::SCWPlatform::DSA directory /home/dide/project/digital-ide-0.5.x/tests/project/temp/user/sdk/template/template_1/hw
TRACE::2026-09-21.22:25:21::SCWPlatform:: Platform Path /home/dide/project/digital-ide-0.5.x/tests/project/temp/user/sdk/template/template_1/hw/template.dsa
TRACE::2026-09-21.22:25:21::SCWPlatform:: Unique name xilinx.com::system_wrapper:1.0
TRACE::2026-09-21.22:25:21::SCWPlatform::Trying to set the existing hwdb with name system_wrapper_0
TRACE::2026-09-21.22:25:21::SCWPlatform::Opened existing hwdb system_wrapper_0
TRACE::2026-09-21.22:25:21::SCWPlatform::Found the Hw Db part of the input DSA
TRACE::2026-09-21.22:25:21::SCWMssOS::Checking the sw design at  /home/dide/project/digital-ide-0.5.x/tests/project/temp/user/sdk/template/template_1/zynq_fsbl/zynq_fsbl_bsp/system.mss
TRACE::2026-09-21.22:25:21::SCWMssOS::DEBUG:  swdes dump  /home/dide/project/digital-ide-0.5.x/tests/project/temp/user/sdk/template/template_1/zynq_fsbl/zynq_fsbl_bsp/system.mss|system||

TRACE::2026-09-21.22:25:21::SCWMssOS::Sw design exists and opened at  /home/dide/project/digital-ide-0.5.x/tests/project/temp/user/sdk/template/template_1/zynq_fsbl/zynq_fsbl_bsp/system.mss
TRACE::2026-09-21.22:25:21::SCWWriter::formatted JSON is {
	"platformName":	"template_1",
	"sprVersion":	"2.0",
	"mode":	"cmd",
	"dsaType":	"Fixed",
	"platformDesc":	"template_1",
	"platHandOff":	"/home/dide/project/digital-ide-0.5.x/tests/project/temp/user/sdk/data/template.hdf",
	"platIntHandOff":	"<platformDir>/hw/template.dsa",
	"deviceType":	"zynq",
	"platIsPrebuiltAutogen":	"false",
	"platIsNoBootBsp":	"false",
	"platFsblTarget":	"ps7_cortexa9_0",
	"hasFsblMakeHasChanges":	"false",
	"hasPmufwMakeHasChanges":	"false",
	"fsblExtraCompilerFlags":	"-MMD -MP       -mcpu=cortex-a9 -mfpu=vfpv3 -mfloat-abi=hard ",
	"platPreBuiltFlag":	false,
	"platformSamplesDir":	"",
	"platActiveSys":	"template_1",
	"systems":	[{
			"systemName":	"template_1",
			"systemDesc":	"template_1",
			"sysIsBootAutoGen":	"true",
			"systemDispName":	"template_1",
			"sysActiveDom":	"zynq_fsbl",
			"sysDefaultDom":	"",
			"domains":	[{
					"domainName":	"zynq_fsbl",
					"domainDispName":	"zynq_fsbl",
					"domainDesc":	"FSBL Application BSP - Auto Generated.",
					"processors":	"ps7_cortexa9_0",
					"os":	"standalone",
					"sdxOs":	"standalone",
					"debugEnable":	"",
					"domRuntimes":	["cpp"],
					"swRepo":	"",
					"mssOsVer":	"8.0",
					"mssFile":	"",
					"md5Digest":	"264b62a69d3539b851582d33f89bd97c",
					"compatibleApp":	"zynq_fsbl",
					"domType":	"bootDomain",
					"arch":	"32-bit",
					"appSettings":	{
						"appCompilerFlags":	"",
						"appLinkerFlags":	""
					},
					"addedLibs":	["xilffs:4.8", "xilrsa:1.6"],
					"libOptions":	{
						"libsContainingOptions":	[]
					},
					"prebuiltLibs":	{
						"prebuiltIncPath":	[],
						"prebuiltLibPath":	[]
					},
					"isolation":	{
					}
				}]
		}]
}
TRACE::2026-09-21.22:25:21::SCWMssOS::Saving the mss changes /home/dide/project/digital-ide-0.5.x/tests/project/temp/user/sdk/template/template_1/zynq_fsbl/zynq_fsbl_bsp/system.mss
TRACE::2026-09-21.22:25:21::SCWMssOS::Found a swdesign opened with the mssfile.
TRACE::2026-09-21.22:25:21::SCWMssOS::Completed writemss as part of save.
TRACE::2026-09-21.22:25:21::SCWMssOS::Commit changes completed.
TRACE::2026-09-21.22:25:21::SCWPlatform::Trying to open the hw design at /home/dide/project/digital-ide-0.5.x/tests/project/temp/user/sdk/template/template_1/hw/template.hdf
TRACE::2026-09-21.22:25:21::SCWPlatform::DSA given /home/dide/project/digital-ide-0.5.x/tests/project/temp/user/sdk/template/template_1/hw/template.dsa
TRACE::2026-09-21.22:25:21::SCWPlatform::DSA absoulate path /home/dide/project/digital-ide-0.5.x/tests/project/temp/user/sdk/template/template_1/hw/template.dsa
TRACE::2026-09-21.22:25:21::SCWPlatform::DSA directory /home/dide/project/digital-ide-0.5.x/tests/project/temp/user/sdk/template/template_1/hw
TRACE::2026-09-21.22:25:21::SCWPlatform:: Platform Path /home/dide/project/digital-ide-0.5.x/tests/project/temp/user/sdk/template/template_1/hw/template.dsa
TRACE::2026-09-21.22:25:21::SCWPlatform:: Unique name xilinx.com::system_wrapper:1.0
TRACE::2026-09-21.22:25:21::SCWPlatform::Trying to set the existing hwdb with name system_wrapper_0
TRACE::2026-09-21.22:25:21::SCWPlatform::Opened existing hwdb system_wrapper_0
TRACE::2026-09-21.22:25:21::SCWPlatform::Found the Hw Db part of the input DSA
TRACE::2026-09-21.22:25:21::SCWMssOS::Checking the sw design at  /home/dide/project/digital-ide-0.5.x/tests/project/temp/user/sdk/template/template_1/zynq_fsbl/zynq_fsbl_bsp/system.mss
TRACE::2026-09-21.22:25:21::SCWMssOS::DEBUG:  swdes dump  /home/dide/project/digital-ide-0.5.x/tests/project/temp/user/sdk/template/template_1/zynq_fsbl/zynq_fsbl_bsp/system.mss|system||

TRACE::2026-09-21.22:25:21::SCWMssOS::Sw design exists and opened at  /home/dide/project/digital-ide-0.5.x/tests/project/temp/user/sdk/template/template_1/zynq_fsbl/zynq_fsbl_bsp/system.mss
TRACE::2026-09-21.22:25:21::SCWPlatform::Trying to open the hw design at /home/dide/project/digital-ide-0.5.x/tests/project/temp/user/sdk/template/template_1/hw/template.hdf
TRACE::2026-09-21.22:25:21::SCWPlatform::DSA given /home/dide/project/digital-ide-0.5.x/tests/project/temp/user/sdk/template/template_1/hw/template.dsa
TRACE::2026-09-21.22:25:21::SCWPlatform::DSA absoulate path /home/dide/project/digital-ide-0.5.x/tests/project/temp/user/sdk/template/template_1/hw/template.dsa
TRACE::2026-09-21.22:25:21::SCWPlatform::DSA directory /home/dide/project/digital-ide-0.5.x/tests/project/temp/user/sdk/template/template_1/hw
TRACE::2026-09-21.22:25:21::SCWPlatform:: Platform Path /home/dide/project/digital-ide-0.5.x/tests/project/temp/user/sdk/template/template_1/hw/template.dsa
TRACE::2026-09-21.22:25:21::SCWPlatform:: Unique name xilinx.com::system_wrapper:1.0
TRACE::2026-09-21.22:25:21::SCWPlatform::Trying to set the existing hwdb with name system_wrapper_0
TRACE::2026-09-21.22:25:21::SCWPlatform::Opened existing hwdb system_wrapper_0
TRACE::2026-09-21.22:25:21::SCWPlatform::Found the Hw Db part of the input DSA
TRACE::2026-09-21.22:25:21::SCWMssOS::Checking the sw design at  /home/dide/project/digital-ide-0.5.x/tests/project/temp/user/sdk/template/template_1/zynq_fsbl/zynq_fsbl_bsp/system.mss
TRACE::2026-09-21.22:25:21::SCWMssOS::DEBUG:  swdes dump  /home/dide/project/digital-ide-0.5.x/tests/project/temp/user/sdk/template/template_1/zynq_fsbl/zynq_fsbl_bsp/system.mss|system||

TRACE::2026-09-21.22:25:21::SCWMssOS::Sw design exists and opened at  /home/dide/project/digital-ide-0.5.x/tests/project/temp/user/sdk/template/template_1/zynq_fsbl/zynq_fsbl_bsp/system.mss
TRACE::2026-09-21.22:25:21::SCWPlatform::Trying to open the hw design at /home/dide/project/digital-ide-0.5.x/tests/project/temp/user/sdk/template/template_1/hw/template.hdf
TRACE::2026-09-21.22:25:21::SCWPlatform::DSA given /home/dide/project/digital-ide-0.5.x/tests/project/temp/user/sdk/template/template_1/hw/template.dsa
TRACE::2026-09-21.22:25:21::SCWPlatform::DSA absoulate path /home/dide/project/digital-ide-0.5.x/tests/project/temp/user/sdk/template/template_1/hw/template.dsa
TRACE::2026-09-21.22:25:21::SCWPlatform::DSA directory /home/dide/project/digital-ide-0.5.x/tests/project/temp/user/sdk/template/template_1/hw
TRACE::2026-09-21.22:25:21::SCWPlatform:: Platform Path /home/dide/project/digital-ide-0.5.x/tests/project/temp/user/sdk/template/template_1/hw/template.dsa
TRACE::2026-09-21.22:25:21::SCWPlatform:: Unique name xilinx.com::system_wrapper:1.0
TRACE::2026-09-21.22:25:21::SCWPlatform::Trying to set the existing hwdb with name system_wrapper_0
TRACE::2026-09-21.22:25:21::SCWPlatform::Opened existing hwdb system_wrapper_0
TRACE::2026-09-21.22:25:21::SCWPlatform::Found the Hw Db part of the input DSA
TRACE::2026-09-21.22:25:21::SCWMssOS::Checking the sw design at  /home/dide/project/digital-ide-0.5.x/tests/project/temp/user/sdk/template/template_1/zynq_fsbl/zynq_fsbl_bsp/system.mss
TRACE::2026-09-21.22:25:21::SCWMssOS::DEBUG:  swdes dump  /home/dide/project/digital-ide-0.5.x/tests/project/temp/user/sdk/template/template_1/zynq_fsbl/zynq_fsbl_bsp/system.mss|system||

TRACE::2026-09-21.22:25:21::SCWMssOS::Sw design exists and opened at  /home/dide/project/digital-ide-0.5.x/tests/project/temp/user/sdk/template/template_1/zynq_fsbl/zynq_fsbl_bsp/system.mss
TRACE::2026-09-21.22:25:21::SCWWriter::formatted JSON is {
	"platformName":	"template_1",
	"sprVersion":	"2.0",
	"mode":	"cmd",
	"dsaType":	"Fixed",
	"platformDesc":	"template_1",
	"platHandOff":	"/home/dide/project/digital-ide-0.5.x/tests/project/temp/user/sdk/data/template.hdf",
	"platIntHandOff":	"<platformDir>/hw/template.dsa",
	"deviceType":	"zynq",
	"platIsPrebuiltAutogen":	"false",
	"platIsNoBootBsp":	"false",
	"platFsblTarget":	"ps7_cortexa9_0",
	"hasFsblMakeHasChanges":	"false",
	"hasPmufwMakeHasChanges":	"false",
	"fsblExtraCompilerFlags":	"-MMD -MP       -mcpu=cortex-a9 -mfpu=vfpv3 -mfloat-abi=hard ",
	"platPreBuiltFlag":	false,
	"platformSamplesDir":	"",
	"platActiveSys":	"template_1",
	"systems":	[{
			"systemName":	"template_1",
			"systemDesc":	"template_1",
			"sysIsBootAutoGen":	"true",
			"systemDispName":	"template_1",
			"sysActiveDom":	"zynq_fsbl",
			"sysDefaultDom":	"",
			"domains":	[{
					"domainName":	"zynq_fsbl",
					"domainDispName":	"zynq_fsbl",
					"domainDesc":	"FSBL Application BSP - Auto Generated.",
					"processors":	"ps7_cortexa9_0",
					"os":	"standalone",
					"sdxOs":	"standalone",
					"debugEnable":	"",
					"domRuntimes":	["cpp"],
					"swRepo":	"",
					"mssOsVer":	"8.0",
					"mssFile":	"",
					"md5Digest":	"264b62a69d3539b851582d33f89bd97c",
					"compatibleApp":	"zynq_fsbl",
					"domType":	"bootDomain",
					"arch":	"32-bit",
					"appSettings":	{
						"appCompilerFlags":	"",
						"appLinkerFlags":	""
					},
					"addedLibs":	["xilffs:4.8", "xilrsa:1.6"],
					"libOptions":	{
						"libsContainingOptions":	[]
					},
					"prebuiltLibs":	{
						"prebuiltIncPath":	[],
						"prebuiltLibPath":	[]
					},
					"isolation":	{
					}
				}]
		}]
}
TRACE::2026-09-21.22:25:21::SCWPlatform::Trying to open the hw design at /home/dide/project/digital-ide-0.5.x/tests/project/temp/user/sdk/template/template_1/hw/template.hdf
TRACE::2026-09-21.22:25:21::SCWPlatform::DSA given /home/dide/project/digital-ide-0.5.x/tests/project/temp/user/sdk/template/template_1/hw/template.dsa
TRACE::2026-09-21.22:25:21::SCWPlatform::DSA absoulate path /home/dide/project/digital-ide-0.5.x/tests/project/temp/user/sdk/template/template_1/hw/template.dsa
TRACE::2026-09-21.22:25:21::SCWPlatform::DSA directory /home/dide/project/digital-ide-0.5.x/tests/project/temp/user/sdk/template/template_1/hw
TRACE::2026-09-21.22:25:21::SCWPlatform:: Platform Path /home/dide/project/digital-ide-0.5.x/tests/project/temp/user/sdk/template/template_1/hw/template.dsa
TRACE::2026-09-21.22:25:21::SCWPlatform:: Unique name xilinx.com::system_wrapper:1.0
TRACE::2026-09-21.22:25:21::SCWPlatform::Trying to set the existing hwdb with name system_wrapper_0
TRACE::2026-09-21.22:25:21::SCWPlatform::Opened existing hwdb system_wrapper_0
TRACE::2026-09-21.22:25:21::SCWPlatform::Found the Hw Db part of the input DSA
TRACE::2026-09-21.22:25:21::SCWDomain::checking for install qemu data   : 
TRACE::2026-09-21.22:25:21::SCWDomain:: Using the QEMU Data from install at  : /opt/xilinx/Vitis/2022.2/data/emulation/platforms/zynq/sw/a9_standalone/qemu/
TRACE::2026-09-21.22:25:21::SCWDomain:: Using the QEMU args  from install at  : /opt/xilinx/Vitis/2022.2/data/emulation/platforms/zynq/sw/a9_standalone/qemu/qemu_args.txt
TRACE::2026-09-21.22:25:21::SCWPlatform::Trying to open the hw design at /home/dide/project/digital-ide-0.5.x/tests/project/temp/user/sdk/template/template_1/hw/template.hdf
TRACE::2026-09-21.22:25:21::SCWPlatform::DSA given /home/dide/project/digital-ide-0.5.x/tests/project/temp/user/sdk/template/template_1/hw/template.dsa
TRACE::2026-09-21.22:25:21::SCWPlatform::DSA absoulate path /home/dide/project/digital-ide-0.5.x/tests/project/temp/user/sdk/template/template_1/hw/template.dsa
TRACE::2026-09-21.22:25:21::SCWPlatform::DSA directory /home/dide/project/digital-ide-0.5.x/tests/project/temp/user/sdk/template/template_1/hw
TRACE::2026-09-21.22:25:21::SCWPlatform:: Platform Path /home/dide/project/digital-ide-0.5.x/tests/project/temp/user/sdk/template/template_1/hw/template.dsa
TRACE::2026-09-21.22:25:21::SCWPlatform:: Unique name xilinx.com::system_wrapper:1.0
TRACE::2026-09-21.22:25:21::SCWPlatform::Trying to set the existing hwdb with name system_wrapper_0
TRACE::2026-09-21.22:25:21::SCWPlatform::Opened existing hwdb system_wrapper_0
TRACE::2026-09-21.22:25:21::SCWPlatform::Found the Hw Db part of the input DSA
TRACE::2026-09-21.22:25:21::SCWPlatform::Trying to open the hw design at /home/dide/project/digital-ide-0.5.x/tests/project/temp/user/sdk/template/template_1/hw/template.hdf
TRACE::2026-09-21.22:25:21::SCWPlatform::DSA given /home/dide/project/digital-ide-0.5.x/tests/project/temp/user/sdk/template/template_1/hw/template.dsa
TRACE::2026-09-21.22:25:21::SCWPlatform::DSA absoulate path /home/dide/project/digital-ide-0.5.x/tests/project/temp/user/sdk/template/template_1/hw/template.dsa
TRACE::2026-09-21.22:25:21::SCWPlatform::DSA directory /home/dide/project/digital-ide-0.5.x/tests/project/temp/user/sdk/template/template_1/hw
TRACE::2026-09-21.22:25:21::SCWPlatform:: Platform Path /home/dide/project/digital-ide-0.5.x/tests/project/temp/user/sdk/template/template_1/hw/template.dsa
TRACE::2026-09-21.22:25:21::SCWPlatform:: Unique name xilinx.com::system_wrapper:1.0
TRACE::2026-09-21.22:25:21::SCWPlatform::Trying to set the existing hwdb with name system_wrapper_0
TRACE::2026-09-21.22:25:21::SCWPlatform::Opened existing hwdb system_wrapper_0
TRACE::2026-09-21.22:25:21::SCWPlatform::Found the Hw Db part of the input DSA
TRACE::2026-09-21.22:25:21::SCWDomain::Qemu Directory name is changed from "" to "qemu"
TRACE::2026-09-21.22:25:21::SCWPlatform::Trying to open the hw design at /home/dide/project/digital-ide-0.5.x/tests/project/temp/user/sdk/template/template_1/hw/template.hdf
TRACE::2026-09-21.22:25:21::SCWPlatform::DSA given /home/dide/project/digital-ide-0.5.x/tests/project/temp/user/sdk/template/template_1/hw/template.dsa
TRACE::2026-09-21.22:25:21::SCWPlatform::DSA absoulate path /home/dide/project/digital-ide-0.5.x/tests/project/temp/user/sdk/template/template_1/hw/template.dsa
TRACE::2026-09-21.22:25:21::SCWPlatform::DSA directory /home/dide/project/digital-ide-0.5.x/tests/project/temp/user/sdk/template/template_1/hw
TRACE::2026-09-21.22:25:21::SCWPlatform:: Platform Path /home/dide/project/digital-ide-0.5.x/tests/project/temp/user/sdk/template/template_1/hw/template.dsa
TRACE::2026-09-21.22:25:21::SCWPlatform:: Unique name xilinx.com::system_wrapper:1.0
TRACE::2026-09-21.22:25:21::SCWPlatform::Trying to set the existing hwdb with name system_wrapper_0
TRACE::2026-09-21.22:25:21::SCWPlatform::Opened existing hwdb system_wrapper_0
TRACE::2026-09-21.22:25:21::SCWPlatform::Found the Hw Db part of the input DSA
TRACE::2026-09-21.22:25:21::SCWMssOS::Checking the sw design at  /home/dide/project/digital-ide-0.5.x/tests/project/temp/user/sdk/template/template_1/ps7_cortexa9_0/standalone_domain/bsp/system.mss
TRACE::2026-09-21.22:25:21::SCWMssOS::DEBUG:  swdes dump  /home/dide/project/digital-ide-0.5.x/tests/project/temp/user/sdk/template/template_1/zynq_fsbl/zynq_fsbl_bsp/system.mss|system||

TRACE::2026-09-21.22:25:21::SCWMssOS::No sw design opened at  /home/dide/project/digital-ide-0.5.x/tests/project/temp/user/sdk/template/template_1/ps7_cortexa9_0/standalone_domain/bsp/system.mss
TRACE::2026-09-21.22:25:21::SCWMssOS::mss does not exists at /home/dide/project/digital-ide-0.5.x/tests/project/temp/user/sdk/template/template_1/ps7_cortexa9_0/standalone_domain/bsp/system.mss
TRACE::2026-09-21.22:25:21::SCWMssOS::Creating sw design at  /home/dide/project/digital-ide-0.5.x/tests/project/temp/user/sdk/template/template_1/ps7_cortexa9_0/standalone_domain/bsp/system.mss
TRACE::2026-09-21.22:25:21::SCWMssOS::Adding the swdes entry, created swdb /home/dide/project/digital-ide-0.5.x/tests/project/temp/user/sdk/template/template_1/ps7_cortexa9_0/standalone_domain/bsp/system.mss with des name /home/dide/project/digital-ide-0.5.x/tests/project/temp/user/sdk/template/template_1/ps7_cortexa9_0/standalone_domain/bsp/system.mss
TRACE::2026-09-21.22:25:21::SCWMssOS::updating the scw layer changes to swdes at   /home/dide/project/digital-ide-0.5.x/tests/project/temp/user/sdk/template/template_1/ps7_cortexa9_0/standalone_domain/bsp/system.mss
TRACE::2026-09-21.22:25:21::SCWMssOS::Writing mss at /home/dide/project/digital-ide-0.5.x/tests/project/temp/user/sdk/template/template_1/ps7_cortexa9_0/standalone_domain/bsp/system.mss
TRACE::2026-09-21.22:25:21::SCWMssOS::Completed writing the mss file at /home/dide/project/digital-ide-0.5.x/tests/project/temp/user/sdk/template/template_1/ps7_cortexa9_0/standalone_domain/bsp
TRACE::2026-09-21.22:25:21::SCWMssOS::Picking up changes from newly written mss file into SCW Layer. 
TRACE::2026-09-21.22:25:21::SCWMssOS::Updated the changes from newly written mss file into SCW Layer. 
TRACE::2026-09-21.22:25:21::SCWMssOS::Completed writing the mss file at /home/dide/project/digital-ide-0.5.x/tests/project/temp/user/sdk/template/template_1/ps7_cortexa9_0/standalone_domain/bsp
TRACE::2026-09-21.22:25:21::SCWMssOS::Forcing BSP Sources regeneration.
TRACE::2026-09-21.22:25:21::SCWMssOS::Saving the mss changes /home/dide/project/digital-ide-0.5.x/tests/project/temp/user/sdk/template/template_1/zynq_fsbl/zynq_fsbl_bsp/system.mss
TRACE::2026-09-21.22:25:21::SCWMssOS::Found a swdesign opened with the mssfile.
TRACE::2026-09-21.22:25:21::SCWMssOS::Completed writemss as part of save.
TRACE::2026-09-21.22:25:21::SCWMssOS::Commit changes completed.
TRACE::2026-09-21.22:25:21::SCWMssOS::Saving the mss changes /home/dide/project/digital-ide-0.5.x/tests/project/temp/user/sdk/template/template_1/ps7_cortexa9_0/standalone_domain/bsp/system.mss
TRACE::2026-09-21.22:25:21::SCWMssOS::Adding the swdes entry, mss present, able to open swdb /home/dide/project/digital-ide-0.5.x/tests/project/temp/user/sdk/template/template_1/ps7_cortexa9_0/standalone_domain/bsp/system.mss with des name system_0
TRACE::2026-09-21.22:25:21::SCWMssOS::Writing the mss file completed /home/dide/project/digital-ide-0.5.x/tests/project/temp/user/sdk/template/template_1/ps7_cortexa9_0/standalone_domain/bsp/system.mss
TRACE::2026-09-21.22:25:21::SCWMssOS::Commit changes completed.
TRACE::2026-09-21.22:25:21::SCWPlatform::Trying to open the hw design at /home/dide/project/digital-ide-0.5.x/tests/project/temp/user/sdk/template/template_1/hw/template.hdf
TRACE::2026-09-21.22:25:21::SCWPlatform::DSA given /home/dide/project/digital-ide-0.5.x/tests/project/temp/user/sdk/template/template_1/hw/template.dsa
TRACE::2026-09-21.22:25:21::SCWPlatform::DSA absoulate path /home/dide/project/digital-ide-0.5.x/tests/project/temp/user/sdk/template/template_1/hw/template.dsa
TRACE::2026-09-21.22:25:21::SCWPlatform::DSA directory /home/dide/project/digital-ide-0.5.x/tests/project/temp/user/sdk/template/template_1/hw
TRACE::2026-09-21.22:25:21::SCWPlatform:: Platform Path /home/dide/project/digital-ide-0.5.x/tests/project/temp/user/sdk/template/template_1/hw/template.dsa
TRACE::2026-09-21.22:25:21::SCWPlatform:: Unique name xilinx.com::system_wrapper:1.0
TRACE::2026-09-21.22:25:21::SCWPlatform::Trying to set the existing hwdb with name system_wrapper_0
TRACE::2026-09-21.22:25:21::SCWPlatform::Opened existing hwdb system_wrapper_0
TRACE::2026-09-21.22:25:21::SCWPlatform::Found the Hw Db part of the input DSA
TRACE::2026-09-21.22:25:21::SCWMssOS::Checking the sw design at  /home/dide/project/digital-ide-0.5.x/tests/project/temp/user/sdk/template/template_1/zynq_fsbl/zynq_fsbl_bsp/system.mss
TRACE::2026-09-21.22:25:21::SCWMssOS::DEBUG:  swdes dump  /home/dide/project/digital-ide-0.5.x/tests/project/temp/user/sdk/template/template_1/ps7_cortexa9_0/standalone_domain/bsp/system.mss|system_0||
/home/dide/project/digital-ide-0.5.x/tests/project/temp/user/sdk/template/template_1/zynq_fsbl/zynq_fsbl_bsp/system.mss|system||

TRACE::2026-09-21.22:25:21::SCWMssOS::Sw design exists and opened at  /home/dide/project/digital-ide-0.5.x/tests/project/temp/user/sdk/template/template_1/zynq_fsbl/zynq_fsbl_bsp/system.mss
TRACE::2026-09-21.22:25:21::SCWPlatform::Trying to open the hw design at /home/dide/project/digital-ide-0.5.x/tests/project/temp/user/sdk/template/template_1/hw/template.hdf
TRACE::2026-09-21.22:25:21::SCWPlatform::DSA given /home/dide/project/digital-ide-0.5.x/tests/project/temp/user/sdk/template/template_1/hw/template.dsa
TRACE::2026-09-21.22:25:21::SCWPlatform::DSA absoulate path /home/dide/project/digital-ide-0.5.x/tests/project/temp/user/sdk/template/template_1/hw/template.dsa
TRACE::2026-09-21.22:25:21::SCWPlatform::DSA directory /home/dide/project/digital-ide-0.5.x/tests/project/temp/user/sdk/template/template_1/hw
TRACE::2026-09-21.22:25:21::SCWPlatform:: Platform Path /home/dide/project/digital-ide-0.5.x/tests/project/temp/user/sdk/template/template_1/hw/template.dsa
TRACE::2026-09-21.22:25:21::SCWPlatform:: Unique name xilinx.com::system_wrapper:1.0
TRACE::2026-09-21.22:25:21::SCWPlatform::Trying to set the existing hwdb with name system_wrapper_0
TRACE::2026-09-21.22:25:21::SCWPlatform::Opened existing hwdb system_wrapper_0
TRACE::2026-09-21.22:25:21::SCWPlatform::Found the Hw Db part of the input DSA
TRACE::2026-09-21.22:25:21::SCWMssOS::Checking the sw design at  /home/dide/project/digital-ide-0.5.x/tests/project/temp/user/sdk/template/template_1/zynq_fsbl/zynq_fsbl_bsp/system.mss
TRACE::2026-09-21.22:25:21::SCWMssOS::DEBUG:  swdes dump  /home/dide/project/digital-ide-0.5.x/tests/project/temp/user/sdk/template/template_1/ps7_cortexa9_0/standalone_domain/bsp/system.mss|system_0||
/home/dide/project/digital-ide-0.5.x/tests/project/temp/user/sdk/template/template_1/zynq_fsbl/zynq_fsbl_bsp/system.mss|system||

TRACE::2026-09-21.22:25:21::SCWMssOS::Sw design exists and opened at  /home/dide/project/digital-ide-0.5.x/tests/project/temp/user/sdk/template/template_1/zynq_fsbl/zynq_fsbl_bsp/system.mss
TRACE::2026-09-21.22:25:21::SCWPlatform::Trying to open the hw design at /home/dide/project/digital-ide-0.5.x/tests/project/temp/user/sdk/template/template_1/hw/template.hdf
TRACE::2026-09-21.22:25:21::SCWPlatform::DSA given /home/dide/project/digital-ide-0.5.x/tests/project/temp/user/sdk/template/template_1/hw/template.dsa
TRACE::2026-09-21.22:25:21::SCWPlatform::DSA absoulate path /home/dide/project/digital-ide-0.5.x/tests/project/temp/user/sdk/template/template_1/hw/template.dsa
TRACE::2026-09-21.22:25:21::SCWPlatform::DSA directory /home/dide/project/digital-ide-0.5.x/tests/project/temp/user/sdk/template/template_1/hw
TRACE::2026-09-21.22:25:21::SCWPlatform:: Platform Path /home/dide/project/digital-ide-0.5.x/tests/project/temp/user/sdk/template/template_1/hw/template.dsa
TRACE::2026-09-21.22:25:21::SCWPlatform:: Unique name xilinx.com::system_wrapper:1.0
TRACE::2026-09-21.22:25:21::SCWPlatform::Trying to set the existing hwdb with name system_wrapper_0
TRACE::2026-09-21.22:25:21::SCWPlatform::Opened existing hwdb system_wrapper_0
TRACE::2026-09-21.22:25:21::SCWPlatform::Found the Hw Db part of the input DSA
TRACE::2026-09-21.22:25:21::SCWMssOS::Checking the sw design at  /home/dide/project/digital-ide-0.5.x/tests/project/temp/user/sdk/template/template_1/zynq_fsbl/zynq_fsbl_bsp/system.mss
TRACE::2026-09-21.22:25:21::SCWMssOS::DEBUG:  swdes dump  /home/dide/project/digital-ide-0.5.x/tests/project/temp/user/sdk/template/template_1/ps7_cortexa9_0/standalone_domain/bsp/system.mss|system_0||
/home/dide/project/digital-ide-0.5.x/tests/project/temp/user/sdk/template/template_1/zynq_fsbl/zynq_fsbl_bsp/system.mss|system||

TRACE::2026-09-21.22:25:21::SCWMssOS::Sw design exists and opened at  /home/dide/project/digital-ide-0.5.x/tests/project/temp/user/sdk/template/template_1/zynq_fsbl/zynq_fsbl_bsp/system.mss
TRACE::2026-09-21.22:25:21::SCWPlatform::Trying to open the hw design at /home/dide/project/digital-ide-0.5.x/tests/project/temp/user/sdk/template/template_1/hw/template.hdf
TRACE::2026-09-21.22:25:21::SCWPlatform::DSA given /home/dide/project/digital-ide-0.5.x/tests/project/temp/user/sdk/template/template_1/hw/template.dsa
TRACE::2026-09-21.22:25:21::SCWPlatform::DSA absoulate path /home/dide/project/digital-ide-0.5.x/tests/project/temp/user/sdk/template/template_1/hw/template.dsa
TRACE::2026-09-21.22:25:21::SCWPlatform::DSA directory /home/dide/project/digital-ide-0.5.x/tests/project/temp/user/sdk/template/template_1/hw
TRACE::2026-09-21.22:25:21::SCWPlatform:: Platform Path /home/dide/project/digital-ide-0.5.x/tests/project/temp/user/sdk/template/template_1/hw/template.dsa
TRACE::2026-09-21.22:25:21::SCWPlatform:: Unique name xilinx.com::system_wrapper:1.0
TRACE::2026-09-21.22:25:21::SCWPlatform::Trying to set the existing hwdb with name system_wrapper_0
TRACE::2026-09-21.22:25:21::SCWPlatform::Opened existing hwdb system_wrapper_0
TRACE::2026-09-21.22:25:21::SCWPlatform::Found the Hw Db part of the input DSA
TRACE::2026-09-21.22:25:21::SCWMssOS::Checking the sw design at  /home/dide/project/digital-ide-0.5.x/tests/project/temp/user/sdk/template/template_1/ps7_cortexa9_0/standalone_domain/bsp/system.mss
TRACE::2026-09-21.22:25:21::SCWMssOS::DEBUG:  swdes dump  /home/dide/project/digital-ide-0.5.x/tests/project/temp/user/sdk/template/template_1/ps7_cortexa9_0/standalone_domain/bsp/system.mss|system_0||
/home/dide/project/digital-ide-0.5.x/tests/project/temp/user/sdk/template/template_1/zynq_fsbl/zynq_fsbl_bsp/system.mss|system||

TRACE::2026-09-21.22:25:21::SCWMssOS::Sw design exists and opened at  /home/dide/project/digital-ide-0.5.x/tests/project/temp/user/sdk/template/template_1/ps7_cortexa9_0/standalone_domain/bsp/system.mss
TRACE::2026-09-21.22:25:21::SCWPlatform::Trying to open the hw design at /home/dide/project/digital-ide-0.5.x/tests/project/temp/user/sdk/template/template_1/hw/template.hdf
TRACE::2026-09-21.22:25:21::SCWPlatform::DSA given /home/dide/project/digital-ide-0.5.x/tests/project/temp/user/sdk/template/template_1/hw/template.dsa
TRACE::2026-09-21.22:25:21::SCWPlatform::DSA absoulate path /home/dide/project/digital-ide-0.5.x/tests/project/temp/user/sdk/template/template_1/hw/template.dsa
TRACE::2026-09-21.22:25:21::SCWPlatform::DSA directory /home/dide/project/digital-ide-0.5.x/tests/project/temp/user/sdk/template/template_1/hw
TRACE::2026-09-21.22:25:21::SCWPlatform:: Platform Path /home/dide/project/digital-ide-0.5.x/tests/project/temp/user/sdk/template/template_1/hw/template.dsa
TRACE::2026-09-21.22:25:21::SCWPlatform:: Unique name xilinx.com::system_wrapper:1.0
TRACE::2026-09-21.22:25:21::SCWPlatform::Trying to set the existing hwdb with name system_wrapper_0
TRACE::2026-09-21.22:25:21::SCWPlatform::Opened existing hwdb system_wrapper_0
TRACE::2026-09-21.22:25:21::SCWPlatform::Found the Hw Db part of the input DSA
TRACE::2026-09-21.22:25:21::SCWMssOS::Checking the sw design at  /home/dide/project/digital-ide-0.5.x/tests/project/temp/user/sdk/template/template_1/ps7_cortexa9_0/standalone_domain/bsp/system.mss
TRACE::2026-09-21.22:25:21::SCWMssOS::DEBUG:  swdes dump  /home/dide/project/digital-ide-0.5.x/tests/project/temp/user/sdk/template/template_1/ps7_cortexa9_0/standalone_domain/bsp/system.mss|system_0||
/home/dide/project/digital-ide-0.5.x/tests/project/temp/user/sdk/template/template_1/zynq_fsbl/zynq_fsbl_bsp/system.mss|system||

TRACE::2026-09-21.22:25:21::SCWMssOS::Sw design exists and opened at  /home/dide/project/digital-ide-0.5.x/tests/project/temp/user/sdk/template/template_1/ps7_cortexa9_0/standalone_domain/bsp/system.mss
TRACE::2026-09-21.22:25:21::SCWPlatform::Trying to open the hw design at /home/dide/project/digital-ide-0.5.x/tests/project/temp/user/sdk/template/template_1/hw/template.hdf
TRACE::2026-09-21.22:25:21::SCWPlatform::DSA given /home/dide/project/digital-ide-0.5.x/tests/project/temp/user/sdk/template/template_1/hw/template.dsa
TRACE::2026-09-21.22:25:21::SCWPlatform::DSA absoulate path /home/dide/project/digital-ide-0.5.x/tests/project/temp/user/sdk/template/template_1/hw/template.dsa
TRACE::2026-09-21.22:25:21::SCWPlatform::DSA directory /home/dide/project/digital-ide-0.5.x/tests/project/temp/user/sdk/template/template_1/hw
TRACE::2026-09-21.22:25:21::SCWPlatform:: Platform Path /home/dide/project/digital-ide-0.5.x/tests/project/temp/user/sdk/template/template_1/hw/template.dsa
TRACE::2026-09-21.22:25:21::SCWPlatform:: Unique name xilinx.com::system_wrapper:1.0
TRACE::2026-09-21.22:25:21::SCWPlatform::Trying to set the existing hwdb with name system_wrapper_0
TRACE::2026-09-21.22:25:21::SCWPlatform::Opened existing hwdb system_wrapper_0
TRACE::2026-09-21.22:25:21::SCWPlatform::Found the Hw Db part of the input DSA
TRACE::2026-09-21.22:25:21::SCWMssOS::Checking the sw design at  /home/dide/project/digital-ide-0.5.x/tests/project/temp/user/sdk/template/template_1/ps7_cortexa9_0/standalone_domain/bsp/system.mss
TRACE::2026-09-21.22:25:21::SCWMssOS::DEBUG:  swdes dump  /home/dide/project/digital-ide-0.5.x/tests/project/temp/user/sdk/template/template_1/ps7_cortexa9_0/standalone_domain/bsp/system.mss|system_0||
/home/dide/project/digital-ide-0.5.x/tests/project/temp/user/sdk/template/template_1/zynq_fsbl/zynq_fsbl_bsp/system.mss|system||

TRACE::2026-09-21.22:25:21::SCWMssOS::Sw design exists and opened at  /home/dide/project/digital-ide-0.5.x/tests/project/temp/user/sdk/template/template_1/ps7_cortexa9_0/standalone_domain/bsp/system.mss
TRACE::2026-09-21.22:25:21::SCWWriter::formatted JSON is {
	"platformName":	"template_1",
	"sprVersion":	"2.0",
	"mode":	"cmd",
	"dsaType":	"Fixed",
	"platformDesc":	"template_1",
	"platHandOff":	"/home/dide/project/digital-ide-0.5.x/tests/project/temp/user/sdk/data/template.hdf",
	"platIntHandOff":	"<platformDir>/hw/template.dsa",
	"deviceType":	"zynq",
	"platIsPrebuiltAutogen":	"false",
	"platIsNoBootBsp":	"false",
	"platFsblTarget":	"ps7_cortexa9_0",
	"hasFsblMakeHasChanges":	"false",
	"hasPmufwMakeHasChanges":	"false",
	"fsblExtraCompilerFlags":	"-MMD -MP       -mcpu=cortex-a9 -mfpu=vfpv3 -mfloat-abi=hard ",
	"platPreBuiltFlag":	false,
	"platformSamplesDir":	"",
	"platActiveSys":	"template_1",
	"systems":	[{
			"systemName":	"template_1",
			"systemDesc":	"template_1",
			"sysIsBootAutoGen":	"true",
			"systemDispName":	"template_1",
			"sysActiveDom":	"standalone_domain",
			"sysDefaultDom":	"standalone_domain",
			"domains":	[{
					"domainName":	"zynq_fsbl",
					"domainDispName":	"zynq_fsbl",
					"domainDesc":	"FSBL Application BSP - Auto Generated.",
					"processors":	"ps7_cortexa9_0",
					"os":	"standalone",
					"sdxOs":	"standalone",
					"debugEnable":	"",
					"domRuntimes":	["cpp"],
					"swRepo":	"",
					"mssOsVer":	"8.0",
					"mssFile":	"",
					"md5Digest":	"264b62a69d3539b851582d33f89bd97c",
					"compatibleApp":	"zynq_fsbl",
					"domType":	"bootDomain",
					"arch":	"32-bit",
					"appSettings":	{
						"appCompilerFlags":	"",
						"appLinkerFlags":	""
					},
					"addedLibs":	["xilffs:4.8", "xilrsa:1.6"],
					"libOptions":	{
						"libsContainingOptions":	[]
					},
					"prebuiltLibs":	{
						"prebuiltIncPath":	[],
						"prebuiltLibPath":	[]
					},
					"isolation":	{
					}
				}, {
					"domainName":	"standalone_domain",
					"domainDispName":	"standalone on ps7_cortexa9_0",
					"domainDesc":	"standalone_domain",
					"processors":	"ps7_cortexa9_0",
					"os":	"standalone",
					"sdxOs":	"standalone",
					"qemuArgs":	"<platformDir>/resources/template_1/standalone_domain/qemu_args.txt",
					"qemuData":	"<platformDir>/resources/template_1/standalone_domain/qemu",
					"debugEnable":	"False",
					"domRuntimes":	["cpp"],
					"swRepo":	"",
					"mssOsVer":	"8.0",
					"mssFile":	"",
					"md5Digest":	"c82b513b0de6575707d5c19c37e12898",
					"compatibleApp":	"hello_world",
					"domType":	"mssDomain",
					"arch":	"32-bit",
					"appSettings":	{
						"appCompilerFlags":	"",
						"appLinkerFlags":	""
					},
					"addedLibs":	[],
					"libOptions":	{
						"libsContainingOptions":	[]
					},
					"prebuiltLibs":	{
						"prebuiltIncPath":	[],
						"prebuiltLibPath":	[]
					},
					"isolation":	{
					}
				}]
		}]
}
LOG::2026-09-21.22:25:21::SCWPlatform::Started generating the artifacts platform template_1
TRACE::2026-09-21.22:25:21::SCWPlatform::Sanity checking of platform is completed
LOG::2026-09-21.22:25:21::SCWPlatform::Started generating the artifacts for system configuration template_1
LOG::2026-09-21.22:25:21::SCWSystem::Checking the domain zynq_fsbl
LOG::2026-09-21.22:25:21::SCWSystem::Doing application build for :  zynq_fsbl
TRACE::2026-09-21.22:25:21::SCWBDomain::Not a forced makefile updation, No changes are present. 
TRACE::2026-09-21.22:25:21::SCWDomain::Skipping the build for domain :  zynq_fsbl
LOG::2026-09-21.22:25:21::SCWSystem::Checking the domain standalone_domain
LOG::2026-09-21.22:25:21::SCWSystem::Not a boot domain 
LOG::2026-09-21.22:25:21::SCWSystem::Started Processing the domain standalone_domain
TRACE::2026-09-21.22:25:21::SCWDomain::Generating domain artifcats
TRACE::2026-09-21.22:25:21::SCWMssOS::Generating standalone artifcats
TRACE::2026-09-21.22:25:21::SCWMssOS::Copying the qemu file from  /home/dide/project/digital-ide-0.5.x/tests/project/temp/user/sdk/template/template_1/resources/template_1/standalone_domain/qemu_args.txt To /home/dide/project/digital-ide-0.5.x/tests/project/temp/user/sdk/template/template_1/export/template_1/sw/template_1/qemu/
TRACE::2026-09-21.22:25:21::SCWMssOS::Copying the qemu file from  /home/dide/project/digital-ide-0.5.x/tests/project/temp/user/sdk/template/template_1/resources/template_1/standalone_domain/qemu_args.txt To /home/dide/project/digital-ide-0.5.x/tests/project/temp/user/sdk/template/template_1/export/template_1/sw/template_1/standalone_domain/qemu/
TRACE::2026-09-21.22:25:21::SCWMssOS:: Copying the user libraries. 
TRACE::2026-09-21.22:25:21::SCWPlatform::Trying to open the hw design at /home/dide/project/digital-ide-0.5.x/tests/project/temp/user/sdk/template/template_1/hw/template.hdf
TRACE::2026-09-21.22:25:21::SCWPlatform::DSA given /home/dide/project/digital-ide-0.5.x/tests/project/temp/user/sdk/template/template_1/hw/template.dsa
TRACE::2026-09-21.22:25:21::SCWPlatform::DSA absoulate path /home/dide/project/digital-ide-0.5.x/tests/project/temp/user/sdk/template/template_1/hw/template.dsa
TRACE::2026-09-21.22:25:21::SCWPlatform::DSA directory /home/dide/project/digital-ide-0.5.x/tests/project/temp/user/sdk/template/template_1/hw
TRACE::2026-09-21.22:25:21::SCWPlatform:: Platform Path /home/dide/project/digital-ide-0.5.x/tests/project/temp/user/sdk/template/template_1/hw/template.dsa
TRACE::2026-09-21.22:25:21::SCWPlatform:: Unique name xilinx.com::system_wrapper:1.0
TRACE::2026-09-21.22:25:21::SCWPlatform::Trying to set the existing hwdb with name system_wrapper_0
TRACE::2026-09-21.22:25:21::SCWPlatform::Opened existing hwdb system_wrapper_0
TRACE::2026-09-21.22:25:21::SCWPlatform::Found the Hw Db part of the input DSA
TRACE::2026-09-21.22:25:21::SCWMssOS::Checking the sw design at  /home/dide/project/digital-ide-0.5.x/tests/project/temp/user/sdk/template/template_1/ps7_cortexa9_0/standalone_domain/bsp/system.mss
TRACE::2026-09-21.22:25:21::SCWMssOS::DEBUG:  swdes dump  /home/dide/project/digital-ide-0.5.x/tests/project/temp/user/sdk/template/template_1/ps7_cortexa9_0/standalone_domain/bsp/system.mss|system_0||
/home/dide/project/digital-ide-0.5.x/tests/project/temp/user/sdk/template/template_1/zynq_fsbl/zynq_fsbl_bsp/system.mss|system||

TRACE::2026-09-21.22:25:21::SCWMssOS::Sw design exists and opened at  /home/dide/project/digital-ide-0.5.x/tests/project/temp/user/sdk/template/template_1/ps7_cortexa9_0/standalone_domain/bsp/system.mss
TRACE::2026-09-21.22:25:21::SCWMssOS::Completed writing the mss file at /home/dide/project/digital-ide-0.5.x/tests/project/temp/user/sdk/template/template_1/ps7_cortexa9_0/standalone_domain/bsp
TRACE::2026-09-21.22:25:21::SCWMssOS::Mss edits present, copying mssfile into export location /home/dide/project/digital-ide-0.5.x/tests/project/temp/user/sdk/template/template_1/ps7_cortexa9_0/standalone_domain/bsp/system.mss
TRACE::2026-09-21.22:25:21::SCWMssOS::bsp generated is upto date with the mss file. Skipping bsp generation.
TRACE::2026-09-21.22:25:21::SCWMssOS::BSP is already built. skipping the bsp build ... 
TRACE::2026-09-21.22:25:21::SCWDomain::Skipping the build for domain :  standalone_domain
TRACE::2026-09-21.22:25:21::SCWMssOS::skipping the bsp build ... 
TRACE::2026-09-21.22:25:21::SCWMssOS::Copying to export directory.
TRACE::2026-09-21.22:25:21::SCWMssOS:: Checking if to create the Supporting Applications
TRACE::2026-09-21.22:25:21::SCWMssOS:: No Linux domain exists, trying to generate FSBL 
TRACE::2026-09-21.22:25:21::SCWMssOS:: Completed Standalone Artifacts creation 
LOG::2026-09-21.22:25:21::SCWSystem::Completed Processing the domain standalone_domain
LOG::2026-09-21.22:25:21::SCWSystem::Completed Processing the sysconfig template_1
LOG::2026-09-21.22:25:21::SCWPlatform::Completed generating the artifacts for system configuration template_1
TRACE::2026-09-21.22:25:21::SCWPlatform::Started preparing the platform 
TRACE::2026-09-21.22:25:21::SCWSystem::Writing the bif file for system config template_1
TRACE::2026-09-21.22:25:21::SCWSystem::dir created 
TRACE::2026-09-21.22:25:21::SCWSystem::Writing the bif 
TRACE::2026-09-21.22:25:21::SCWPlatform::Started writing the spfm file 
TRACE::2026-09-21.22:25:21::SCWPlatform::Started writing the xpfm file 
TRACE::2026-09-21.22:25:21::SCWPlatform::Completed generating the platform
TRACE::2026-09-21.22:25:21::SCWMssOS::Saving the mss changes /home/dide/project/digital-ide-0.5.x/tests/project/temp/user/sdk/template/template_1/zynq_fsbl/zynq_fsbl_bsp/system.mss
TRACE::2026-09-21.22:25:21::SCWMssOS::Found a swdesign opened with the mssfile.
TRACE::2026-09-21.22:25:21::SCWMssOS::Completed writemss as part of save.
TRACE::2026-09-21.22:25:21::SCWMssOS::Commit changes completed.
TRACE::2026-09-21.22:25:21::SCWMssOS::Saving the mss changes /home/dide/project/digital-ide-0.5.x/tests/project/temp/user/sdk/template/template_1/ps7_cortexa9_0/standalone_domain/bsp/system.mss
TRACE::2026-09-21.22:25:21::SCWMssOS::Found a swdesign opened with the mssfile.
TRACE::2026-09-21.22:25:21::SCWMssOS::Completed writemss as part of save.
TRACE::2026-09-21.22:25:21::SCWMssOS::Commit changes completed.
TRACE::2026-09-21.22:25:21::SCWPlatform::Trying to open the hw design at /home/dide/project/digital-ide-0.5.x/tests/project/temp/user/sdk/template/template_1/hw/template.hdf
TRACE::2026-09-21.22:25:21::SCWPlatform::DSA given /home/dide/project/digital-ide-0.5.x/tests/project/temp/user/sdk/template/template_1/hw/template.dsa
TRACE::2026-09-21.22:25:21::SCWPlatform::DSA absoulate path /home/dide/project/digital-ide-0.5.x/tests/project/temp/user/sdk/template/template_1/hw/template.dsa
TRACE::2026-09-21.22:25:21::SCWPlatform::DSA directory /home/dide/project/digital-ide-0.5.x/tests/project/temp/user/sdk/template/template_1/hw
TRACE::2026-09-21.22:25:21::SCWPlatform:: Platform Path /home/dide/project/digital-ide-0.5.x/tests/project/temp/user/sdk/template/template_1/hw/template.dsa
TRACE::2026-09-21.22:25:21::SCWPlatform:: Unique name xilinx.com::system_wrapper:1.0
TRACE::2026-09-21.22:25:21::SCWPlatform::Trying to set the existing hwdb with name system_wrapper_0
TRACE::2026-09-21.22:25:21::SCWPlatform::Opened existing hwdb system_wrapper_0
TRACE::2026-09-21.22:25:21::SCWPlatform::Found the Hw Db part of the input DSA
TRACE::2026-09-21.22:25:21::SCWMssOS::Checking the sw design at  /home/dide/project/digital-ide-0.5.x/tests/project/temp/user/sdk/template/template_1/zynq_fsbl/zynq_fsbl_bsp/system.mss
TRACE::2026-09-21.22:25:21::SCWMssOS::DEBUG:  swdes dump  /home/dide/project/digital-ide-0.5.x/tests/project/temp/user/sdk/template/template_1/ps7_cortexa9_0/standalone_domain/bsp/system.mss|system_0||
/home/dide/project/digital-ide-0.5.x/tests/project/temp/user/sdk/template/template_1/zynq_fsbl/zynq_fsbl_bsp/system.mss|system||

TRACE::2026-09-21.22:25:21::SCWMssOS::Sw design exists and opened at  /home/dide/project/digital-ide-0.5.x/tests/project/temp/user/sdk/template/template_1/zynq_fsbl/zynq_fsbl_bsp/system.mss
TRACE::2026-09-21.22:25:21::SCWPlatform::Trying to open the hw design at /home/dide/project/digital-ide-0.5.x/tests/project/temp/user/sdk/template/template_1/hw/template.hdf
TRACE::2026-09-21.22:25:21::SCWPlatform::DSA given /home/dide/project/digital-ide-0.5.x/tests/project/temp/user/sdk/template/template_1/hw/template.dsa
TRACE::2026-09-21.22:25:21::SCWPlatform::DSA absoulate path /home/dide/project/digital-ide-0.5.x/tests/project/temp/user/sdk/template/template_1/hw/template.dsa
TRACE::2026-09-21.22:25:21::SCWPlatform::DSA directory /home/dide/project/digital-ide-0.5.x/tests/project/temp/user/sdk/template/template_1/hw
TRACE::2026-09-21.22:25:21::SCWPlatform:: Platform Path /home/dide/project/digital-ide-0.5.x/tests/project/temp/user/sdk/template/template_1/hw/template.dsa
TRACE::2026-09-21.22:25:21::SCWPlatform:: Unique name xilinx.com::system_wrapper:1.0
TRACE::2026-09-21.22:25:21::SCWPlatform::Trying to set the existing hwdb with name system_wrapper_0
TRACE::2026-09-21.22:25:21::SCWPlatform::Opened existing hwdb system_wrapper_0
TRACE::2026-09-21.22:25:21::SCWPlatform::Found the Hw Db part of the input DSA
TRACE::2026-09-21.22:25:21::SCWMssOS::Checking the sw design at  /home/dide/project/digital-ide-0.5.x/tests/project/temp/user/sdk/template/template_1/zynq_fsbl/zynq_fsbl_bsp/system.mss
TRACE::2026-09-21.22:25:21::SCWMssOS::DEBUG:  swdes dump  /home/dide/project/digital-ide-0.5.x/tests/project/temp/user/sdk/template/template_1/ps7_cortexa9_0/standalone_domain/bsp/system.mss|system_0||
/home/dide/project/digital-ide-0.5.x/tests/project/temp/user/sdk/template/template_1/zynq_fsbl/zynq_fsbl_bsp/system.mss|system||

TRACE::2026-09-21.22:25:21::SCWMssOS::Sw design exists and opened at  /home/dide/project/digital-ide-0.5.x/tests/project/temp/user/sdk/template/template_1/zynq_fsbl/zynq_fsbl_bsp/system.mss
TRACE::2026-09-21.22:25:21::SCWPlatform::Trying to open the hw design at /home/dide/project/digital-ide-0.5.x/tests/project/temp/user/sdk/template/template_1/hw/template.hdf
TRACE::2026-09-21.22:25:21::SCWPlatform::DSA given /home/dide/project/digital-ide-0.5.x/tests/project/temp/user/sdk/template/template_1/hw/template.dsa
TRACE::2026-09-21.22:25:21::SCWPlatform::DSA absoulate path /home/dide/project/digital-ide-0.5.x/tests/project/temp/user/sdk/template/template_1/hw/template.dsa
TRACE::2026-09-21.22:25:21::SCWPlatform::DSA directory /home/dide/project/digital-ide-0.5.x/tests/project/temp/user/sdk/template/template_1/hw
TRACE::2026-09-21.22:25:21::SCWPlatform:: Platform Path /home/dide/project/digital-ide-0.5.x/tests/project/temp/user/sdk/template/template_1/hw/template.dsa
TRACE::2026-09-21.22:25:21::SCWPlatform:: Unique name xilinx.com::system_wrapper:1.0
TRACE::2026-09-21.22:25:21::SCWPlatform::Trying to set the existing hwdb with name system_wrapper_0
TRACE::2026-09-21.22:25:21::SCWPlatform::Opened existing hwdb system_wrapper_0
TRACE::2026-09-21.22:25:21::SCWPlatform::Found the Hw Db part of the input DSA
TRACE::2026-09-21.22:25:21::SCWMssOS::Checking the sw design at  /home/dide/project/digital-ide-0.5.x/tests/project/temp/user/sdk/template/template_1/zynq_fsbl/zynq_fsbl_bsp/system.mss
TRACE::2026-09-21.22:25:21::SCWMssOS::DEBUG:  swdes dump  /home/dide/project/digital-ide-0.5.x/tests/project/temp/user/sdk/template/template_1/ps7_cortexa9_0/standalone_domain/bsp/system.mss|system_0||
/home/dide/project/digital-ide-0.5.x/tests/project/temp/user/sdk/template/template_1/zynq_fsbl/zynq_fsbl_bsp/system.mss|system||

TRACE::2026-09-21.22:25:21::SCWMssOS::Sw design exists and opened at  /home/dide/project/digital-ide-0.5.x/tests/project/temp/user/sdk/template/template_1/zynq_fsbl/zynq_fsbl_bsp/system.mss
TRACE::2026-09-21.22:25:21::SCWPlatform::Trying to open the hw design at /home/dide/project/digital-ide-0.5.x/tests/project/temp/user/sdk/template/template_1/hw/template.hdf
TRACE::2026-09-21.22:25:21::SCWPlatform::DSA given /home/dide/project/digital-ide-0.5.x/tests/project/temp/user/sdk/template/template_1/hw/template.dsa
TRACE::2026-09-21.22:25:21::SCWPlatform::DSA absoulate path /home/dide/project/digital-ide-0.5.x/tests/project/temp/user/sdk/template/template_1/hw/template.dsa
TRACE::2026-09-21.22:25:21::SCWPlatform::DSA directory /home/dide/project/digital-ide-0.5.x/tests/project/temp/user/sdk/template/template_1/hw
TRACE::2026-09-21.22:25:21::SCWPlatform:: Platform Path /home/dide/project/digital-ide-0.5.x/tests/project/temp/user/sdk/template/template_1/hw/template.dsa
TRACE::2026-09-21.22:25:21::SCWPlatform:: Unique name xilinx.com::system_wrapper:1.0
TRACE::2026-09-21.22:25:21::SCWPlatform::Trying to set the existing hwdb with name system_wrapper_0
TRACE::2026-09-21.22:25:21::SCWPlatform::Opened existing hwdb system_wrapper_0
TRACE::2026-09-21.22:25:21::SCWPlatform::Found the Hw Db part of the input DSA
TRACE::2026-09-21.22:25:21::SCWMssOS::Checking the sw design at  /home/dide/project/digital-ide-0.5.x/tests/project/temp/user/sdk/template/template_1/ps7_cortexa9_0/standalone_domain/bsp/system.mss
TRACE::2026-09-21.22:25:21::SCWMssOS::DEBUG:  swdes dump  /home/dide/project/digital-ide-0.5.x/tests/project/temp/user/sdk/template/template_1/ps7_cortexa9_0/standalone_domain/bsp/system.mss|system_0||
/home/dide/project/digital-ide-0.5.x/tests/project/temp/user/sdk/template/template_1/zynq_fsbl/zynq_fsbl_bsp/system.mss|system||

TRACE::2026-09-21.22:25:21::SCWMssOS::Sw design exists and opened at  /home/dide/project/digital-ide-0.5.x/tests/project/temp/user/sdk/template/template_1/ps7_cortexa9_0/standalone_domain/bsp/system.mss
TRACE::2026-09-21.22:25:21::SCWPlatform::Trying to open the hw design at /home/dide/project/digital-ide-0.5.x/tests/project/temp/user/sdk/template/template_1/hw/template.hdf
TRACE::2026-09-21.22:25:21::SCWPlatform::DSA given /home/dide/project/digital-ide-0.5.x/tests/project/temp/user/sdk/template/template_1/hw/template.dsa
TRACE::2026-09-21.22:25:21::SCWPlatform::DSA absoulate path /home/dide/project/digital-ide-0.5.x/tests/project/temp/user/sdk/template/template_1/hw/template.dsa
TRACE::2026-09-21.22:25:21::SCWPlatform::DSA directory /home/dide/project/digital-ide-0.5.x/tests/project/temp/user/sdk/template/template_1/hw
TRACE::2026-09-21.22:25:21::SCWPlatform:: Platform Path /home/dide/project/digital-ide-0.5.x/tests/project/temp/user/sdk/template/template_1/hw/template.dsa
TRACE::2026-09-21.22:25:21::SCWPlatform:: Unique name xilinx.com::system_wrapper:1.0
TRACE::2026-09-21.22:25:21::SCWPlatform::Trying to set the existing hwdb with name system_wrapper_0
TRACE::2026-09-21.22:25:21::SCWPlatform::Opened existing hwdb system_wrapper_0
TRACE::2026-09-21.22:25:21::SCWPlatform::Found the Hw Db part of the input DSA
TRACE::2026-09-21.22:25:21::SCWMssOS::Checking the sw design at  /home/dide/project/digital-ide-0.5.x/tests/project/temp/user/sdk/template/template_1/ps7_cortexa9_0/standalone_domain/bsp/system.mss
TRACE::2026-09-21.22:25:21::SCWMssOS::DEBUG:  swdes dump  /home/dide/project/digital-ide-0.5.x/tests/project/temp/user/sdk/template/template_1/ps7_cortexa9_0/standalone_domain/bsp/system.mss|system_0||
/home/dide/project/digital-ide-0.5.x/tests/project/temp/user/sdk/template/template_1/zynq_fsbl/zynq_fsbl_bsp/system.mss|system||

TRACE::2026-09-21.22:25:21::SCWMssOS::Sw design exists and opened at  /home/dide/project/digital-ide-0.5.x/tests/project/temp/user/sdk/template/template_1/ps7_cortexa9_0/standalone_domain/bsp/system.mss
TRACE::2026-09-21.22:25:21::SCWPlatform::Trying to open the hw design at /home/dide/project/digital-ide-0.5.x/tests/project/temp/user/sdk/template/template_1/hw/template.hdf
TRACE::2026-09-21.22:25:21::SCWPlatform::DSA given /home/dide/project/digital-ide-0.5.x/tests/project/temp/user/sdk/template/template_1/hw/template.dsa
TRACE::2026-09-21.22:25:21::SCWPlatform::DSA absoulate path /home/dide/project/digital-ide-0.5.x/tests/project/temp/user/sdk/template/template_1/hw/template.dsa
TRACE::2026-09-21.22:25:21::SCWPlatform::DSA directory /home/dide/project/digital-ide-0.5.x/tests/project/temp/user/sdk/template/template_1/hw
TRACE::2026-09-21.22:25:21::SCWPlatform:: Platform Path /home/dide/project/digital-ide-0.5.x/tests/project/temp/user/sdk/template/template_1/hw/template.dsa
TRACE::2026-09-21.22:25:21::SCWPlatform:: Unique name xilinx.com::system_wrapper:1.0
TRACE::2026-09-21.22:25:21::SCWPlatform::Trying to set the existing hwdb with name system_wrapper_0
TRACE::2026-09-21.22:25:21::SCWPlatform::Opened existing hwdb system_wrapper_0
TRACE::2026-09-21.22:25:21::SCWPlatform::Found the Hw Db part of the input DSA
TRACE::2026-09-21.22:25:21::SCWMssOS::Checking the sw design at  /home/dide/project/digital-ide-0.5.x/tests/project/temp/user/sdk/template/template_1/ps7_cortexa9_0/standalone_domain/bsp/system.mss
TRACE::2026-09-21.22:25:21::SCWMssOS::DEBUG:  swdes dump  /home/dide/project/digital-ide-0.5.x/tests/project/temp/user/sdk/template/template_1/ps7_cortexa9_0/standalone_domain/bsp/system.mss|system_0||
/home/dide/project/digital-ide-0.5.x/tests/project/temp/user/sdk/template/template_1/zynq_fsbl/zynq_fsbl_bsp/system.mss|system||

TRACE::2026-09-21.22:25:21::SCWMssOS::Sw design exists and opened at  /home/dide/project/digital-ide-0.5.x/tests/project/temp/user/sdk/template/template_1/ps7_cortexa9_0/standalone_domain/bsp/system.mss
TRACE::2026-09-21.22:25:21::SCWWriter::formatted JSON is {
	"platformName":	"template_1",
	"sprVersion":	"2.0",
	"mode":	"cmd",
	"dsaType":	"Fixed",
	"platformDesc":	"template_1",
	"platHandOff":	"/home/dide/project/digital-ide-0.5.x/tests/project/temp/user/sdk/data/template.hdf",
	"platIntHandOff":	"<platformDir>/hw/template.dsa",
	"deviceType":	"zynq",
	"platIsPrebuiltAutogen":	"false",
	"platIsNoBootBsp":	"false",
	"platFsblTarget":	"ps7_cortexa9_0",
	"hasFsblMakeHasChanges":	"false",
	"hasPmufwMakeHasChanges":	"false",
	"fsblExtraCompilerFlags":	"-MMD -MP       -mcpu=cortex-a9 -mfpu=vfpv3 -mfloat-abi=hard ",
	"platPreBuiltFlag":	false,
	"platformSamplesDir":	"",
	"platActiveSys":	"template_1",
	"systems":	[{
			"systemName":	"template_1",
			"systemDesc":	"template_1",
			"sysIsBootAutoGen":	"true",
			"systemDispName":	"template_1",
			"sysActiveDom":	"standalone_domain",
			"sysDefaultDom":	"standalone_domain",
			"domains":	[{
					"domainName":	"zynq_fsbl",
					"domainDispName":	"zynq_fsbl",
					"domainDesc":	"FSBL Application BSP - Auto Generated.",
					"processors":	"ps7_cortexa9_0",
					"os":	"standalone",
					"sdxOs":	"standalone",
					"debugEnable":	"",
					"domRuntimes":	["cpp"],
					"swRepo":	"",
					"mssOsVer":	"8.0",
					"mssFile":	"",
					"md5Digest":	"264b62a69d3539b851582d33f89bd97c",
					"compatibleApp":	"zynq_fsbl",
					"domType":	"bootDomain",
					"arch":	"32-bit",
					"appSettings":	{
						"appCompilerFlags":	"",
						"appLinkerFlags":	""
					},
					"addedLibs":	["xilffs:4.8", "xilrsa:1.6"],
					"libOptions":	{
						"libsContainingOptions":	[]
					},
					"prebuiltLibs":	{
						"prebuiltIncPath":	[],
						"prebuiltLibPath":	[]
					},
					"isolation":	{
					}
				}, {
					"domainName":	"standalone_domain",
					"domainDispName":	"standalone on ps7_cortexa9_0",
					"domainDesc":	"standalone_domain",
					"processors":	"ps7_cortexa9_0",
					"os":	"standalone",
					"sdxOs":	"standalone",
					"qemuArgs":	"<platformDir>/resources/template_1/standalone_domain/qemu_args.txt",
					"qemuData":	"<platformDir>/resources/template_1/standalone_domain/qemu",
					"debugEnable":	"False",
					"domRuntimes":	["cpp"],
					"swRepo":	"",
					"mssOsVer":	"8.0",
					"mssFile":	"",
					"md5Digest":	"c82b513b0de6575707d5c19c37e12898",
					"compatibleApp":	"hello_world",
					"domType":	"mssDomain",
					"arch":	"32-bit",
					"appSettings":	{
						"appCompilerFlags":	"",
						"appLinkerFlags":	""
					},
					"addedLibs":	[],
					"libOptions":	{
						"libsContainingOptions":	[]
					},
					"prebuiltLibs":	{
						"prebuiltIncPath":	[],
						"prebuiltLibPath":	[]
					},
					"isolation":	{
					}
				}]
		}]
}
KEYINFO::2026-09-21.22:25:21::SCWPlatform::updated the xpfm file.
TRACE::2026-09-21.22:25:21::SCWPlatform::Trying to open the hw design at /home/dide/project/digital-ide-0.5.x/tests/project/temp/user/sdk/template/template_1/hw/template.hdf
TRACE::2026-09-21.22:25:21::SCWPlatform::DSA given /home/dide/project/digital-ide-0.5.x/tests/project/temp/user/sdk/template/template_1/hw/template.dsa
TRACE::2026-09-21.22:25:21::SCWPlatform::DSA absoulate path /home/dide/project/digital-ide-0.5.x/tests/project/temp/user/sdk/template/template_1/hw/template.dsa
TRACE::2026-09-21.22:25:21::SCWPlatform::DSA directory /home/dide/project/digital-ide-0.5.x/tests/project/temp/user/sdk/template/template_1/hw
TRACE::2026-09-21.22:25:21::SCWPlatform:: Platform Path /home/dide/project/digital-ide-0.5.x/tests/project/temp/user/sdk/template/template_1/hw/template.dsa
TRACE::2026-09-21.22:25:21::SCWPlatform:: Unique name xilinx.com::system_wrapper:1.0
TRACE::2026-09-21.22:25:21::SCWPlatform::Trying to set the existing hwdb with name system_wrapper_0
TRACE::2026-09-21.22:25:21::SCWPlatform::Opened existing hwdb system_wrapper_0
TRACE::2026-09-21.22:25:21::SCWPlatform::Found the Hw Db part of the input DSA
TRACE::2026-09-21.22:25:21::SCWMssOS::Checking the sw design at  /home/dide/project/digital-ide-0.5.x/tests/project/temp/user/sdk/template/template_1/ps7_cortexa9_0/standalone_domain/bsp/system.mss
TRACE::2026-09-21.22:25:21::SCWMssOS::DEBUG:  swdes dump  /home/dide/project/digital-ide-0.5.x/tests/project/temp/user/sdk/template/template_1/ps7_cortexa9_0/standalone_domain/bsp/system.mss|system_0||
/home/dide/project/digital-ide-0.5.x/tests/project/temp/user/sdk/template/template_1/zynq_fsbl/zynq_fsbl_bsp/system.mss|system||

TRACE::2026-09-21.22:25:21::SCWMssOS::Sw design exists and opened at  /home/dide/project/digital-ide-0.5.x/tests/project/temp/user/sdk/template/template_1/ps7_cortexa9_0/standalone_domain/bsp/system.mss
TRACE::2026-09-21.22:25:21::SCWMssOS::Saving the mss changes /home/dide/project/digital-ide-0.5.x/tests/project/temp/user/sdk/template/template_1/zynq_fsbl/zynq_fsbl_bsp/system.mss
TRACE::2026-09-21.22:25:21::SCWMssOS::Found a swdesign opened with the mssfile.
TRACE::2026-09-21.22:25:21::SCWMssOS::Completed writemss as part of save.
TRACE::2026-09-21.22:25:21::SCWMssOS::Commit changes completed.
TRACE::2026-09-21.22:25:21::SCWMssOS::Saving the mss changes /home/dide/project/digital-ide-0.5.x/tests/project/temp/user/sdk/template/template_1/ps7_cortexa9_0/standalone_domain/bsp/system.mss
TRACE::2026-09-21.22:25:21::SCWMssOS::Found a swdesign opened with the mssfile.
TRACE::2026-09-21.22:25:21::SCWMssOS::Completed writemss as part of save.
TRACE::2026-09-21.22:25:21::SCWMssOS::Commit changes completed.
TRACE::2026-09-21.22:25:21::SCWPlatform::Trying to open the hw design at /home/dide/project/digital-ide-0.5.x/tests/project/temp/user/sdk/template/template_1/hw/template.hdf
TRACE::2026-09-21.22:25:21::SCWPlatform::DSA given /home/dide/project/digital-ide-0.5.x/tests/project/temp/user/sdk/template/template_1/hw/template.dsa
TRACE::2026-09-21.22:25:21::SCWPlatform::DSA absoulate path /home/dide/project/digital-ide-0.5.x/tests/project/temp/user/sdk/template/template_1/hw/template.dsa
TRACE::2026-09-21.22:25:21::SCWPlatform::DSA directory /home/dide/project/digital-ide-0.5.x/tests/project/temp/user/sdk/template/template_1/hw
TRACE::2026-09-21.22:25:21::SCWPlatform:: Platform Path /home/dide/project/digital-ide-0.5.x/tests/project/temp/user/sdk/template/template_1/hw/template.dsa
TRACE::2026-09-21.22:25:21::SCWPlatform:: Unique name xilinx.com::system_wrapper:1.0
TRACE::2026-09-21.22:25:21::SCWPlatform::Trying to set the existing hwdb with name system_wrapper_0
TRACE::2026-09-21.22:25:21::SCWPlatform::Opened existing hwdb system_wrapper_0
TRACE::2026-09-21.22:25:21::SCWPlatform::Found the Hw Db part of the input DSA
TRACE::2026-09-21.22:25:21::SCWMssOS::Checking the sw design at  /home/dide/project/digital-ide-0.5.x/tests/project/temp/user/sdk/template/template_1/zynq_fsbl/zynq_fsbl_bsp/system.mss
TRACE::2026-09-21.22:25:21::SCWMssOS::DEBUG:  swdes dump  /home/dide/project/digital-ide-0.5.x/tests/project/temp/user/sdk/template/template_1/ps7_cortexa9_0/standalone_domain/bsp/system.mss|system_0||
/home/dide/project/digital-ide-0.5.x/tests/project/temp/user/sdk/template/template_1/zynq_fsbl/zynq_fsbl_bsp/system.mss|system||

TRACE::2026-09-21.22:25:21::SCWMssOS::Sw design exists and opened at  /home/dide/project/digital-ide-0.5.x/tests/project/temp/user/sdk/template/template_1/zynq_fsbl/zynq_fsbl_bsp/system.mss
TRACE::2026-09-21.22:25:21::SCWPlatform::Trying to open the hw design at /home/dide/project/digital-ide-0.5.x/tests/project/temp/user/sdk/template/template_1/hw/template.hdf
TRACE::2026-09-21.22:25:21::SCWPlatform::DSA given /home/dide/project/digital-ide-0.5.x/tests/project/temp/user/sdk/template/template_1/hw/template.dsa
TRACE::2026-09-21.22:25:21::SCWPlatform::DSA absoulate path /home/dide/project/digital-ide-0.5.x/tests/project/temp/user/sdk/template/template_1/hw/template.dsa
TRACE::2026-09-21.22:25:21::SCWPlatform::DSA directory /home/dide/project/digital-ide-0.5.x/tests/project/temp/user/sdk/template/template_1/hw
TRACE::2026-09-21.22:25:21::SCWPlatform:: Platform Path /home/dide/project/digital-ide-0.5.x/tests/project/temp/user/sdk/template/template_1/hw/template.dsa
TRACE::2026-09-21.22:25:21::SCWPlatform:: Unique name xilinx.com::system_wrapper:1.0
TRACE::2026-09-21.22:25:21::SCWPlatform::Trying to set the existing hwdb with name system_wrapper_0
TRACE::2026-09-21.22:25:21::SCWPlatform::Opened existing hwdb system_wrapper_0
TRACE::2026-09-21.22:25:21::SCWPlatform::Found the Hw Db part of the input DSA
TRACE::2026-09-21.22:25:21::SCWMssOS::Checking the sw design at  /home/dide/project/digital-ide-0.5.x/tests/project/temp/user/sdk/template/template_1/zynq_fsbl/zynq_fsbl_bsp/system.mss
TRACE::2026-09-21.22:25:21::SCWMssOS::DEBUG:  swdes dump  /home/dide/project/digital-ide-0.5.x/tests/project/temp/user/sdk/template/template_1/ps7_cortexa9_0/standalone_domain/bsp/system.mss|system_0||
/home/dide/project/digital-ide-0.5.x/tests/project/temp/user/sdk/template/template_1/zynq_fsbl/zynq_fsbl_bsp/system.mss|system||

TRACE::2026-09-21.22:25:21::SCWMssOS::Sw design exists and opened at  /home/dide/project/digital-ide-0.5.x/tests/project/temp/user/sdk/template/template_1/zynq_fsbl/zynq_fsbl_bsp/system.mss
TRACE::2026-09-21.22:25:21::SCWPlatform::Trying to open the hw design at /home/dide/project/digital-ide-0.5.x/tests/project/temp/user/sdk/template/template_1/hw/template.hdf
TRACE::2026-09-21.22:25:21::SCWPlatform::DSA given /home/dide/project/digital-ide-0.5.x/tests/project/temp/user/sdk/template/template_1/hw/template.dsa
TRACE::2026-09-21.22:25:21::SCWPlatform::DSA absoulate path /home/dide/project/digital-ide-0.5.x/tests/project/temp/user/sdk/template/template_1/hw/template.dsa
TRACE::2026-09-21.22:25:21::SCWPlatform::DSA directory /home/dide/project/digital-ide-0.5.x/tests/project/temp/user/sdk/template/template_1/hw
TRACE::2026-09-21.22:25:21::SCWPlatform:: Platform Path /home/dide/project/digital-ide-0.5.x/tests/project/temp/user/sdk/template/template_1/hw/template.dsa
TRACE::2026-09-21.22:25:21::SCWPlatform:: Unique name xilinx.com::system_wrapper:1.0
TRACE::2026-09-21.22:25:21::SCWPlatform::Trying to set the existing hwdb with name system_wrapper_0
TRACE::2026-09-21.22:25:21::SCWPlatform::Opened existing hwdb system_wrapper_0
TRACE::2026-09-21.22:25:21::SCWPlatform::Found the Hw Db part of the input DSA
TRACE::2026-09-21.22:25:21::SCWMssOS::Checking the sw design at  /home/dide/project/digital-ide-0.5.x/tests/project/temp/user/sdk/template/template_1/zynq_fsbl/zynq_fsbl_bsp/system.mss
TRACE::2026-09-21.22:25:21::SCWMssOS::DEBUG:  swdes dump  /home/dide/project/digital-ide-0.5.x/tests/project/temp/user/sdk/template/template_1/ps7_cortexa9_0/standalone_domain/bsp/system.mss|system_0||
/home/dide/project/digital-ide-0.5.x/tests/project/temp/user/sdk/template/template_1/zynq_fsbl/zynq_fsbl_bsp/system.mss|system||

TRACE::2026-09-21.22:25:21::SCWMssOS::Sw design exists and opened at  /home/dide/project/digital-ide-0.5.x/tests/project/temp/user/sdk/template/template_1/zynq_fsbl/zynq_fsbl_bsp/system.mss
TRACE::2026-09-21.22:25:21::SCWPlatform::Trying to open the hw design at /home/dide/project/digital-ide-0.5.x/tests/project/temp/user/sdk/template/template_1/hw/template.hdf
TRACE::2026-09-21.22:25:21::SCWPlatform::DSA given /home/dide/project/digital-ide-0.5.x/tests/project/temp/user/sdk/template/template_1/hw/template.dsa
TRACE::2026-09-21.22:25:21::SCWPlatform::DSA absoulate path /home/dide/project/digital-ide-0.5.x/tests/project/temp/user/sdk/template/template_1/hw/template.dsa
TRACE::2026-09-21.22:25:21::SCWPlatform::DSA directory /home/dide/project/digital-ide-0.5.x/tests/project/temp/user/sdk/template/template_1/hw
TRACE::2026-09-21.22:25:21::SCWPlatform:: Platform Path /home/dide/project/digital-ide-0.5.x/tests/project/temp/user/sdk/template/template_1/hw/template.dsa
TRACE::2026-09-21.22:25:21::SCWPlatform:: Unique name xilinx.com::system_wrapper:1.0
TRACE::2026-09-21.22:25:21::SCWPlatform::Trying to set the existing hwdb with name system_wrapper_0
TRACE::2026-09-21.22:25:21::SCWPlatform::Opened existing hwdb system_wrapper_0
TRACE::2026-09-21.22:25:21::SCWPlatform::Found the Hw Db part of the input DSA
TRACE::2026-09-21.22:25:21::SCWMssOS::Checking the sw design at  /home/dide/project/digital-ide-0.5.x/tests/project/temp/user/sdk/template/template_1/ps7_cortexa9_0/standalone_domain/bsp/system.mss
TRACE::2026-09-21.22:25:21::SCWMssOS::DEBUG:  swdes dump  /home/dide/project/digital-ide-0.5.x/tests/project/temp/user/sdk/template/template_1/ps7_cortexa9_0/standalone_domain/bsp/system.mss|system_0||
/home/dide/project/digital-ide-0.5.x/tests/project/temp/user/sdk/template/template_1/zynq_fsbl/zynq_fsbl_bsp/system.mss|system||

TRACE::2026-09-21.22:25:21::SCWMssOS::Sw design exists and opened at  /home/dide/project/digital-ide-0.5.x/tests/project/temp/user/sdk/template/template_1/ps7_cortexa9_0/standalone_domain/bsp/system.mss
TRACE::2026-09-21.22:25:21::SCWPlatform::Trying to open the hw design at /home/dide/project/digital-ide-0.5.x/tests/project/temp/user/sdk/template/template_1/hw/template.hdf
TRACE::2026-09-21.22:25:21::SCWPlatform::DSA given /home/dide/project/digital-ide-0.5.x/tests/project/temp/user/sdk/template/template_1/hw/template.dsa
TRACE::2026-09-21.22:25:21::SCWPlatform::DSA absoulate path /home/dide/project/digital-ide-0.5.x/tests/project/temp/user/sdk/template/template_1/hw/template.dsa
TRACE::2026-09-21.22:25:21::SCWPlatform::DSA directory /home/dide/project/digital-ide-0.5.x/tests/project/temp/user/sdk/template/template_1/hw
TRACE::2026-09-21.22:25:21::SCWPlatform:: Platform Path /home/dide/project/digital-ide-0.5.x/tests/project/temp/user/sdk/template/template_1/hw/template.dsa
TRACE::2026-09-21.22:25:21::SCWPlatform:: Unique name xilinx.com::system_wrapper:1.0
TRACE::2026-09-21.22:25:21::SCWPlatform::Trying to set the existing hwdb with name system_wrapper_0
TRACE::2026-09-21.22:25:21::SCWPlatform::Opened existing hwdb system_wrapper_0
TRACE::2026-09-21.22:25:21::SCWPlatform::Found the Hw Db part of the input DSA
TRACE::2026-09-21.22:25:21::SCWMssOS::Checking the sw design at  /home/dide/project/digital-ide-0.5.x/tests/project/temp/user/sdk/template/template_1/ps7_cortexa9_0/standalone_domain/bsp/system.mss
TRACE::2026-09-21.22:25:21::SCWMssOS::DEBUG:  swdes dump  /home/dide/project/digital-ide-0.5.x/tests/project/temp/user/sdk/template/template_1/ps7_cortexa9_0/standalone_domain/bsp/system.mss|system_0||
/home/dide/project/digital-ide-0.5.x/tests/project/temp/user/sdk/template/template_1/zynq_fsbl/zynq_fsbl_bsp/system.mss|system||

TRACE::2026-09-21.22:25:21::SCWMssOS::Sw design exists and opened at  /home/dide/project/digital-ide-0.5.x/tests/project/temp/user/sdk/template/template_1/ps7_cortexa9_0/standalone_domain/bsp/system.mss
TRACE::2026-09-21.22:25:21::SCWPlatform::Trying to open the hw design at /home/dide/project/digital-ide-0.5.x/tests/project/temp/user/sdk/template/template_1/hw/template.hdf
TRACE::2026-09-21.22:25:21::SCWPlatform::DSA given /home/dide/project/digital-ide-0.5.x/tests/project/temp/user/sdk/template/template_1/hw/template.dsa
TRACE::2026-09-21.22:25:21::SCWPlatform::DSA absoulate path /home/dide/project/digital-ide-0.5.x/tests/project/temp/user/sdk/template/template_1/hw/template.dsa
TRACE::2026-09-21.22:25:21::SCWPlatform::DSA directory /home/dide/project/digital-ide-0.5.x/tests/project/temp/user/sdk/template/template_1/hw
TRACE::2026-09-21.22:25:21::SCWPlatform:: Platform Path /home/dide/project/digital-ide-0.5.x/tests/project/temp/user/sdk/template/template_1/hw/template.dsa
TRACE::2026-09-21.22:25:21::SCWPlatform:: Unique name xilinx.com::system_wrapper:1.0
TRACE::2026-09-21.22:25:21::SCWPlatform::Trying to set the existing hwdb with name system_wrapper_0
TRACE::2026-09-21.22:25:21::SCWPlatform::Opened existing hwdb system_wrapper_0
TRACE::2026-09-21.22:25:21::SCWPlatform::Found the Hw Db part of the input DSA
TRACE::2026-09-21.22:25:21::SCWMssOS::Checking the sw design at  /home/dide/project/digital-ide-0.5.x/tests/project/temp/user/sdk/template/template_1/ps7_cortexa9_0/standalone_domain/bsp/system.mss
TRACE::2026-09-21.22:25:21::SCWMssOS::DEBUG:  swdes dump  /home/dide/project/digital-ide-0.5.x/tests/project/temp/user/sdk/template/template_1/ps7_cortexa9_0/standalone_domain/bsp/system.mss|system_0||
/home/dide/project/digital-ide-0.5.x/tests/project/temp/user/sdk/template/template_1/zynq_fsbl/zynq_fsbl_bsp/system.mss|system||

TRACE::2026-09-21.22:25:21::SCWMssOS::Sw design exists and opened at  /home/dide/project/digital-ide-0.5.x/tests/project/temp/user/sdk/template/template_1/ps7_cortexa9_0/standalone_domain/bsp/system.mss
TRACE::2026-09-21.22:25:21::SCWWriter::formatted JSON is {
	"platformName":	"template_1",
	"sprVersion":	"2.0",
	"mode":	"cmd",
	"dsaType":	"Fixed",
	"platformDesc":	"template_1",
	"platHandOff":	"/home/dide/project/digital-ide-0.5.x/tests/project/temp/user/sdk/data/template.hdf",
	"platIntHandOff":	"<platformDir>/hw/template.dsa",
	"deviceType":	"zynq",
	"platIsPrebuiltAutogen":	"false",
	"platIsNoBootBsp":	"false",
	"platFsblTarget":	"ps7_cortexa9_0",
	"hasFsblMakeHasChanges":	"false",
	"hasPmufwMakeHasChanges":	"false",
	"fsblExtraCompilerFlags":	"-MMD -MP       -mcpu=cortex-a9 -mfpu=vfpv3 -mfloat-abi=hard ",
	"platPreBuiltFlag":	false,
	"platformSamplesDir":	"",
	"platActiveSys":	"template_1",
	"systems":	[{
			"systemName":	"template_1",
			"systemDesc":	"template_1",
			"sysIsBootAutoGen":	"true",
			"systemDispName":	"template_1",
			"sysActiveDom":	"standalone_domain",
			"sysDefaultDom":	"standalone_domain",
			"domains":	[{
					"domainName":	"zynq_fsbl",
					"domainDispName":	"zynq_fsbl",
					"domainDesc":	"FSBL Application BSP - Auto Generated.",
					"processors":	"ps7_cortexa9_0",
					"os":	"standalone",
					"sdxOs":	"standalone",
					"debugEnable":	"",
					"domRuntimes":	["cpp"],
					"swRepo":	"",
					"mssOsVer":	"8.0",
					"mssFile":	"",
					"md5Digest":	"264b62a69d3539b851582d33f89bd97c",
					"compatibleApp":	"zynq_fsbl",
					"domType":	"bootDomain",
					"arch":	"32-bit",
					"appSettings":	{
						"appCompilerFlags":	"",
						"appLinkerFlags":	""
					},
					"addedLibs":	["xilffs:4.8", "xilrsa:1.6"],
					"libOptions":	{
						"libsContainingOptions":	[]
					},
					"prebuiltLibs":	{
						"prebuiltIncPath":	[],
						"prebuiltLibPath":	[]
					},
					"isolation":	{
					}
				}, {
					"domainName":	"standalone_domain",
					"domainDispName":	"standalone on ps7_cortexa9_0",
					"domainDesc":	"standalone_domain",
					"processors":	"ps7_cortexa9_0",
					"os":	"standalone",
					"sdxOs":	"standalone",
					"qemuArgs":	"<platformDir>/resources/template_1/standalone_domain/qemu_args.txt",
					"qemuData":	"<platformDir>/resources/template_1/standalone_domain/qemu",
					"debugEnable":	"False",
					"domRuntimes":	["cpp"],
					"swRepo":	"",
					"mssOsVer":	"8.0",
					"mssFile":	"",
					"md5Digest":	"c82b513b0de6575707d5c19c37e12898",
					"compatibleApp":	"hello_world",
					"domType":	"mssDomain",
					"arch":	"32-bit",
					"appSettings":	{
						"appCompilerFlags":	"",
						"appLinkerFlags":	""
					},
					"addedLibs":	[],
					"libOptions":	{
						"libsContainingOptions":	[]
					},
					"prebuiltLibs":	{
						"prebuiltIncPath":	[],
						"prebuiltLibPath":	[]
					},
					"isolation":	{
					}
				}]
		}]
}
TRACE::2026-09-21.22:25:21::SCWPlatform::Trying to open the hw design at /home/dide/project/digital-ide-0.5.x/tests/project/temp/user/sdk/template/template_1/hw/template.hdf
TRACE::2026-09-21.22:25:21::SCWPlatform::DSA given /home/dide/project/digital-ide-0.5.x/tests/project/temp/user/sdk/template/template_1/hw/template.dsa
TRACE::2026-09-21.22:25:21::SCWPlatform::DSA absoulate path /home/dide/project/digital-ide-0.5.x/tests/project/temp/user/sdk/template/template_1/hw/template.dsa
TRACE::2026-09-21.22:25:21::SCWPlatform::DSA directory /home/dide/project/digital-ide-0.5.x/tests/project/temp/user/sdk/template/template_1/hw
TRACE::2026-09-21.22:25:21::SCWPlatform:: Platform Path /home/dide/project/digital-ide-0.5.x/tests/project/temp/user/sdk/template/template_1/hw/template.dsa
TRACE::2026-09-21.22:25:21::SCWPlatform:: Unique name xilinx.com::system_wrapper:1.0
TRACE::2026-09-21.22:25:21::SCWPlatform::Trying to set the existing hwdb with name system_wrapper_0
TRACE::2026-09-21.22:25:21::SCWPlatform::Opened existing hwdb system_wrapper_0
TRACE::2026-09-21.22:25:21::SCWPlatform::Found the Hw Db part of the input DSA
TRACE::2026-09-21.22:25:21::SCWMssOS::Checking the sw design at  /home/dide/project/digital-ide-0.5.x/tests/project/temp/user/sdk/template/template_1/ps7_cortexa9_0/standalone_domain/bsp/system.mss
TRACE::2026-09-21.22:25:21::SCWMssOS::DEBUG:  swdes dump  /home/dide/project/digital-ide-0.5.x/tests/project/temp/user/sdk/template/template_1/ps7_cortexa9_0/standalone_domain/bsp/system.mss|system_0||
/home/dide/project/digital-ide-0.5.x/tests/project/temp/user/sdk/template/template_1/zynq_fsbl/zynq_fsbl_bsp/system.mss|system||

TRACE::2026-09-21.22:25:21::SCWMssOS::Sw design exists and opened at  /home/dide/project/digital-ide-0.5.x/tests/project/temp/user/sdk/template/template_1/ps7_cortexa9_0/standalone_domain/bsp/system.mss
TRACE::2026-09-21.22:25:21::SCWPlatform::Trying to open the hw design at /home/dide/project/digital-ide-0.5.x/tests/project/temp/user/sdk/template/template_1/hw/template.hdf
TRACE::2026-09-21.22:25:21::SCWPlatform::DSA given /home/dide/project/digital-ide-0.5.x/tests/project/temp/user/sdk/template/template_1/hw/template.dsa
TRACE::2026-09-21.22:25:21::SCWPlatform::DSA absoulate path /home/dide/project/digital-ide-0.5.x/tests/project/temp/user/sdk/template/template_1/hw/template.dsa
TRACE::2026-09-21.22:25:21::SCWPlatform::DSA directory /home/dide/project/digital-ide-0.5.x/tests/project/temp/user/sdk/template/template_1/hw
TRACE::2026-09-21.22:25:21::SCWPlatform:: Platform Path /home/dide/project/digital-ide-0.5.x/tests/project/temp/user/sdk/template/template_1/hw/template.dsa
TRACE::2026-09-21.22:25:21::SCWPlatform:: Unique name xilinx.com::system_wrapper:1.0
TRACE::2026-09-21.22:25:21::SCWPlatform::Trying to set the existing hwdb with name system_wrapper_0
TRACE::2026-09-21.22:25:21::SCWPlatform::Opened existing hwdb system_wrapper_0
TRACE::2026-09-21.22:25:21::SCWPlatform::Found the Hw Db part of the input DSA
TRACE::2026-09-21.22:25:21::SCWMssOS::Checking the sw design at  /home/dide/project/digital-ide-0.5.x/tests/project/temp/user/sdk/template/template_1/ps7_cortexa9_0/standalone_domain/bsp/system.mss
TRACE::2026-09-21.22:25:21::SCWMssOS::DEBUG:  swdes dump  /home/dide/project/digital-ide-0.5.x/tests/project/temp/user/sdk/template/template_1/ps7_cortexa9_0/standalone_domain/bsp/system.mss|system_0||
/home/dide/project/digital-ide-0.5.x/tests/project/temp/user/sdk/template/template_1/zynq_fsbl/zynq_fsbl_bsp/system.mss|system||

TRACE::2026-09-21.22:25:21::SCWMssOS::Sw design exists and opened at  /home/dide/project/digital-ide-0.5.x/tests/project/temp/user/sdk/template/template_1/ps7_cortexa9_0/standalone_domain/bsp/system.mss
TRACE::2026-09-21.22:25:21::SCWMssOS::Saving the mss changes /home/dide/project/digital-ide-0.5.x/tests/project/temp/user/sdk/template/template_1/zynq_fsbl/zynq_fsbl_bsp/system.mss
TRACE::2026-09-21.22:25:21::SCWMssOS::Found a swdesign opened with the mssfile.
TRACE::2026-09-21.22:25:21::SCWMssOS::Completed writemss as part of save.
TRACE::2026-09-21.22:25:21::SCWMssOS::Commit changes completed.
TRACE::2026-09-21.22:25:21::SCWMssOS::Saving the mss changes /home/dide/project/digital-ide-0.5.x/tests/project/temp/user/sdk/template/template_1/ps7_cortexa9_0/standalone_domain/bsp/system.mss
TRACE::2026-09-21.22:25:21::SCWMssOS::Found a swdesign opened with the mssfile.
TRACE::2026-09-21.22:25:21::SCWMssOS::Completed writemss as part of save.
TRACE::2026-09-21.22:25:21::SCWMssOS::Commit changes completed.
TRACE::2026-09-21.22:25:21::SCWPlatform::Trying to open the hw design at /home/dide/project/digital-ide-0.5.x/tests/project/temp/user/sdk/template/template_1/hw/template.hdf
TRACE::2026-09-21.22:25:21::SCWPlatform::DSA given /home/dide/project/digital-ide-0.5.x/tests/project/temp/user/sdk/template/template_1/hw/template.dsa
TRACE::2026-09-21.22:25:21::SCWPlatform::DSA absoulate path /home/dide/project/digital-ide-0.5.x/tests/project/temp/user/sdk/template/template_1/hw/template.dsa
TRACE::2026-09-21.22:25:21::SCWPlatform::DSA directory /home/dide/project/digital-ide-0.5.x/tests/project/temp/user/sdk/template/template_1/hw
TRACE::2026-09-21.22:25:21::SCWPlatform:: Platform Path /home/dide/project/digital-ide-0.5.x/tests/project/temp/user/sdk/template/template_1/hw/template.dsa
TRACE::2026-09-21.22:25:21::SCWPlatform:: Unique name xilinx.com::system_wrapper:1.0
TRACE::2026-09-21.22:25:21::SCWPlatform::Trying to set the existing hwdb with name system_wrapper_0
TRACE::2026-09-21.22:25:21::SCWPlatform::Opened existing hwdb system_wrapper_0
TRACE::2026-09-21.22:25:21::SCWPlatform::Found the Hw Db part of the input DSA
TRACE::2026-09-21.22:25:21::SCWMssOS::Checking the sw design at  /home/dide/project/digital-ide-0.5.x/tests/project/temp/user/sdk/template/template_1/zynq_fsbl/zynq_fsbl_bsp/system.mss
TRACE::2026-09-21.22:25:21::SCWMssOS::DEBUG:  swdes dump  /home/dide/project/digital-ide-0.5.x/tests/project/temp/user/sdk/template/template_1/ps7_cortexa9_0/standalone_domain/bsp/system.mss|system_0||
/home/dide/project/digital-ide-0.5.x/tests/project/temp/user/sdk/template/template_1/zynq_fsbl/zynq_fsbl_bsp/system.mss|system||

TRACE::2026-09-21.22:25:21::SCWMssOS::Sw design exists and opened at  /home/dide/project/digital-ide-0.5.x/tests/project/temp/user/sdk/template/template_1/zynq_fsbl/zynq_fsbl_bsp/system.mss
TRACE::2026-09-21.22:25:21::SCWPlatform::Trying to open the hw design at /home/dide/project/digital-ide-0.5.x/tests/project/temp/user/sdk/template/template_1/hw/template.hdf
TRACE::2026-09-21.22:25:21::SCWPlatform::DSA given /home/dide/project/digital-ide-0.5.x/tests/project/temp/user/sdk/template/template_1/hw/template.dsa
TRACE::2026-09-21.22:25:21::SCWPlatform::DSA absoulate path /home/dide/project/digital-ide-0.5.x/tests/project/temp/user/sdk/template/template_1/hw/template.dsa
TRACE::2026-09-21.22:25:21::SCWPlatform::DSA directory /home/dide/project/digital-ide-0.5.x/tests/project/temp/user/sdk/template/template_1/hw
TRACE::2026-09-21.22:25:21::SCWPlatform:: Platform Path /home/dide/project/digital-ide-0.5.x/tests/project/temp/user/sdk/template/template_1/hw/template.dsa
TRACE::2026-09-21.22:25:21::SCWPlatform:: Unique name xilinx.com::system_wrapper:1.0
TRACE::2026-09-21.22:25:21::SCWPlatform::Trying to set the existing hwdb with name system_wrapper_0
TRACE::2026-09-21.22:25:21::SCWPlatform::Opened existing hwdb system_wrapper_0
TRACE::2026-09-21.22:25:21::SCWPlatform::Found the Hw Db part of the input DSA
TRACE::2026-09-21.22:25:21::SCWMssOS::Checking the sw design at  /home/dide/project/digital-ide-0.5.x/tests/project/temp/user/sdk/template/template_1/zynq_fsbl/zynq_fsbl_bsp/system.mss
TRACE::2026-09-21.22:25:21::SCWMssOS::DEBUG:  swdes dump  /home/dide/project/digital-ide-0.5.x/tests/project/temp/user/sdk/template/template_1/ps7_cortexa9_0/standalone_domain/bsp/system.mss|system_0||
/home/dide/project/digital-ide-0.5.x/tests/project/temp/user/sdk/template/template_1/zynq_fsbl/zynq_fsbl_bsp/system.mss|system||

TRACE::2026-09-21.22:25:21::SCWMssOS::Sw design exists and opened at  /home/dide/project/digital-ide-0.5.x/tests/project/temp/user/sdk/template/template_1/zynq_fsbl/zynq_fsbl_bsp/system.mss
TRACE::2026-09-21.22:25:21::SCWPlatform::Trying to open the hw design at /home/dide/project/digital-ide-0.5.x/tests/project/temp/user/sdk/template/template_1/hw/template.hdf
TRACE::2026-09-21.22:25:21::SCWPlatform::DSA given /home/dide/project/digital-ide-0.5.x/tests/project/temp/user/sdk/template/template_1/hw/template.dsa
TRACE::2026-09-21.22:25:21::SCWPlatform::DSA absoulate path /home/dide/project/digital-ide-0.5.x/tests/project/temp/user/sdk/template/template_1/hw/template.dsa
TRACE::2026-09-21.22:25:21::SCWPlatform::DSA directory /home/dide/project/digital-ide-0.5.x/tests/project/temp/user/sdk/template/template_1/hw
TRACE::2026-09-21.22:25:21::SCWPlatform:: Platform Path /home/dide/project/digital-ide-0.5.x/tests/project/temp/user/sdk/template/template_1/hw/template.dsa
TRACE::2026-09-21.22:25:21::SCWPlatform:: Unique name xilinx.com::system_wrapper:1.0
TRACE::2026-09-21.22:25:21::SCWPlatform::Trying to set the existing hwdb with name system_wrapper_0
TRACE::2026-09-21.22:25:21::SCWPlatform::Opened existing hwdb system_wrapper_0
TRACE::2026-09-21.22:25:21::SCWPlatform::Found the Hw Db part of the input DSA
TRACE::2026-09-21.22:25:21::SCWMssOS::Checking the sw design at  /home/dide/project/digital-ide-0.5.x/tests/project/temp/user/sdk/template/template_1/zynq_fsbl/zynq_fsbl_bsp/system.mss
TRACE::2026-09-21.22:25:21::SCWMssOS::DEBUG:  swdes dump  /home/dide/project/digital-ide-0.5.x/tests/project/temp/user/sdk/template/template_1/ps7_cortexa9_0/standalone_domain/bsp/system.mss|system_0||
/home/dide/project/digital-ide-0.5.x/tests/project/temp/user/sdk/template/template_1/zynq_fsbl/zynq_fsbl_bsp/system.mss|system||

TRACE::2026-09-21.22:25:21::SCWMssOS::Sw design exists and opened at  /home/dide/project/digital-ide-0.5.x/tests/project/temp/user/sdk/template/template_1/zynq_fsbl/zynq_fsbl_bsp/system.mss
TRACE::2026-09-21.22:25:21::SCWPlatform::Trying to open the hw design at /home/dide/project/digital-ide-0.5.x/tests/project/temp/user/sdk/template/template_1/hw/template.hdf
TRACE::2026-09-21.22:25:21::SCWPlatform::DSA given /home/dide/project/digital-ide-0.5.x/tests/project/temp/user/sdk/template/template_1/hw/template.dsa
TRACE::2026-09-21.22:25:21::SCWPlatform::DSA absoulate path /home/dide/project/digital-ide-0.5.x/tests/project/temp/user/sdk/template/template_1/hw/template.dsa
TRACE::2026-09-21.22:25:21::SCWPlatform::DSA directory /home/dide/project/digital-ide-0.5.x/tests/project/temp/user/sdk/template/template_1/hw
TRACE::2026-09-21.22:25:21::SCWPlatform:: Platform Path /home/dide/project/digital-ide-0.5.x/tests/project/temp/user/sdk/template/template_1/hw/template.dsa
TRACE::2026-09-21.22:25:21::SCWPlatform:: Unique name xilinx.com::system_wrapper:1.0
TRACE::2026-09-21.22:25:21::SCWPlatform::Trying to set the existing hwdb with name system_wrapper_0
TRACE::2026-09-21.22:25:21::SCWPlatform::Opened existing hwdb system_wrapper_0
TRACE::2026-09-21.22:25:21::SCWPlatform::Found the Hw Db part of the input DSA
TRACE::2026-09-21.22:25:21::SCWMssOS::Checking the sw design at  /home/dide/project/digital-ide-0.5.x/tests/project/temp/user/sdk/template/template_1/ps7_cortexa9_0/standalone_domain/bsp/system.mss
TRACE::2026-09-21.22:25:21::SCWMssOS::DEBUG:  swdes dump  /home/dide/project/digital-ide-0.5.x/tests/project/temp/user/sdk/template/template_1/ps7_cortexa9_0/standalone_domain/bsp/system.mss|system_0||
/home/dide/project/digital-ide-0.5.x/tests/project/temp/user/sdk/template/template_1/zynq_fsbl/zynq_fsbl_bsp/system.mss|system||

TRACE::2026-09-21.22:25:21::SCWMssOS::Sw design exists and opened at  /home/dide/project/digital-ide-0.5.x/tests/project/temp/user/sdk/template/template_1/ps7_cortexa9_0/standalone_domain/bsp/system.mss
TRACE::2026-09-21.22:25:21::SCWPlatform::Trying to open the hw design at /home/dide/project/digital-ide-0.5.x/tests/project/temp/user/sdk/template/template_1/hw/template.hdf
TRACE::2026-09-21.22:25:21::SCWPlatform::DSA given /home/dide/project/digital-ide-0.5.x/tests/project/temp/user/sdk/template/template_1/hw/template.dsa
TRACE::2026-09-21.22:25:21::SCWPlatform::DSA absoulate path /home/dide/project/digital-ide-0.5.x/tests/project/temp/user/sdk/template/template_1/hw/template.dsa
TRACE::2026-09-21.22:25:21::SCWPlatform::DSA directory /home/dide/project/digital-ide-0.5.x/tests/project/temp/user/sdk/template/template_1/hw
TRACE::2026-09-21.22:25:21::SCWPlatform:: Platform Path /home/dide/project/digital-ide-0.5.x/tests/project/temp/user/sdk/template/template_1/hw/template.dsa
TRACE::2026-09-21.22:25:21::SCWPlatform:: Unique name xilinx.com::system_wrapper:1.0
TRACE::2026-09-21.22:25:21::SCWPlatform::Trying to set the existing hwdb with name system_wrapper_0
TRACE::2026-09-21.22:25:21::SCWPlatform::Opened existing hwdb system_wrapper_0
TRACE::2026-09-21.22:25:21::SCWPlatform::Found the Hw Db part of the input DSA
TRACE::2026-09-21.22:25:21::SCWMssOS::Checking the sw design at  /home/dide/project/digital-ide-0.5.x/tests/project/temp/user/sdk/template/template_1/ps7_cortexa9_0/standalone_domain/bsp/system.mss
TRACE::2026-09-21.22:25:21::SCWMssOS::DEBUG:  swdes dump  /home/dide/project/digital-ide-0.5.x/tests/project/temp/user/sdk/template/template_1/ps7_cortexa9_0/standalone_domain/bsp/system.mss|system_0||
/home/dide/project/digital-ide-0.5.x/tests/project/temp/user/sdk/template/template_1/zynq_fsbl/zynq_fsbl_bsp/system.mss|system||

TRACE::2026-09-21.22:25:21::SCWMssOS::Sw design exists and opened at  /home/dide/project/digital-ide-0.5.x/tests/project/temp/user/sdk/template/template_1/ps7_cortexa9_0/standalone_domain/bsp/system.mss
TRACE::2026-09-21.22:25:21::SCWPlatform::Trying to open the hw design at /home/dide/project/digital-ide-0.5.x/tests/project/temp/user/sdk/template/template_1/hw/template.hdf
TRACE::2026-09-21.22:25:21::SCWPlatform::DSA given /home/dide/project/digital-ide-0.5.x/tests/project/temp/user/sdk/template/template_1/hw/template.dsa
TRACE::2026-09-21.22:25:21::SCWPlatform::DSA absoulate path /home/dide/project/digital-ide-0.5.x/tests/project/temp/user/sdk/template/template_1/hw/template.dsa
TRACE::2026-09-21.22:25:21::SCWPlatform::DSA directory /home/dide/project/digital-ide-0.5.x/tests/project/temp/user/sdk/template/template_1/hw
TRACE::2026-09-21.22:25:21::SCWPlatform:: Platform Path /home/dide/project/digital-ide-0.5.x/tests/project/temp/user/sdk/template/template_1/hw/template.dsa
TRACE::2026-09-21.22:25:21::SCWPlatform:: Unique name xilinx.com::system_wrapper:1.0
TRACE::2026-09-21.22:25:21::SCWPlatform::Trying to set the existing hwdb with name system_wrapper_0
TRACE::2026-09-21.22:25:21::SCWPlatform::Opened existing hwdb system_wrapper_0
TRACE::2026-09-21.22:25:21::SCWPlatform::Found the Hw Db part of the input DSA
TRACE::2026-09-21.22:25:21::SCWMssOS::Checking the sw design at  /home/dide/project/digital-ide-0.5.x/tests/project/temp/user/sdk/template/template_1/ps7_cortexa9_0/standalone_domain/bsp/system.mss
TRACE::2026-09-21.22:25:21::SCWMssOS::DEBUG:  swdes dump  /home/dide/project/digital-ide-0.5.x/tests/project/temp/user/sdk/template/template_1/ps7_cortexa9_0/standalone_domain/bsp/system.mss|system_0||
/home/dide/project/digital-ide-0.5.x/tests/project/temp/user/sdk/template/template_1/zynq_fsbl/zynq_fsbl_bsp/system.mss|system||

TRACE::2026-09-21.22:25:21::SCWMssOS::Sw design exists and opened at  /home/dide/project/digital-ide-0.5.x/tests/project/temp/user/sdk/template/template_1/ps7_cortexa9_0/standalone_domain/bsp/system.mss
TRACE::2026-09-21.22:25:21::SCWWriter::formatted JSON is {
	"platformName":	"template_1",
	"sprVersion":	"2.0",
	"mode":	"cmd",
	"dsaType":	"Fixed",
	"platformDesc":	"template_1",
	"platHandOff":	"/home/dide/project/digital-ide-0.5.x/tests/project/temp/user/sdk/data/template.hdf",
	"platIntHandOff":	"<platformDir>/hw/template.dsa",
	"deviceType":	"zynq",
	"platIsPrebuiltAutogen":	"false",
	"platIsNoBootBsp":	"false",
	"platFsblTarget":	"ps7_cortexa9_0",
	"hasFsblMakeHasChanges":	"false",
	"hasPmufwMakeHasChanges":	"false",
	"fsblExtraCompilerFlags":	"-MMD -MP       -mcpu=cortex-a9 -mfpu=vfpv3 -mfloat-abi=hard ",
	"platPreBuiltFlag":	false,
	"platformSamplesDir":	"",
	"platActiveSys":	"template_1",
	"systems":	[{
			"systemName":	"template_1",
			"systemDesc":	"template_1",
			"sysIsBootAutoGen":	"true",
			"systemDispName":	"template_1",
			"sysActiveDom":	"standalone_domain",
			"sysDefaultDom":	"standalone_domain",
			"domains":	[{
					"domainName":	"zynq_fsbl",
					"domainDispName":	"zynq_fsbl",
					"domainDesc":	"FSBL Application BSP - Auto Generated.",
					"processors":	"ps7_cortexa9_0",
					"os":	"standalone",
					"sdxOs":	"standalone",
					"debugEnable":	"",
					"domRuntimes":	["cpp"],
					"swRepo":	"",
					"mssOsVer":	"8.0",
					"mssFile":	"",
					"md5Digest":	"264b62a69d3539b851582d33f89bd97c",
					"compatibleApp":	"zynq_fsbl",
					"domType":	"bootDomain",
					"arch":	"32-bit",
					"appSettings":	{
						"appCompilerFlags":	"",
						"appLinkerFlags":	""
					},
					"addedLibs":	["xilffs:4.8", "xilrsa:1.6"],
					"libOptions":	{
						"libsContainingOptions":	[]
					},
					"prebuiltLibs":	{
						"prebuiltIncPath":	[],
						"prebuiltLibPath":	[]
					},
					"isolation":	{
					}
				}, {
					"domainName":	"standalone_domain",
					"domainDispName":	"standalone on ps7_cortexa9_0",
					"domainDesc":	"standalone_domain",
					"processors":	"ps7_cortexa9_0",
					"os":	"standalone",
					"sdxOs":	"standalone",
					"qemuArgs":	"<platformDir>/resources/template_1/standalone_domain/qemu_args.txt",
					"qemuData":	"<platformDir>/resources/template_1/standalone_domain/qemu",
					"debugEnable":	"False",
					"domRuntimes":	["cpp"],
					"swRepo":	"",
					"mssOsVer":	"8.0",
					"mssFile":	"",
					"md5Digest":	"c82b513b0de6575707d5c19c37e12898",
					"compatibleApp":	"hello_world",
					"domType":	"mssDomain",
					"arch":	"32-bit",
					"appSettings":	{
						"appCompilerFlags":	"",
						"appLinkerFlags":	""
					},
					"addedLibs":	[],
					"libOptions":	{
						"libsContainingOptions":	[]
					},
					"prebuiltLibs":	{
						"prebuiltIncPath":	[],
						"prebuiltLibPath":	[]
					},
					"isolation":	{
					}
				}]
		}]
}
LOG::2026-09-21.22:25:21::SCWPlatform::Started generating the artifacts platform template_1
TRACE::2026-09-21.22:25:21::SCWPlatform::Sanity checking of platform is completed
LOG::2026-09-21.22:25:21::SCWPlatform::Started generating the artifacts for system configuration template_1
LOG::2026-09-21.22:25:21::SCWSystem::Started Processing the domain standalone_domain
TRACE::2026-09-21.22:25:21::SCWDomain::Generating domain artifcats
TRACE::2026-09-21.22:25:21::SCWMssOS::Generating standalone artifcats
TRACE::2026-09-21.22:25:21::SCWMssOS::Copying the qemu file from  /home/dide/project/digital-ide-0.5.x/tests/project/temp/user/sdk/template/template_1/resources/template_1/standalone_domain/qemu_args.txt To /home/dide/project/digital-ide-0.5.x/tests/project/temp/user/sdk/template/template_1/export/template_1/sw/template_1/qemu/
TRACE::2026-09-21.22:25:21::SCWMssOS::Copying the qemu file from  /home/dide/project/digital-ide-0.5.x/tests/project/temp/user/sdk/template/template_1/resources/template_1/standalone_domain/qemu_args.txt To /home/dide/project/digital-ide-0.5.x/tests/project/temp/user/sdk/template/template_1/export/template_1/sw/template_1/standalone_domain/qemu/
TRACE::2026-09-21.22:25:21::SCWMssOS:: Copying the user libraries. 
TRACE::2026-09-21.22:25:21::SCWPlatform::Trying to open the hw design at /home/dide/project/digital-ide-0.5.x/tests/project/temp/user/sdk/template/template_1/hw/template.hdf
TRACE::2026-09-21.22:25:21::SCWPlatform::DSA given /home/dide/project/digital-ide-0.5.x/tests/project/temp/user/sdk/template/template_1/hw/template.dsa
TRACE::2026-09-21.22:25:21::SCWPlatform::DSA absoulate path /home/dide/project/digital-ide-0.5.x/tests/project/temp/user/sdk/template/template_1/hw/template.dsa
TRACE::2026-09-21.22:25:21::SCWPlatform::DSA directory /home/dide/project/digital-ide-0.5.x/tests/project/temp/user/sdk/template/template_1/hw
TRACE::2026-09-21.22:25:21::SCWPlatform:: Platform Path /home/dide/project/digital-ide-0.5.x/tests/project/temp/user/sdk/template/template_1/hw/template.dsa
TRACE::2026-09-21.22:25:21::SCWPlatform:: Unique name xilinx.com::system_wrapper:1.0
TRACE::2026-09-21.22:25:21::SCWPlatform::Trying to set the existing hwdb with name system_wrapper_0
TRACE::2026-09-21.22:25:21::SCWPlatform::Opened existing hwdb system_wrapper_0
TRACE::2026-09-21.22:25:21::SCWPlatform::Found the Hw Db part of the input DSA
TRACE::2026-09-21.22:25:21::SCWMssOS::Checking the sw design at  /home/dide/project/digital-ide-0.5.x/tests/project/temp/user/sdk/template/template_1/ps7_cortexa9_0/standalone_domain/bsp/system.mss
TRACE::2026-09-21.22:25:21::SCWMssOS::DEBUG:  swdes dump  /home/dide/project/digital-ide-0.5.x/tests/project/temp/user/sdk/template/template_1/ps7_cortexa9_0/standalone_domain/bsp/system.mss|system_0||
/home/dide/project/digital-ide-0.5.x/tests/project/temp/user/sdk/template/template_1/zynq_fsbl/zynq_fsbl_bsp/system.mss|system||

TRACE::2026-09-21.22:25:21::SCWMssOS::Sw design exists and opened at  /home/dide/project/digital-ide-0.5.x/tests/project/temp/user/sdk/template/template_1/ps7_cortexa9_0/standalone_domain/bsp/system.mss
TRACE::2026-09-21.22:25:21::SCWMssOS::Completed writing the mss file at /home/dide/project/digital-ide-0.5.x/tests/project/temp/user/sdk/template/template_1/ps7_cortexa9_0/standalone_domain/bsp
TRACE::2026-09-21.22:25:21::SCWMssOS::Mss edits present, copying mssfile into export location /home/dide/project/digital-ide-0.5.x/tests/project/temp/user/sdk/template/template_1/ps7_cortexa9_0/standalone_domain/bsp/system.mss
TRACE::2026-09-21.22:25:21::SCWMssOS::bsp generated is upto date with the mss file. Skipping bsp generation.
TRACE::2026-09-21.22:25:21::SCWMssOS::BSP is already built. skipping the bsp build ... 
TRACE::2026-09-21.22:25:21::SCWDomain::Building the domain as part of full build :  standalone_domain
TRACE::2026-09-21.22:25:21::SCWMssOS::skipping the bsp build ... 
TRACE::2026-09-21.22:25:21::SCWMssOS::Copying to export directory.
TRACE::2026-09-21.22:25:21::SCWMssOS:: Checking if to create the Supporting Applications
TRACE::2026-09-21.22:25:21::SCWMssOS:: No Linux domain exists, trying to generate FSBL 
TRACE::2026-09-21.22:25:21::SCWMssOS:: Completed Standalone Artifacts creation 
LOG::2026-09-21.22:25:21::SCWSystem::Completed Processing the domain standalone_domain
LOG::2026-09-21.22:25:21::SCWSystem::Completed Processing the sysconfig template_1
LOG::2026-09-21.22:25:21::SCWPlatform::Completed generating the artifacts for system configuration template_1
TRACE::2026-09-21.22:25:21::SCWPlatform::Started preparing the platform 
TRACE::2026-09-21.22:25:21::SCWSystem::Writing the bif file for system config template_1
TRACE::2026-09-21.22:25:21::SCWSystem::dir created 
TRACE::2026-09-21.22:25:21::SCWSystem::Writing the bif 
TRACE::2026-09-21.22:25:21::SCWPlatform::Started writing the spfm file 
TRACE::2026-09-21.22:25:21::SCWPlatform::Started writing the xpfm file 
TRACE::2026-09-21.22:25:21::SCWPlatform::Completed generating the platform
TRACE::2026-09-21.22:25:21::SCWMssOS::Saving the mss changes /home/dide/project/digital-ide-0.5.x/tests/project/temp/user/sdk/template/template_1/zynq_fsbl/zynq_fsbl_bsp/system.mss
TRACE::2026-09-21.22:25:21::SCWMssOS::Found a swdesign opened with the mssfile.
TRACE::2026-09-21.22:25:21::SCWMssOS::Completed writemss as part of save.
TRACE::2026-09-21.22:25:21::SCWMssOS::Commit changes completed.
TRACE::2026-09-21.22:25:21::SCWMssOS::Saving the mss changes /home/dide/project/digital-ide-0.5.x/tests/project/temp/user/sdk/template/template_1/ps7_cortexa9_0/standalone_domain/bsp/system.mss
TRACE::2026-09-21.22:25:21::SCWMssOS::Found a swdesign opened with the mssfile.
TRACE::2026-09-21.22:25:21::SCWMssOS::Completed writemss as part of save.
TRACE::2026-09-21.22:25:21::SCWMssOS::Commit changes completed.
TRACE::2026-09-21.22:25:21::SCWPlatform::Trying to open the hw design at /home/dide/project/digital-ide-0.5.x/tests/project/temp/user/sdk/template/template_1/hw/template.hdf
TRACE::2026-09-21.22:25:21::SCWPlatform::DSA given /home/dide/project/digital-ide-0.5.x/tests/project/temp/user/sdk/template/template_1/hw/template.dsa
TRACE::2026-09-21.22:25:21::SCWPlatform::DSA absoulate path /home/dide/project/digital-ide-0.5.x/tests/project/temp/user/sdk/template/template_1/hw/template.dsa
TRACE::2026-09-21.22:25:21::SCWPlatform::DSA directory /home/dide/project/digital-ide-0.5.x/tests/project/temp/user/sdk/template/template_1/hw
TRACE::2026-09-21.22:25:21::SCWPlatform:: Platform Path /home/dide/project/digital-ide-0.5.x/tests/project/temp/user/sdk/template/template_1/hw/template.dsa
TRACE::2026-09-21.22:25:21::SCWPlatform:: Unique name xilinx.com::system_wrapper:1.0
TRACE::2026-09-21.22:25:21::SCWPlatform::Trying to set the existing hwdb with name system_wrapper_0
TRACE::2026-09-21.22:25:21::SCWPlatform::Opened existing hwdb system_wrapper_0
TRACE::2026-09-21.22:25:21::SCWPlatform::Found the Hw Db part of the input DSA
TRACE::2026-09-21.22:25:21::SCWMssOS::Checking the sw design at  /home/dide/project/digital-ide-0.5.x/tests/project/temp/user/sdk/template/template_1/zynq_fsbl/zynq_fsbl_bsp/system.mss
TRACE::2026-09-21.22:25:21::SCWMssOS::DEBUG:  swdes dump  /home/dide/project/digital-ide-0.5.x/tests/project/temp/user/sdk/template/template_1/ps7_cortexa9_0/standalone_domain/bsp/system.mss|system_0||
/home/dide/project/digital-ide-0.5.x/tests/project/temp/user/sdk/template/template_1/zynq_fsbl/zynq_fsbl_bsp/system.mss|system||

TRACE::2026-09-21.22:25:21::SCWMssOS::Sw design exists and opened at  /home/dide/project/digital-ide-0.5.x/tests/project/temp/user/sdk/template/template_1/zynq_fsbl/zynq_fsbl_bsp/system.mss
TRACE::2026-09-21.22:25:21::SCWPlatform::Trying to open the hw design at /home/dide/project/digital-ide-0.5.x/tests/project/temp/user/sdk/template/template_1/hw/template.hdf
TRACE::2026-09-21.22:25:21::SCWPlatform::DSA given /home/dide/project/digital-ide-0.5.x/tests/project/temp/user/sdk/template/template_1/hw/template.dsa
TRACE::2026-09-21.22:25:21::SCWPlatform::DSA absoulate path /home/dide/project/digital-ide-0.5.x/tests/project/temp/user/sdk/template/template_1/hw/template.dsa
TRACE::2026-09-21.22:25:21::SCWPlatform::DSA directory /home/dide/project/digital-ide-0.5.x/tests/project/temp/user/sdk/template/template_1/hw
TRACE::2026-09-21.22:25:21::SCWPlatform:: Platform Path /home/dide/project/digital-ide-0.5.x/tests/project/temp/user/sdk/template/template_1/hw/template.dsa
TRACE::2026-09-21.22:25:21::SCWPlatform:: Unique name xilinx.com::system_wrapper:1.0
TRACE::2026-09-21.22:25:21::SCWPlatform::Trying to set the existing hwdb with name system_wrapper_0
TRACE::2026-09-21.22:25:21::SCWPlatform::Opened existing hwdb system_wrapper_0
TRACE::2026-09-21.22:25:21::SCWPlatform::Found the Hw Db part of the input DSA
TRACE::2026-09-21.22:25:21::SCWMssOS::Checking the sw design at  /home/dide/project/digital-ide-0.5.x/tests/project/temp/user/sdk/template/template_1/zynq_fsbl/zynq_fsbl_bsp/system.mss
TRACE::2026-09-21.22:25:21::SCWMssOS::DEBUG:  swdes dump  /home/dide/project/digital-ide-0.5.x/tests/project/temp/user/sdk/template/template_1/ps7_cortexa9_0/standalone_domain/bsp/system.mss|system_0||
/home/dide/project/digital-ide-0.5.x/tests/project/temp/user/sdk/template/template_1/zynq_fsbl/zynq_fsbl_bsp/system.mss|system||

TRACE::2026-09-21.22:25:21::SCWMssOS::Sw design exists and opened at  /home/dide/project/digital-ide-0.5.x/tests/project/temp/user/sdk/template/template_1/zynq_fsbl/zynq_fsbl_bsp/system.mss
TRACE::2026-09-21.22:25:21::SCWPlatform::Trying to open the hw design at /home/dide/project/digital-ide-0.5.x/tests/project/temp/user/sdk/template/template_1/hw/template.hdf
TRACE::2026-09-21.22:25:21::SCWPlatform::DSA given /home/dide/project/digital-ide-0.5.x/tests/project/temp/user/sdk/template/template_1/hw/template.dsa
TRACE::2026-09-21.22:25:21::SCWPlatform::DSA absoulate path /home/dide/project/digital-ide-0.5.x/tests/project/temp/user/sdk/template/template_1/hw/template.dsa
TRACE::2026-09-21.22:25:21::SCWPlatform::DSA directory /home/dide/project/digital-ide-0.5.x/tests/project/temp/user/sdk/template/template_1/hw
TRACE::2026-09-21.22:25:21::SCWPlatform:: Platform Path /home/dide/project/digital-ide-0.5.x/tests/project/temp/user/sdk/template/template_1/hw/template.dsa
TRACE::2026-09-21.22:25:21::SCWPlatform:: Unique name xilinx.com::system_wrapper:1.0
TRACE::2026-09-21.22:25:21::SCWPlatform::Trying to set the existing hwdb with name system_wrapper_0
TRACE::2026-09-21.22:25:21::SCWPlatform::Opened existing hwdb system_wrapper_0
TRACE::2026-09-21.22:25:21::SCWPlatform::Found the Hw Db part of the input DSA
TRACE::2026-09-21.22:25:21::SCWMssOS::Checking the sw design at  /home/dide/project/digital-ide-0.5.x/tests/project/temp/user/sdk/template/template_1/zynq_fsbl/zynq_fsbl_bsp/system.mss
TRACE::2026-09-21.22:25:21::SCWMssOS::DEBUG:  swdes dump  /home/dide/project/digital-ide-0.5.x/tests/project/temp/user/sdk/template/template_1/ps7_cortexa9_0/standalone_domain/bsp/system.mss|system_0||
/home/dide/project/digital-ide-0.5.x/tests/project/temp/user/sdk/template/template_1/zynq_fsbl/zynq_fsbl_bsp/system.mss|system||

TRACE::2026-09-21.22:25:21::SCWMssOS::Sw design exists and opened at  /home/dide/project/digital-ide-0.5.x/tests/project/temp/user/sdk/template/template_1/zynq_fsbl/zynq_fsbl_bsp/system.mss
TRACE::2026-09-21.22:25:21::SCWPlatform::Trying to open the hw design at /home/dide/project/digital-ide-0.5.x/tests/project/temp/user/sdk/template/template_1/hw/template.hdf
TRACE::2026-09-21.22:25:21::SCWPlatform::DSA given /home/dide/project/digital-ide-0.5.x/tests/project/temp/user/sdk/template/template_1/hw/template.dsa
TRACE::2026-09-21.22:25:21::SCWPlatform::DSA absoulate path /home/dide/project/digital-ide-0.5.x/tests/project/temp/user/sdk/template/template_1/hw/template.dsa
TRACE::2026-09-21.22:25:21::SCWPlatform::DSA directory /home/dide/project/digital-ide-0.5.x/tests/project/temp/user/sdk/template/template_1/hw
TRACE::2026-09-21.22:25:21::SCWPlatform:: Platform Path /home/dide/project/digital-ide-0.5.x/tests/project/temp/user/sdk/template/template_1/hw/template.dsa
TRACE::2026-09-21.22:25:21::SCWPlatform:: Unique name xilinx.com::system_wrapper:1.0
TRACE::2026-09-21.22:25:21::SCWPlatform::Trying to set the existing hwdb with name system_wrapper_0
TRACE::2026-09-21.22:25:21::SCWPlatform::Opened existing hwdb system_wrapper_0
TRACE::2026-09-21.22:25:21::SCWPlatform::Found the Hw Db part of the input DSA
TRACE::2026-09-21.22:25:21::SCWMssOS::Checking the sw design at  /home/dide/project/digital-ide-0.5.x/tests/project/temp/user/sdk/template/template_1/ps7_cortexa9_0/standalone_domain/bsp/system.mss
TRACE::2026-09-21.22:25:21::SCWMssOS::DEBUG:  swdes dump  /home/dide/project/digital-ide-0.5.x/tests/project/temp/user/sdk/template/template_1/ps7_cortexa9_0/standalone_domain/bsp/system.mss|system_0||
/home/dide/project/digital-ide-0.5.x/tests/project/temp/user/sdk/template/template_1/zynq_fsbl/zynq_fsbl_bsp/system.mss|system||

TRACE::2026-09-21.22:25:21::SCWMssOS::Sw design exists and opened at  /home/dide/project/digital-ide-0.5.x/tests/project/temp/user/sdk/template/template_1/ps7_cortexa9_0/standalone_domain/bsp/system.mss
TRACE::2026-09-21.22:25:21::SCWPlatform::Trying to open the hw design at /home/dide/project/digital-ide-0.5.x/tests/project/temp/user/sdk/template/template_1/hw/template.hdf
TRACE::2026-09-21.22:25:21::SCWPlatform::DSA given /home/dide/project/digital-ide-0.5.x/tests/project/temp/user/sdk/template/template_1/hw/template.dsa
TRACE::2026-09-21.22:25:21::SCWPlatform::DSA absoulate path /home/dide/project/digital-ide-0.5.x/tests/project/temp/user/sdk/template/template_1/hw/template.dsa
TRACE::2026-09-21.22:25:21::SCWPlatform::DSA directory /home/dide/project/digital-ide-0.5.x/tests/project/temp/user/sdk/template/template_1/hw
TRACE::2026-09-21.22:25:21::SCWPlatform:: Platform Path /home/dide/project/digital-ide-0.5.x/tests/project/temp/user/sdk/template/template_1/hw/template.dsa
TRACE::2026-09-21.22:25:21::SCWPlatform:: Unique name xilinx.com::system_wrapper:1.0
TRACE::2026-09-21.22:25:21::SCWPlatform::Trying to set the existing hwdb with name system_wrapper_0
TRACE::2026-09-21.22:25:21::SCWPlatform::Opened existing hwdb system_wrapper_0
TRACE::2026-09-21.22:25:21::SCWPlatform::Found the Hw Db part of the input DSA
TRACE::2026-09-21.22:25:21::SCWMssOS::Checking the sw design at  /home/dide/project/digital-ide-0.5.x/tests/project/temp/user/sdk/template/template_1/ps7_cortexa9_0/standalone_domain/bsp/system.mss
TRACE::2026-09-21.22:25:21::SCWMssOS::DEBUG:  swdes dump  /home/dide/project/digital-ide-0.5.x/tests/project/temp/user/sdk/template/template_1/ps7_cortexa9_0/standalone_domain/bsp/system.mss|system_0||
/home/dide/project/digital-ide-0.5.x/tests/project/temp/user/sdk/template/template_1/zynq_fsbl/zynq_fsbl_bsp/system.mss|system||

TRACE::2026-09-21.22:25:21::SCWMssOS::Sw design exists and opened at  /home/dide/project/digital-ide-0.5.x/tests/project/temp/user/sdk/template/template_1/ps7_cortexa9_0/standalone_domain/bsp/system.mss
TRACE::2026-09-21.22:25:21::SCWPlatform::Trying to open the hw design at /home/dide/project/digital-ide-0.5.x/tests/project/temp/user/sdk/template/template_1/hw/template.hdf
TRACE::2026-09-21.22:25:21::SCWPlatform::DSA given /home/dide/project/digital-ide-0.5.x/tests/project/temp/user/sdk/template/template_1/hw/template.dsa
TRACE::2026-09-21.22:25:21::SCWPlatform::DSA absoulate path /home/dide/project/digital-ide-0.5.x/tests/project/temp/user/sdk/template/template_1/hw/template.dsa
TRACE::2026-09-21.22:25:21::SCWPlatform::DSA directory /home/dide/project/digital-ide-0.5.x/tests/project/temp/user/sdk/template/template_1/hw
TRACE::2026-09-21.22:25:21::SCWPlatform:: Platform Path /home/dide/project/digital-ide-0.5.x/tests/project/temp/user/sdk/template/template_1/hw/template.dsa
TRACE::2026-09-21.22:25:21::SCWPlatform:: Unique name xilinx.com::system_wrapper:1.0
TRACE::2026-09-21.22:25:21::SCWPlatform::Trying to set the existing hwdb with name system_wrapper_0
TRACE::2026-09-21.22:25:21::SCWPlatform::Opened existing hwdb system_wrapper_0
TRACE::2026-09-21.22:25:21::SCWPlatform::Found the Hw Db part of the input DSA
TRACE::2026-09-21.22:25:21::SCWMssOS::Checking the sw design at  /home/dide/project/digital-ide-0.5.x/tests/project/temp/user/sdk/template/template_1/ps7_cortexa9_0/standalone_domain/bsp/system.mss
TRACE::2026-09-21.22:25:21::SCWMssOS::DEBUG:  swdes dump  /home/dide/project/digital-ide-0.5.x/tests/project/temp/user/sdk/template/template_1/ps7_cortexa9_0/standalone_domain/bsp/system.mss|system_0||
/home/dide/project/digital-ide-0.5.x/tests/project/temp/user/sdk/template/template_1/zynq_fsbl/zynq_fsbl_bsp/system.mss|system||

TRACE::2026-09-21.22:25:21::SCWMssOS::Sw design exists and opened at  /home/dide/project/digital-ide-0.5.x/tests/project/temp/user/sdk/template/template_1/ps7_cortexa9_0/standalone_domain/bsp/system.mss
TRACE::2026-09-21.22:25:21::SCWWriter::formatted JSON is {
	"platformName":	"template_1",
	"sprVersion":	"2.0",
	"mode":	"cmd",
	"dsaType":	"Fixed",
	"platformDesc":	"template_1",
	"platHandOff":	"/home/dide/project/digital-ide-0.5.x/tests/project/temp/user/sdk/data/template.hdf",
	"platIntHandOff":	"<platformDir>/hw/template.dsa",
	"deviceType":	"zynq",
	"platIsPrebuiltAutogen":	"false",
	"platIsNoBootBsp":	"false",
	"platFsblTarget":	"ps7_cortexa9_0",
	"hasFsblMakeHasChanges":	"false",
	"hasPmufwMakeHasChanges":	"false",
	"fsblExtraCompilerFlags":	"-MMD -MP       -mcpu=cortex-a9 -mfpu=vfpv3 -mfloat-abi=hard ",
	"platPreBuiltFlag":	false,
	"platformSamplesDir":	"",
	"platActiveSys":	"template_1",
	"systems":	[{
			"systemName":	"template_1",
			"systemDesc":	"template_1",
			"sysIsBootAutoGen":	"true",
			"systemDispName":	"template_1",
			"sysActiveDom":	"standalone_domain",
			"sysDefaultDom":	"standalone_domain",
			"domains":	[{
					"domainName":	"zynq_fsbl",
					"domainDispName":	"zynq_fsbl",
					"domainDesc":	"FSBL Application BSP - Auto Generated.",
					"processors":	"ps7_cortexa9_0",
					"os":	"standalone",
					"sdxOs":	"standalone",
					"debugEnable":	"",
					"domRuntimes":	["cpp"],
					"swRepo":	"",
					"mssOsVer":	"8.0",
					"mssFile":	"",
					"md5Digest":	"264b62a69d3539b851582d33f89bd97c",
					"compatibleApp":	"zynq_fsbl",
					"domType":	"bootDomain",
					"arch":	"32-bit",
					"appSettings":	{
						"appCompilerFlags":	"",
						"appLinkerFlags":	""
					},
					"addedLibs":	["xilffs:4.8", "xilrsa:1.6"],
					"libOptions":	{
						"libsContainingOptions":	[]
					},
					"prebuiltLibs":	{
						"prebuiltIncPath":	[],
						"prebuiltLibPath":	[]
					},
					"isolation":	{
					}
				}, {
					"domainName":	"standalone_domain",
					"domainDispName":	"standalone on ps7_cortexa9_0",
					"domainDesc":	"standalone_domain",
					"processors":	"ps7_cortexa9_0",
					"os":	"standalone",
					"sdxOs":	"standalone",
					"qemuArgs":	"<platformDir>/resources/template_1/standalone_domain/qemu_args.txt",
					"qemuData":	"<platformDir>/resources/template_1/standalone_domain/qemu",
					"debugEnable":	"False",
					"domRuntimes":	["cpp"],
					"swRepo":	"",
					"mssOsVer":	"8.0",
					"mssFile":	"",
					"md5Digest":	"c82b513b0de6575707d5c19c37e12898",
					"compatibleApp":	"hello_world",
					"domType":	"mssDomain",
					"arch":	"32-bit",
					"appSettings":	{
						"appCompilerFlags":	"",
						"appLinkerFlags":	""
					},
					"addedLibs":	[],
					"libOptions":	{
						"libsContainingOptions":	[]
					},
					"prebuiltLibs":	{
						"prebuiltIncPath":	[],
						"prebuiltLibPath":	[]
					},
					"isolation":	{
					}
				}]
		}]
}
KEYINFO::2026-09-21.22:25:21::SCWPlatform::updated the xpfm file.
TRACE::2026-09-21.22:36:20::SCWPlatform::Trying to open the hw design at /home/dide/project/digital-ide-0.5.x/tests/project/temp/user/sdk/template/template_1/hw/template.hdf
TRACE::2026-09-21.22:36:20::SCWPlatform::DSA given /home/dide/project/digital-ide-0.5.x/tests/project/temp/user/sdk/template/template_1/hw/template.dsa
TRACE::2026-09-21.22:36:20::SCWPlatform::DSA absoulate path /home/dide/project/digital-ide-0.5.x/tests/project/temp/user/sdk/template/template_1/hw/template.dsa
TRACE::2026-09-21.22:36:20::SCWPlatform::DSA directory /home/dide/project/digital-ide-0.5.x/tests/project/temp/user/sdk/template/template_1/hw
TRACE::2026-09-21.22:36:20::SCWPlatform:: Platform Path /home/dide/project/digital-ide-0.5.x/tests/project/temp/user/sdk/template/template_1/hw/template.dsa
TRACE::2026-09-21.22:36:20::SCWPlatform:: Unique name xilinx.com::system_wrapper:1.0
TRACE::2026-09-21.22:36:20::SCWPlatform::Do not have an existing db opened. 
TRACE::2026-09-21.22:36:20::SCWPlatform::Opened new HwDB with name system_wrapper_0
TRACE::2026-09-21.22:36:20::SCWReader::Active system found as  template_1
TRACE::2026-09-21.22:36:20::SCWReader::Handling sysconfig template_1
TRACE::2026-09-21.22:36:20::SCWDomain::checking for install qemu data   : 
TRACE::2026-09-21.22:36:20::SCWDomain:: Using the QEMU Data from install at  : /opt/xilinx/Vitis/2022.2/data/emulation/platforms/zynq/sw/a9_standalone/qemu/
TRACE::2026-09-21.22:36:20::SCWDomain:: Using the QEMU args  from install at  : /opt/xilinx/Vitis/2022.2/data/emulation/platforms/zynq/sw/a9_standalone/qemu/qemu_args.txt
TRACE::2026-09-21.22:36:20::SCWPlatform::Trying to open the hw design at /home/dide/project/digital-ide-0.5.x/tests/project/temp/user/sdk/template/template_1/hw/template.hdf
TRACE::2026-09-21.22:36:20::SCWPlatform::DSA given /home/dide/project/digital-ide-0.5.x/tests/project/temp/user/sdk/template/template_1/hw/template.dsa
TRACE::2026-09-21.22:36:20::SCWPlatform::DSA absoulate path /home/dide/project/digital-ide-0.5.x/tests/project/temp/user/sdk/template/template_1/hw/template.dsa
TRACE::2026-09-21.22:36:20::SCWPlatform::DSA directory /home/dide/project/digital-ide-0.5.x/tests/project/temp/user/sdk/template/template_1/hw
TRACE::2026-09-21.22:36:20::SCWPlatform:: Platform Path /home/dide/project/digital-ide-0.5.x/tests/project/temp/user/sdk/template/template_1/hw/template.dsa
TRACE::2026-09-21.22:36:20::SCWPlatform:: Unique name xilinx.com::system_wrapper:1.0
TRACE::2026-09-21.22:36:20::SCWPlatform::Trying to set the existing hwdb with name system_wrapper_0
TRACE::2026-09-21.22:36:20::SCWPlatform::Opened existing hwdb system_wrapper_0
TRACE::2026-09-21.22:36:20::SCWPlatform::Found the Hw Db part of the input DSA
TRACE::2026-09-21.22:36:20::SCWPlatform::Trying to open the hw design at /home/dide/project/digital-ide-0.5.x/tests/project/temp/user/sdk/template/template_1/hw/template.hdf
TRACE::2026-09-21.22:36:20::SCWPlatform::DSA given /home/dide/project/digital-ide-0.5.x/tests/project/temp/user/sdk/template/template_1/hw/template.dsa
TRACE::2026-09-21.22:36:20::SCWPlatform::DSA absoulate path /home/dide/project/digital-ide-0.5.x/tests/project/temp/user/sdk/template/template_1/hw/template.dsa
TRACE::2026-09-21.22:36:20::SCWPlatform::DSA directory /home/dide/project/digital-ide-0.5.x/tests/project/temp/user/sdk/template/template_1/hw
TRACE::2026-09-21.22:36:20::SCWPlatform:: Platform Path /home/dide/project/digital-ide-0.5.x/tests/project/temp/user/sdk/template/template_1/hw/template.dsa
TRACE::2026-09-21.22:36:20::SCWPlatform:: Unique name xilinx.com::system_wrapper:1.0
TRACE::2026-09-21.22:36:20::SCWPlatform::Trying to set the existing hwdb with name system_wrapper_0
TRACE::2026-09-21.22:36:20::SCWPlatform::Opened existing hwdb system_wrapper_0
TRACE::2026-09-21.22:36:20::SCWPlatform::Found the Hw Db part of the input DSA
TRACE::2026-09-21.22:36:20::SCWPlatform::Trying to open the hw design at /home/dide/project/digital-ide-0.5.x/tests/project/temp/user/sdk/template/template_1/hw/template.hdf
TRACE::2026-09-21.22:36:20::SCWPlatform::DSA given /home/dide/project/digital-ide-0.5.x/tests/project/temp/user/sdk/template/template_1/hw/template.dsa
TRACE::2026-09-21.22:36:20::SCWPlatform::DSA absoulate path /home/dide/project/digital-ide-0.5.x/tests/project/temp/user/sdk/template/template_1/hw/template.dsa
TRACE::2026-09-21.22:36:20::SCWPlatform::DSA directory /home/dide/project/digital-ide-0.5.x/tests/project/temp/user/sdk/template/template_1/hw
TRACE::2026-09-21.22:36:20::SCWPlatform:: Platform Path /home/dide/project/digital-ide-0.5.x/tests/project/temp/user/sdk/template/template_1/hw/template.dsa
TRACE::2026-09-21.22:36:20::SCWPlatform:: Unique name xilinx.com::system_wrapper:1.0
TRACE::2026-09-21.22:36:20::SCWPlatform::Trying to set the existing hwdb with name system_wrapper_0
TRACE::2026-09-21.22:36:20::SCWPlatform::Opened existing hwdb system_wrapper_0
TRACE::2026-09-21.22:36:20::SCWPlatform::Found the Hw Db part of the input DSA
TRACE::2026-09-21.22:36:20::SCWReader::Boot application domain added for zynq_fsbl
TRACE::2026-09-21.22:36:20::SCWPlatform::Trying to open the hw design at /home/dide/project/digital-ide-0.5.x/tests/project/temp/user/sdk/template/template_1/hw/template.hdf
TRACE::2026-09-21.22:36:20::SCWPlatform::DSA given /home/dide/project/digital-ide-0.5.x/tests/project/temp/user/sdk/template/template_1/hw/template.dsa
TRACE::2026-09-21.22:36:20::SCWPlatform::DSA absoulate path /home/dide/project/digital-ide-0.5.x/tests/project/temp/user/sdk/template/template_1/hw/template.dsa
TRACE::2026-09-21.22:36:20::SCWPlatform::DSA directory /home/dide/project/digital-ide-0.5.x/tests/project/temp/user/sdk/template/template_1/hw
TRACE::2026-09-21.22:36:20::SCWPlatform:: Platform Path /home/dide/project/digital-ide-0.5.x/tests/project/temp/user/sdk/template/template_1/hw/template.dsa
TRACE::2026-09-21.22:36:20::SCWPlatform:: Unique name xilinx.com::system_wrapper:1.0
TRACE::2026-09-21.22:36:20::SCWPlatform::Trying to set the existing hwdb with name system_wrapper_0
TRACE::2026-09-21.22:36:20::SCWPlatform::Opened existing hwdb system_wrapper_0
TRACE::2026-09-21.22:36:20::SCWPlatform::Found the Hw Db part of the input DSA
TRACE::2026-09-21.22:36:20::SCWMssOS::Checking the sw design at  /home/dide/project/digital-ide-0.5.x/tests/project/temp/user/sdk/template/template_1/zynq_fsbl/zynq_fsbl_bsp/system.mss
TRACE::2026-09-21.22:36:20::SCWMssOS::DEBUG:  swdes dump  
TRACE::2026-09-21.22:36:20::SCWMssOS::No sw design opened at  /home/dide/project/digital-ide-0.5.x/tests/project/temp/user/sdk/template/template_1/zynq_fsbl/zynq_fsbl_bsp/system.mss
TRACE::2026-09-21.22:36:20::SCWMssOS::mss exists loading the mss file  /home/dide/project/digital-ide-0.5.x/tests/project/temp/user/sdk/template/template_1/zynq_fsbl/zynq_fsbl_bsp/system.mss
TRACE::2026-09-21.22:36:20::SCWMssOS::Opened the sw design from mss  /home/dide/project/digital-ide-0.5.x/tests/project/temp/user/sdk/template/template_1/zynq_fsbl/zynq_fsbl_bsp/system.mss
TRACE::2026-09-21.22:36:20::SCWMssOS::Adding the swdes entry /home/dide/project/digital-ide-0.5.x/tests/project/temp/user/sdk/template/template_1/zynq_fsbl/zynq_fsbl_bsp/system.mss with des name system
TRACE::2026-09-21.22:36:20::SCWMssOS::updating the scw layer about changes
TRACE::2026-09-21.22:36:20::SCWMssOS::Opened the sw design.  /home/dide/project/digital-ide-0.5.x/tests/project/temp/user/sdk/template/template_1/zynq_fsbl/zynq_fsbl_bsp/system.mss
TRACE::2026-09-21.22:36:20::SCWPlatform::Trying to open the hw design at /home/dide/project/digital-ide-0.5.x/tests/project/temp/user/sdk/template/template_1/hw/template.hdf
TRACE::2026-09-21.22:36:20::SCWPlatform::DSA given /home/dide/project/digital-ide-0.5.x/tests/project/temp/user/sdk/template/template_1/hw/template.dsa
TRACE::2026-09-21.22:36:20::SCWPlatform::DSA absoulate path /home/dide/project/digital-ide-0.5.x/tests/project/temp/user/sdk/template/template_1/hw/template.dsa
TRACE::2026-09-21.22:36:20::SCWPlatform::DSA directory /home/dide/project/digital-ide-0.5.x/tests/project/temp/user/sdk/template/template_1/hw
TRACE::2026-09-21.22:36:20::SCWPlatform:: Platform Path /home/dide/project/digital-ide-0.5.x/tests/project/temp/user/sdk/template/template_1/hw/template.dsa
TRACE::2026-09-21.22:36:20::SCWPlatform:: Unique name xilinx.com::system_wrapper:1.0
TRACE::2026-09-21.22:36:20::SCWPlatform::Trying to set the existing hwdb with name system_wrapper_0
TRACE::2026-09-21.22:36:20::SCWPlatform::Opened existing hwdb system_wrapper_0
TRACE::2026-09-21.22:36:20::SCWPlatform::Found the Hw Db part of the input DSA
TRACE::2026-09-21.22:36:20::SCWMssOS::Checking the sw design at  /home/dide/project/digital-ide-0.5.x/tests/project/temp/user/sdk/template/template_1/zynq_fsbl/zynq_fsbl_bsp/system.mss
TRACE::2026-09-21.22:36:20::SCWMssOS::DEBUG:  swdes dump  /home/dide/project/digital-ide-0.5.x/tests/project/temp/user/sdk/template/template_1/zynq_fsbl/zynq_fsbl_bsp/system.mss|system||

TRACE::2026-09-21.22:36:20::SCWMssOS::Sw design exists and opened at  /home/dide/project/digital-ide-0.5.x/tests/project/temp/user/sdk/template/template_1/zynq_fsbl/zynq_fsbl_bsp/system.mss
TRACE::2026-09-21.22:36:20::SCWMssOS:: library already available in sw design:  xilffs:4.8
TRACE::2026-09-21.22:36:20::SCWPlatform::Trying to open the hw design at /home/dide/project/digital-ide-0.5.x/tests/project/temp/user/sdk/template/template_1/hw/template.hdf
TRACE::2026-09-21.22:36:20::SCWPlatform::DSA given /home/dide/project/digital-ide-0.5.x/tests/project/temp/user/sdk/template/template_1/hw/template.dsa
TRACE::2026-09-21.22:36:20::SCWPlatform::DSA absoulate path /home/dide/project/digital-ide-0.5.x/tests/project/temp/user/sdk/template/template_1/hw/template.dsa
TRACE::2026-09-21.22:36:20::SCWPlatform::DSA directory /home/dide/project/digital-ide-0.5.x/tests/project/temp/user/sdk/template/template_1/hw
TRACE::2026-09-21.22:36:20::SCWPlatform:: Platform Path /home/dide/project/digital-ide-0.5.x/tests/project/temp/user/sdk/template/template_1/hw/template.dsa
TRACE::2026-09-21.22:36:20::SCWPlatform:: Unique name xilinx.com::system_wrapper:1.0
TRACE::2026-09-21.22:36:20::SCWPlatform::Trying to set the existing hwdb with name system_wrapper_0
TRACE::2026-09-21.22:36:20::SCWPlatform::Opened existing hwdb system_wrapper_0
TRACE::2026-09-21.22:36:20::SCWPlatform::Found the Hw Db part of the input DSA
TRACE::2026-09-21.22:36:20::SCWMssOS::Checking the sw design at  /home/dide/project/digital-ide-0.5.x/tests/project/temp/user/sdk/template/template_1/zynq_fsbl/zynq_fsbl_bsp/system.mss
TRACE::2026-09-21.22:36:20::SCWMssOS::DEBUG:  swdes dump  /home/dide/project/digital-ide-0.5.x/tests/project/temp/user/sdk/template/template_1/zynq_fsbl/zynq_fsbl_bsp/system.mss|system||

TRACE::2026-09-21.22:36:20::SCWMssOS::Sw design exists and opened at  /home/dide/project/digital-ide-0.5.x/tests/project/temp/user/sdk/template/template_1/zynq_fsbl/zynq_fsbl_bsp/system.mss
TRACE::2026-09-21.22:36:20::SCWMssOS:: library already available in sw design:  xilrsa:1.6
TRACE::2026-09-21.22:36:20::SCWMssOS::Saving the mss changes /home/dide/project/digital-ide-0.5.x/tests/project/temp/user/sdk/template/template_1/zynq_fsbl/zynq_fsbl_bsp/system.mss
TRACE::2026-09-21.22:36:20::SCWMssOS::Found a swdesign opened with the mssfile.
TRACE::2026-09-21.22:36:20::SCWMssOS::Completed writemss as part of save.
TRACE::2026-09-21.22:36:20::SCWMssOS::Commit changes completed.
TRACE::2026-09-21.22:36:20::SCWReader::Adding prebuilt librarypaths as   
TRACE::2026-09-21.22:36:20::SCWReader::Adding prebuilt incpaths  as   
TRACE::2026-09-21.22:36:20::SCWPlatform::Trying to open the hw design at /home/dide/project/digital-ide-0.5.x/tests/project/temp/user/sdk/template/template_1/hw/template.hdf
TRACE::2026-09-21.22:36:20::SCWPlatform::DSA given /home/dide/project/digital-ide-0.5.x/tests/project/temp/user/sdk/template/template_1/hw/template.dsa
TRACE::2026-09-21.22:36:20::SCWPlatform::DSA absoulate path /home/dide/project/digital-ide-0.5.x/tests/project/temp/user/sdk/template/template_1/hw/template.dsa
TRACE::2026-09-21.22:36:20::SCWPlatform::DSA directory /home/dide/project/digital-ide-0.5.x/tests/project/temp/user/sdk/template/template_1/hw
TRACE::2026-09-21.22:36:20::SCWPlatform:: Platform Path /home/dide/project/digital-ide-0.5.x/tests/project/temp/user/sdk/template/template_1/hw/template.dsa
TRACE::2026-09-21.22:36:20::SCWPlatform:: Unique name xilinx.com::system_wrapper:1.0
TRACE::2026-09-21.22:36:20::SCWPlatform::Trying to set the existing hwdb with name system_wrapper_0
TRACE::2026-09-21.22:36:20::SCWPlatform::Opened existing hwdb system_wrapper_0
TRACE::2026-09-21.22:36:20::SCWPlatform::Found the Hw Db part of the input DSA
TRACE::2026-09-21.22:36:20::SCWMssOS::Checking the sw design at  /home/dide/project/digital-ide-0.5.x/tests/project/temp/user/sdk/template/template_1/zynq_fsbl/zynq_fsbl_bsp/system.mss
TRACE::2026-09-21.22:36:20::SCWMssOS::DEBUG:  swdes dump  /home/dide/project/digital-ide-0.5.x/tests/project/temp/user/sdk/template/template_1/zynq_fsbl/zynq_fsbl_bsp/system.mss|system||

TRACE::2026-09-21.22:36:20::SCWMssOS::Sw design exists and opened at  /home/dide/project/digital-ide-0.5.x/tests/project/temp/user/sdk/template/template_1/zynq_fsbl/zynq_fsbl_bsp/system.mss
TRACE::2026-09-21.22:36:20::SCWReader::No isolation master present  
TRACE::2026-09-21.22:36:20::SCWDomain::checking for install qemu data   : 
TRACE::2026-09-21.22:36:20::SCWDomain:: Using the QEMU Data from install at  : /opt/xilinx/Vitis/2022.2/data/emulation/platforms/zynq/sw/a9_standalone/qemu/
TRACE::2026-09-21.22:36:20::SCWDomain:: Using the QEMU args  from install at  : /opt/xilinx/Vitis/2022.2/data/emulation/platforms/zynq/sw/a9_standalone/qemu/qemu_args.txt
TRACE::2026-09-21.22:36:20::SCWPlatform::Trying to open the hw design at /home/dide/project/digital-ide-0.5.x/tests/project/temp/user/sdk/template/template_1/hw/template.hdf
TRACE::2026-09-21.22:36:20::SCWPlatform::DSA given /home/dide/project/digital-ide-0.5.x/tests/project/temp/user/sdk/template/template_1/hw/template.dsa
TRACE::2026-09-21.22:36:20::SCWPlatform::DSA absoulate path /home/dide/project/digital-ide-0.5.x/tests/project/temp/user/sdk/template/template_1/hw/template.dsa
TRACE::2026-09-21.22:36:20::SCWPlatform::DSA directory /home/dide/project/digital-ide-0.5.x/tests/project/temp/user/sdk/template/template_1/hw
TRACE::2026-09-21.22:36:20::SCWPlatform:: Platform Path /home/dide/project/digital-ide-0.5.x/tests/project/temp/user/sdk/template/template_1/hw/template.dsa
TRACE::2026-09-21.22:36:20::SCWPlatform:: Unique name xilinx.com::system_wrapper:1.0
TRACE::2026-09-21.22:36:20::SCWPlatform::Trying to set the existing hwdb with name system_wrapper_0
TRACE::2026-09-21.22:36:20::SCWPlatform::Opened existing hwdb system_wrapper_0
TRACE::2026-09-21.22:36:20::SCWPlatform::Found the Hw Db part of the input DSA
TRACE::2026-09-21.22:36:20::SCWPlatform::Trying to open the hw design at /home/dide/project/digital-ide-0.5.x/tests/project/temp/user/sdk/template/template_1/hw/template.hdf
TRACE::2026-09-21.22:36:20::SCWPlatform::DSA given /home/dide/project/digital-ide-0.5.x/tests/project/temp/user/sdk/template/template_1/hw/template.dsa
TRACE::2026-09-21.22:36:20::SCWPlatform::DSA absoulate path /home/dide/project/digital-ide-0.5.x/tests/project/temp/user/sdk/template/template_1/hw/template.dsa
TRACE::2026-09-21.22:36:20::SCWPlatform::DSA directory /home/dide/project/digital-ide-0.5.x/tests/project/temp/user/sdk/template/template_1/hw
TRACE::2026-09-21.22:36:20::SCWPlatform:: Platform Path /home/dide/project/digital-ide-0.5.x/tests/project/temp/user/sdk/template/template_1/hw/template.dsa
TRACE::2026-09-21.22:36:20::SCWPlatform:: Unique name xilinx.com::system_wrapper:1.0
TRACE::2026-09-21.22:36:20::SCWPlatform::Trying to set the existing hwdb with name system_wrapper_0
TRACE::2026-09-21.22:36:20::SCWPlatform::Opened existing hwdb system_wrapper_0
TRACE::2026-09-21.22:36:20::SCWPlatform::Found the Hw Db part of the input DSA
TRACE::2026-09-21.22:36:20::SCWPlatform::Trying to open the hw design at /home/dide/project/digital-ide-0.5.x/tests/project/temp/user/sdk/template/template_1/hw/template.hdf
TRACE::2026-09-21.22:36:20::SCWPlatform::DSA given /home/dide/project/digital-ide-0.5.x/tests/project/temp/user/sdk/template/template_1/hw/template.dsa
TRACE::2026-09-21.22:36:20::SCWPlatform::DSA absoulate path /home/dide/project/digital-ide-0.5.x/tests/project/temp/user/sdk/template/template_1/hw/template.dsa
TRACE::2026-09-21.22:36:20::SCWPlatform::DSA directory /home/dide/project/digital-ide-0.5.x/tests/project/temp/user/sdk/template/template_1/hw
TRACE::2026-09-21.22:36:20::SCWPlatform:: Platform Path /home/dide/project/digital-ide-0.5.x/tests/project/temp/user/sdk/template/template_1/hw/template.dsa
TRACE::2026-09-21.22:36:20::SCWPlatform:: Unique name xilinx.com::system_wrapper:1.0
TRACE::2026-09-21.22:36:20::SCWPlatform::Trying to set the existing hwdb with name system_wrapper_0
TRACE::2026-09-21.22:36:20::SCWPlatform::Opened existing hwdb system_wrapper_0
TRACE::2026-09-21.22:36:20::SCWPlatform::Found the Hw Db part of the input DSA
TRACE::2026-09-21.22:36:20::SCWMssOS::Checking the sw design at  /home/dide/project/digital-ide-0.5.x/tests/project/temp/user/sdk/template/template_1/ps7_cortexa9_0/standalone_domain/bsp/system.mss
TRACE::2026-09-21.22:36:20::SCWMssOS::DEBUG:  swdes dump  /home/dide/project/digital-ide-0.5.x/tests/project/temp/user/sdk/template/template_1/zynq_fsbl/zynq_fsbl_bsp/system.mss|system||

TRACE::2026-09-21.22:36:20::SCWMssOS::No sw design opened at  /home/dide/project/digital-ide-0.5.x/tests/project/temp/user/sdk/template/template_1/ps7_cortexa9_0/standalone_domain/bsp/system.mss
TRACE::2026-09-21.22:36:20::SCWMssOS::mss exists loading the mss file  /home/dide/project/digital-ide-0.5.x/tests/project/temp/user/sdk/template/template_1/ps7_cortexa9_0/standalone_domain/bsp/system.mss
TRACE::2026-09-21.22:36:20::SCWMssOS::Opened the sw design from mss  /home/dide/project/digital-ide-0.5.x/tests/project/temp/user/sdk/template/template_1/ps7_cortexa9_0/standalone_domain/bsp/system.mss
TRACE::2026-09-21.22:36:20::SCWMssOS::Adding the swdes entry /home/dide/project/digital-ide-0.5.x/tests/project/temp/user/sdk/template/template_1/ps7_cortexa9_0/standalone_domain/bsp/system.mss with des name system_0
TRACE::2026-09-21.22:36:20::SCWMssOS::updating the scw layer about changes
TRACE::2026-09-21.22:36:20::SCWMssOS::Opened the sw design.  /home/dide/project/digital-ide-0.5.x/tests/project/temp/user/sdk/template/template_1/ps7_cortexa9_0/standalone_domain/bsp/system.mss
TRACE::2026-09-21.22:36:20::SCWMssOS::Saving the mss changes /home/dide/project/digital-ide-0.5.x/tests/project/temp/user/sdk/template/template_1/ps7_cortexa9_0/standalone_domain/bsp/system.mss
TRACE::2026-09-21.22:36:20::SCWMssOS::Found a swdesign opened with the mssfile.
TRACE::2026-09-21.22:36:20::SCWMssOS::Completed writemss as part of save.
TRACE::2026-09-21.22:36:20::SCWMssOS::Commit changes completed.
TRACE::2026-09-21.22:36:20::SCWReader::Adding prebuilt librarypaths as   
TRACE::2026-09-21.22:36:20::SCWReader::Adding prebuilt incpaths  as   
TRACE::2026-09-21.22:36:20::SCWPlatform::Trying to open the hw design at /home/dide/project/digital-ide-0.5.x/tests/project/temp/user/sdk/template/template_1/hw/template.hdf
TRACE::2026-09-21.22:36:20::SCWPlatform::DSA given /home/dide/project/digital-ide-0.5.x/tests/project/temp/user/sdk/template/template_1/hw/template.dsa
TRACE::2026-09-21.22:36:20::SCWPlatform::DSA absoulate path /home/dide/project/digital-ide-0.5.x/tests/project/temp/user/sdk/template/template_1/hw/template.dsa
TRACE::2026-09-21.22:36:20::SCWPlatform::DSA directory /home/dide/project/digital-ide-0.5.x/tests/project/temp/user/sdk/template/template_1/hw
TRACE::2026-09-21.22:36:20::SCWPlatform:: Platform Path /home/dide/project/digital-ide-0.5.x/tests/project/temp/user/sdk/template/template_1/hw/template.dsa
TRACE::2026-09-21.22:36:20::SCWPlatform:: Unique name xilinx.com::system_wrapper:1.0
TRACE::2026-09-21.22:36:20::SCWPlatform::Trying to set the existing hwdb with name system_wrapper_0
TRACE::2026-09-21.22:36:20::SCWPlatform::Opened existing hwdb system_wrapper_0
TRACE::2026-09-21.22:36:20::SCWPlatform::Found the Hw Db part of the input DSA
TRACE::2026-09-21.22:36:20::SCWMssOS::Checking the sw design at  /home/dide/project/digital-ide-0.5.x/tests/project/temp/user/sdk/template/template_1/ps7_cortexa9_0/standalone_domain/bsp/system.mss
TRACE::2026-09-21.22:36:20::SCWMssOS::DEBUG:  swdes dump  /home/dide/project/digital-ide-0.5.x/tests/project/temp/user/sdk/template/template_1/ps7_cortexa9_0/standalone_domain/bsp/system.mss|system_0||
/home/dide/project/digital-ide-0.5.x/tests/project/temp/user/sdk/template/template_1/zynq_fsbl/zynq_fsbl_bsp/system.mss|system||

TRACE::2026-09-21.22:36:20::SCWMssOS::Sw design exists and opened at  /home/dide/project/digital-ide-0.5.x/tests/project/temp/user/sdk/template/template_1/ps7_cortexa9_0/standalone_domain/bsp/system.mss
TRACE::2026-09-21.22:36:20::SCWReader::No isolation master present  
LOG::2026-09-21.22:36:20::SCWPlatform::Started generating the artifacts platform template_1
TRACE::2026-09-21.22:36:20::SCWPlatform::Sanity checking of platform is completed
LOG::2026-09-21.22:36:20::SCWPlatform::Started generating the artifacts for system configuration template_1
LOG::2026-09-21.22:36:20::SCWSystem::Checking the domain zynq_fsbl
LOG::2026-09-21.22:36:20::SCWSystem::Doing application build for :  zynq_fsbl
TRACE::2026-09-21.22:36:20::SCWBDomain::Not a forced makefile updation, No changes are present. 
TRACE::2026-09-21.22:36:20::SCWDomain::Building the domain as part of full build :  zynq_fsbl
TRACE::2026-09-21.22:36:20::SCWPlatform::Trying to open the hw design at /home/dide/project/digital-ide-0.5.x/tests/project/temp/user/sdk/template/template_1/hw/template.hdf
TRACE::2026-09-21.22:36:20::SCWPlatform::DSA given /home/dide/project/digital-ide-0.5.x/tests/project/temp/user/sdk/template/template_1/hw/template.dsa
TRACE::2026-09-21.22:36:20::SCWPlatform::DSA absoulate path /home/dide/project/digital-ide-0.5.x/tests/project/temp/user/sdk/template/template_1/hw/template.dsa
TRACE::2026-09-21.22:36:20::SCWPlatform::DSA directory /home/dide/project/digital-ide-0.5.x/tests/project/temp/user/sdk/template/template_1/hw
TRACE::2026-09-21.22:36:20::SCWPlatform:: Platform Path /home/dide/project/digital-ide-0.5.x/tests/project/temp/user/sdk/template/template_1/hw/template.dsa
TRACE::2026-09-21.22:36:20::SCWPlatform:: Unique name xilinx.com::system_wrapper:1.0
TRACE::2026-09-21.22:36:20::SCWPlatform::Trying to set the existing hwdb with name system_wrapper_0
TRACE::2026-09-21.22:36:20::SCWPlatform::Opened existing hwdb system_wrapper_0
TRACE::2026-09-21.22:36:20::SCWPlatform::Found the Hw Db part of the input DSA
TRACE::2026-09-21.22:36:20::SCWMssOS::Checking the sw design at  /home/dide/project/digital-ide-0.5.x/tests/project/temp/user/sdk/template/template_1/zynq_fsbl/zynq_fsbl_bsp/system.mss
TRACE::2026-09-21.22:36:20::SCWMssOS::DEBUG:  swdes dump  /home/dide/project/digital-ide-0.5.x/tests/project/temp/user/sdk/template/template_1/ps7_cortexa9_0/standalone_domain/bsp/system.mss|system_0||
/home/dide/project/digital-ide-0.5.x/tests/project/temp/user/sdk/template/template_1/zynq_fsbl/zynq_fsbl_bsp/system.mss|system||

TRACE::2026-09-21.22:36:20::SCWMssOS::Sw design exists and opened at  /home/dide/project/digital-ide-0.5.x/tests/project/temp/user/sdk/template/template_1/zynq_fsbl/zynq_fsbl_bsp/system.mss
TRACE::2026-09-21.22:36:20::SCWBDomain::Completed writing the mss file at /home/dide/project/digital-ide-0.5.x/tests/project/temp/user/sdk/template/template_1/zynq_fsbl/zynq_fsbl_bsp
TRACE::2026-09-21.22:36:20::SCWBDomain::bsp generated is upto date with the mss file. Skipping bsp generation.
TRACE::2026-09-21.22:36:20::SCWBDomain::Not a forced makefile updation, No changes are present. 
TRACE::2026-09-21.22:36:20::SCWBDomain::System Command Ran  cd  /home/dide/project/digital-ide-0.5.x/tests/project/temp/user/sdk/template/template_1/zynq_fsbl ; bash -c " make -C zynq_fsbl_bsp ; make  " 
TRACE::2026-09-21.22:36:20::SCWBDomain::make: Entering directory '/home/dide/project/digital-ide-0.5.x/tests/project/temp/user/sdk/template/template_1/zynq_fsbl/zynq_f
TRACE::2026-09-21.22:36:20::SCWBDomain::sbl_bsp'

TRACE::2026-09-21.22:36:20::SCWBDomain::make --no-print-directory seq_libs

TRACE::2026-09-21.22:36:20::SCWBDomain::Running Make include in ps7_cortexa9_0/libsrc/coresightps_dcc_v1_8/src

TRACE::2026-09-21.22:36:20::SCWBDomain::make -C ps7_cortexa9_0/libsrc/coresightps_dcc_v1_8/src -s include  "SHELL=/bin/sh" "COMPILER=arm-none-eabi-gcc" "ASSEMBLER=arm-
TRACE::2026-09-21.22:36:20::SCWBDomain::none-eabi-as" "ARCHIVER=arm-none-eabi-ar" "COMPILER_FLAGS=  -O2 -c" "EXTRA_COMPILER_FLAGS=-mcpu=cortex-a9 -mfpu=vfpv3 -mfloat-a
TRACE::2026-09-21.22:36:20::SCWBDomain::bi=hard -nostartfiles -g -Wall -Wextra -fno-tree-loop-distribute-patterns"

TRACE::2026-09-21.22:36:20::SCWBDomain::Running Make include in ps7_cortexa9_0/libsrc/cpu_cortexa9_v2_11/src

TRACE::2026-09-21.22:36:20::SCWBDomain::make -C ps7_cortexa9_0/libsrc/cpu_cortexa9_v2_11/src -s include  "SHELL=/bin/sh" "COMPILER=arm-none-eabi-gcc" "ASSEMBLER=arm-no
TRACE::2026-09-21.22:36:20::SCWBDomain::ne-eabi-as" "ARCHIVER=arm-none-eabi-ar" "COMPILER_FLAGS=  -O2 -c" "EXTRA_COMPILER_FLAGS=-mcpu=cortex-a9 -mfpu=vfpv3 -mfloat-abi
TRACE::2026-09-21.22:36:20::SCWBDomain::=hard -nostartfiles -g -Wall -Wextra -fno-tree-loop-distribute-patterns"

TRACE::2026-09-21.22:36:20::SCWBDomain::Running Make include in ps7_cortexa9_0/libsrc/ddrps_v1_2/src

TRACE::2026-09-21.22:36:20::SCWBDomain::make -C ps7_cortexa9_0/libsrc/ddrps_v1_2/src -s include  "SHELL=/bin/sh" "COMPILER=arm-none-eabi-gcc" "ASSEMBLER=arm-none-eabi-
TRACE::2026-09-21.22:36:20::SCWBDomain::as" "ARCHIVER=arm-none-eabi-ar" "COMPILER_FLAGS=  -O2 -c" "EXTRA_COMPILER_FLAGS=-mcpu=cortex-a9 -mfpu=vfpv3 -mfloat-abi=hard -n
TRACE::2026-09-21.22:36:20::SCWBDomain::ostartfiles -g -Wall -Wextra -fno-tree-loop-distribute-patterns"

TRACE::2026-09-21.22:36:20::SCWBDomain::Running Make include in ps7_cortexa9_0/libsrc/devcfg_v3_7/src

TRACE::2026-09-21.22:36:20::SCWBDomain::make -C ps7_cortexa9_0/libsrc/devcfg_v3_7/src -s include  "SHELL=/bin/sh" "COMPILER=arm-none-eabi-gcc" "ASSEMBLER=arm-none-eabi
TRACE::2026-09-21.22:36:20::SCWBDomain::-as" "ARCHIVER=arm-none-eabi-ar" "COMPILER_FLAGS=  -O2 -c" "EXTRA_COMPILER_FLAGS=-mcpu=cortex-a9 -mfpu=vfpv3 -mfloat-abi=hard -
TRACE::2026-09-21.22:36:20::SCWBDomain::nostartfiles -g -Wall -Wextra -fno-tree-loop-distribute-patterns"

TRACE::2026-09-21.22:36:20::SCWBDomain::Running Make include in ps7_cortexa9_0/libsrc/dmaps_v2_8/src

TRACE::2026-09-21.22:36:20::SCWBDomain::make -C ps7_cortexa9_0/libsrc/dmaps_v2_8/src -s include  "SHELL=/bin/sh" "COMPILER=arm-none-eabi-gcc" "ASSEMBLER=arm-none-eabi-
TRACE::2026-09-21.22:36:20::SCWBDomain::as" "ARCHIVER=arm-none-eabi-ar" "COMPILER_FLAGS=  -O2 -c" "EXTRA_COMPILER_FLAGS=-mcpu=cortex-a9 -mfpu=vfpv3 -mfloat-abi=hard -n
TRACE::2026-09-21.22:36:20::SCWBDomain::ostartfiles -g -Wall -Wextra -fno-tree-loop-distribute-patterns"

TRACE::2026-09-21.22:36:20::SCWBDomain::Running Make include in ps7_cortexa9_0/libsrc/emacps_v3_17/src

TRACE::2026-09-21.22:36:20::SCWBDomain::make -C ps7_cortexa9_0/libsrc/emacps_v3_17/src -s include  "SHELL=/bin/sh" "COMPILER=arm-none-eabi-gcc" "ASSEMBLER=arm-none-eab
TRACE::2026-09-21.22:36:20::SCWBDomain::i-as" "ARCHIVER=arm-none-eabi-ar" "COMPILER_FLAGS=  -O2 -c" "EXTRA_COMPILER_FLAGS=-mcpu=cortex-a9 -mfpu=vfpv3 -mfloat-abi=hard 
TRACE::2026-09-21.22:36:20::SCWBDomain::-nostartfiles -g -Wall -Wextra -fno-tree-loop-distribute-patterns"

TRACE::2026-09-21.22:36:20::SCWBDomain::Running Make include in ps7_cortexa9_0/libsrc/gpiops_v3_10/src

TRACE::2026-09-21.22:36:20::SCWBDomain::make -C ps7_cortexa9_0/libsrc/gpiops_v3_10/src -s include  "SHELL=/bin/sh" "COMPILER=arm-none-eabi-gcc" "ASSEMBLER=arm-none-eab
TRACE::2026-09-21.22:36:20::SCWBDomain::i-as" "ARCHIVER=arm-none-eabi-ar" "COMPILER_FLAGS=  -O2 -c" "EXTRA_COMPILER_FLAGS=-mcpu=cortex-a9 -mfpu=vfpv3 -mfloat-abi=hard 
TRACE::2026-09-21.22:36:20::SCWBDomain::-nostartfiles -g -Wall -Wextra -fno-tree-loop-distribute-patterns"

TRACE::2026-09-21.22:36:20::SCWBDomain::Running Make include in ps7_cortexa9_0/libsrc/qspips_v3_10/src

TRACE::2026-09-21.22:36:20::SCWBDomain::make -C ps7_cortexa9_0/libsrc/qspips_v3_10/src -s include  "SHELL=/bin/sh" "COMPILER=arm-none-eabi-gcc" "ASSEMBLER=arm-none-eab
TRACE::2026-09-21.22:36:20::SCWBDomain::i-as" "ARCHIVER=arm-none-eabi-ar" "COMPILER_FLAGS=  -O2 -c" "EXTRA_COMPILER_FLAGS=-mcpu=cortex-a9 -mfpu=vfpv3 -mfloat-abi=hard 
TRACE::2026-09-21.22:36:20::SCWBDomain::-nostartfiles -g -Wall -Wextra -fno-tree-loop-distribute-patterns"

TRACE::2026-09-21.22:36:20::SCWBDomain::Running Make include in ps7_cortexa9_0/libsrc/scugic_v5_0/src

TRACE::2026-09-21.22:36:20::SCWBDomain::make -C ps7_cortexa9_0/libsrc/scugic_v5_0/src -s include  "SHELL=/bin/sh" "COMPILER=arm-none-eabi-gcc" "ASSEMBLER=arm-none-eabi
TRACE::2026-09-21.22:36:20::SCWBDomain::-as" "ARCHIVER=arm-none-eabi-ar" "COMPILER_FLAGS=  -O2 -c" "EXTRA_COMPILER_FLAGS=-mcpu=cortex-a9 -mfpu=vfpv3 -mfloat-abi=hard -
TRACE::2026-09-21.22:36:20::SCWBDomain::nostartfiles -g -Wall -Wextra -fno-tree-loop-distribute-patterns"

TRACE::2026-09-21.22:36:20::SCWBDomain::Running Make include in ps7_cortexa9_0/libsrc/scutimer_v2_4/src

TRACE::2026-09-21.22:36:20::SCWBDomain::make -C ps7_cortexa9_0/libsrc/scutimer_v2_4/src -s include  "SHELL=/bin/sh" "COMPILER=arm-none-eabi-gcc" "ASSEMBLER=arm-none-ea
TRACE::2026-09-21.22:36:20::SCWBDomain::bi-as" "ARCHIVER=arm-none-eabi-ar" "COMPILER_FLAGS=  -O2 -c" "EXTRA_COMPILER_FLAGS=-mcpu=cortex-a9 -mfpu=vfpv3 -mfloat-abi=hard
TRACE::2026-09-21.22:36:20::SCWBDomain:: -nostartfiles -g -Wall -Wextra -fno-tree-loop-distribute-patterns"

TRACE::2026-09-21.22:36:20::SCWBDomain::Running Make include in ps7_cortexa9_0/libsrc/scuwdt_v2_4/src

TRACE::2026-09-21.22:36:20::SCWBDomain::make -C ps7_cortexa9_0/libsrc/scuwdt_v2_4/src -s include  "SHELL=/bin/sh" "COMPILER=arm-none-eabi-gcc" "ASSEMBLER=arm-none-eabi
TRACE::2026-09-21.22:36:20::SCWBDomain::-as" "ARCHIVER=arm-none-eabi-ar" "COMPILER_FLAGS=  -O2 -c" "EXTRA_COMPILER_FLAGS=-mcpu=cortex-a9 -mfpu=vfpv3 -mfloat-abi=hard -
TRACE::2026-09-21.22:36:20::SCWBDomain::nostartfiles -g -Wall -Wextra -fno-tree-loop-distribute-patterns"

TRACE::2026-09-21.22:36:20::SCWBDomain::Running Make include in ps7_cortexa9_0/libsrc/sdps_v4_0/src

TRACE::2026-09-21.22:36:20::SCWBDomain::make -C ps7_cortexa9_0/libsrc/sdps_v4_0/src -s include  "SHELL=/bin/sh" "COMPILER=arm-none-eabi-gcc" "ASSEMBLER=arm-none-eabi-a
TRACE::2026-09-21.22:36:20::SCWBDomain::s" "ARCHIVER=arm-none-eabi-ar" "COMPILER_FLAGS=  -O2 -c" "EXTRA_COMPILER_FLAGS=-mcpu=cortex-a9 -mfpu=vfpv3 -mfloat-abi=hard -no
TRACE::2026-09-21.22:36:20::SCWBDomain::startfiles -g -Wall -Wextra -fno-tree-loop-distribute-patterns"

TRACE::2026-09-21.22:36:20::SCWBDomain::Running Make include in ps7_cortexa9_0/libsrc/standalone_v8_0/src

TRACE::2026-09-21.22:36:20::SCWBDomain::make -C ps7_cortexa9_0/libsrc/standalone_v8_0/src -s include  "SHELL=/bin/sh" "COMPILER=arm-none-eabi-gcc" "ASSEMBLER=arm-none-
TRACE::2026-09-21.22:36:20::SCWBDomain::eabi-as" "ARCHIVER=arm-none-eabi-ar" "COMPILER_FLAGS=  -O2 -c" "EXTRA_COMPILER_FLAGS=-mcpu=cortex-a9 -mfpu=vfpv3 -mfloat-abi=ha
TRACE::2026-09-21.22:36:20::SCWBDomain::rd -nostartfiles -g -Wall -Wextra -fno-tree-loop-distribute-patterns"

TRACE::2026-09-21.22:36:20::SCWBDomain::Running Make include in ps7_cortexa9_0/libsrc/uartps_v3_11/src

TRACE::2026-09-21.22:36:20::SCWBDomain::make -C ps7_cortexa9_0/libsrc/uartps_v3_11/src -s include  "SHELL=/bin/sh" "COMPILER=arm-none-eabi-gcc" "ASSEMBLER=arm-none-eab
TRACE::2026-09-21.22:36:20::SCWBDomain::i-as" "ARCHIVER=arm-none-eabi-ar" "COMPILER_FLAGS=  -O2 -c" "EXTRA_COMPILER_FLAGS=-mcpu=cortex-a9 -mfpu=vfpv3 -mfloat-abi=hard 
TRACE::2026-09-21.22:36:20::SCWBDomain::-nostartfiles -g -Wall -Wextra -fno-tree-loop-distribute-patterns"

TRACE::2026-09-21.22:36:20::SCWBDomain::Running Make include in ps7_cortexa9_0/libsrc/xadcps_v2_6/src

TRACE::2026-09-21.22:36:20::SCWBDomain::make -C ps7_cortexa9_0/libsrc/xadcps_v2_6/src -s include  "SHELL=/bin/sh" "COMPILER=arm-none-eabi-gcc" "ASSEMBLER=arm-none-eabi
TRACE::2026-09-21.22:36:20::SCWBDomain::-as" "ARCHIVER=arm-none-eabi-ar" "COMPILER_FLAGS=  -O2 -c" "EXTRA_COMPILER_FLAGS=-mcpu=cortex-a9 -mfpu=vfpv3 -mfloat-abi=hard -
TRACE::2026-09-21.22:36:20::SCWBDomain::nostartfiles -g -Wall -Wextra -fno-tree-loop-distribute-patterns"

TRACE::2026-09-21.22:36:20::SCWBDomain::Running Make include in ps7_cortexa9_0/libsrc/xilffs_v4_8/src

TRACE::2026-09-21.22:36:20::SCWBDomain::make -C ps7_cortexa9_0/libsrc/xilffs_v4_8/src -s include  "SHELL=/bin/sh" "COMPILER=arm-none-eabi-gcc" "ASSEMBLER=arm-none-eabi
TRACE::2026-09-21.22:36:20::SCWBDomain::-as" "ARCHIVER=arm-none-eabi-ar" "COMPILER_FLAGS=  -O2 -c" "EXTRA_COMPILER_FLAGS=-mcpu=cortex-a9 -mfpu=vfpv3 -mfloat-abi=hard -
TRACE::2026-09-21.22:36:20::SCWBDomain::nostartfiles -g -Wall -Wextra -fno-tree-loop-distribute-patterns"

TRACE::2026-09-21.22:36:20::SCWBDomain::Running Make include in ps7_cortexa9_0/libsrc/xilrsa_v1_6/src

TRACE::2026-09-21.22:36:20::SCWBDomain::make -C ps7_cortexa9_0/libsrc/xilrsa_v1_6/src -s include  "SHELL=/bin/sh" "COMPILER=arm-none-eabi-gcc" "ASSEMBLER=arm-none-eabi
TRACE::2026-09-21.22:36:20::SCWBDomain::-as" "ARCHIVER=arm-none-eabi-ar" "COMPILER_FLAGS=  -O2 -c" "EXTRA_COMPILER_FLAGS=-mcpu=cortex-a9 -mfpu=vfpv3 -mfloat-abi=hard -
TRACE::2026-09-21.22:36:20::SCWBDomain::nostartfiles -g -Wall -Wextra -fno-tree-loop-distribute-patterns"

TRACE::2026-09-21.22:36:20::SCWBDomain::Running Make libs in ps7_cortexa9_0/libsrc/xilrsa_v1_6/src

TRACE::2026-09-21.22:36:20::SCWBDomain::make -C ps7_cortexa9_0/libsrc/xilrsa_v1_6/src -s libs  "SHELL=/bin/sh" "COMPILER=arm-none-eabi-gcc" "ASSEMBLER=arm-none-eabi-as
TRACE::2026-09-21.22:36:20::SCWBDomain::" "ARCHIVER=arm-none-eabi-ar" "COMPILER_FLAGS=  -O2 -c" "EXTRA_COMPILER_FLAGS=-mcpu=cortex-a9 -mfpu=vfpv3 -mfloat-abi=hard -nos
TRACE::2026-09-21.22:36:20::SCWBDomain::tartfiles -g -Wall -Wextra -fno-tree-loop-distribute-patterns"

TRACE::2026-09-21.22:36:20::SCWBDomain::Finished building libraries sequentially.

TRACE::2026-09-21.22:36:20::SCWBDomain::make -j 30 --no-print-directory par_libs

TRACE::2026-09-21.22:36:20::SCWBDomain::Running Make include in ps7_cortexa9_0/libsrc/coresightps_dcc_v1_8/src

TRACE::2026-09-21.22:36:20::SCWBDomain::make -C ps7_cortexa9_0/libsrc/coresightps_dcc_v1_8/src -s include  "SHELL=/bin/sh" "COMPILER=arm-none-eabi-gcc" "ASSEMBLER=arm-
TRACE::2026-09-21.22:36:20::SCWBDomain::none-eabi-as" "ARCHIVER=arm-none-eabi-ar" "COMPILER_FLAGS=  -O2 -c" "EXTRA_COMPILER_FLAGS=-mcpu=cortex-a9 -mfpu=vfpv3 -mfloat-a
TRACE::2026-09-21.22:36:20::SCWBDomain::bi=hard -nostartfiles -g -Wall -Wextra -fno-tree-loop-distribute-patterns"

TRACE::2026-09-21.22:36:20::SCWBDomain::Running Make include in ps7_cortexa9_0/libsrc/cpu_cortexa9_v2_11/src

TRACE::2026-09-21.22:36:20::SCWBDomain::make -C ps7_cortexa9_0/libsrc/cpu_cortexa9_v2_11/src -s include  "SHELL=/bin/sh" "COMPILER=arm-none-eabi-gcc" "ASSEMBLER=arm-no
TRACE::2026-09-21.22:36:20::SCWBDomain::ne-eabi-as" "ARCHIVER=arm-none-eabi-ar" "COMPILER_FLAGS=  -O2 -c" "EXTRA_COMPILER_FLAGS=-mcpu=cortex-a9 -mfpu=vfpv3 -mfloat-abi
TRACE::2026-09-21.22:36:20::SCWBDomain::=hard -nostartfiles -g -Wall -Wextra -fno-tree-loop-distribute-patterns"

TRACE::2026-09-21.22:36:20::SCWBDomain::Running Make include in ps7_cortexa9_0/libsrc/ddrps_v1_2/src

TRACE::2026-09-21.22:36:20::SCWBDomain::Running Make include in ps7_cortexa9_0/libsrc/devcfg_v3_7/src

TRACE::2026-09-21.22:36:20::SCWBDomain::make -C ps7_cortexa9_0/libsrc/ddrps_v1_2/src -s include  "SHELL=/bin/sh" "COMPILER=arm-none-eabi-gcc" "ASSEMBLER=arm-none-eabi-
TRACE::2026-09-21.22:36:20::SCWBDomain::as" "ARCHIVER=arm-none-eabi-ar" "COMPILER_FLAGS=  -O2 -c" "EXTRA_COMPILER_FLAGS=-mcpu=cortex-a9 -mfpu=vfpv3 -mfloat-abi=hard -n
TRACE::2026-09-21.22:36:20::SCWBDomain::ostartfiles -g -Wall -Wextra -fno-tree-loop-distribute-patterns"

TRACE::2026-09-21.22:36:20::SCWBDomain::Running Make include in ps7_cortexa9_0/libsrc/dmaps_v2_8/src

TRACE::2026-09-21.22:36:20::SCWBDomain::make -C ps7_cortexa9_0/libsrc/devcfg_v3_7/src -s include  "SHELL=/bin/sh" "COMPILER=arm-none-eabi-gcc" "ASSEMBLER=arm-none-eabi
TRACE::2026-09-21.22:36:20::SCWBDomain::-as" "ARCHIVER=arm-none-eabi-ar" "COMPILER_FLAGS=  -O2 -c" "EXTRA_COMPILER_FLAGS=-mcpu=cortex-a9 -mfpu=vfpv3 -mfloat-abi=hard -
TRACE::2026-09-21.22:36:20::SCWBDomain::nostartfiles -g -Wall -Wextra -fno-tree-loop-distribute-patterns"

TRACE::2026-09-21.22:36:20::SCWBDomain::make -C ps7_cortexa9_0/libsrc/dmaps_v2_8/src -s include  "SHELL=/bin/sh" "COMPILER=arm-none-eabi-gcc" "ASSEMBLER=arm-none-eabi-
TRACE::2026-09-21.22:36:20::SCWBDomain::as" "ARCHIVER=arm-none-eabi-ar" "COMPILER_FLAGS=  -O2 -c" "EXTRA_COMPILER_FLAGS=-mcpu=cortex-a9 -mfpu=vfpv3 -mfloat-abi=hard -n
TRACE::2026-09-21.22:36:20::SCWBDomain::ostartfiles -g -Wall -Wextra -fno-tree-loop-distribute-patterns"

TRACE::2026-09-21.22:36:20::SCWBDomain::Running Make include in ps7_cortexa9_0/libsrc/emacps_v3_17/src

TRACE::2026-09-21.22:36:20::SCWBDomain::Running Make include in ps7_cortexa9_0/libsrc/gpiops_v3_10/src

TRACE::2026-09-21.22:36:20::SCWBDomain::make -C ps7_cortexa9_0/libsrc/emacps_v3_17/src -s include  "SHELL=/bin/sh" "COMPILER=arm-none-eabi-gcc" "ASSEMBLER=arm-none-eab
TRACE::2026-09-21.22:36:20::SCWBDomain::i-as" "ARCHIVER=arm-none-eabi-ar" "COMPILER_FLAGS=  -O2 -c" "EXTRA_COMPILER_FLAGS=-mcpu=cortex-a9 -mfpu=vfpv3 -mfloat-abi=hard 
TRACE::2026-09-21.22:36:20::SCWBDomain::-nostartfiles -g -Wall -Wextra -fno-tree-loop-distribute-patterns"

TRACE::2026-09-21.22:36:20::SCWBDomain::make -C ps7_cortexa9_0/libsrc/gpiops_v3_10/src -s include  "SHELL=/bin/sh" "COMPILER=arm-none-eabi-gcc" "ASSEMBLER=arm-none-eab
TRACE::2026-09-21.22:36:20::SCWBDomain::i-as" "ARCHIVER=arm-none-eabi-ar" "COMPILER_FLAGS=  -O2 -c" "EXTRA_COMPILER_FLAGS=-mcpu=cortex-a9 -mfpu=vfpv3 -mfloat-abi=hard 
TRACE::2026-09-21.22:36:20::SCWBDomain::-nostartfiles -g -Wall -Wextra -fno-tree-loop-distribute-patterns"

TRACE::2026-09-21.22:36:20::SCWBDomain::Running Make include in ps7_cortexa9_0/libsrc/qspips_v3_10/src

TRACE::2026-09-21.22:36:20::SCWBDomain::make -C ps7_cortexa9_0/libsrc/qspips_v3_10/src -s include  "SHELL=/bin/sh" "COMPILER=arm-none-eabi-gcc" "ASSEMBLER=arm-none-eab
TRACE::2026-09-21.22:36:20::SCWBDomain::i-as" "ARCHIVER=arm-none-eabi-ar" "COMPILER_FLAGS=  -O2 -c" "EXTRA_COMPILER_FLAGS=-mcpu=cortex-a9 -mfpu=vfpv3 -mfloat-abi=hard 
TRACE::2026-09-21.22:36:20::SCWBDomain::-nostartfiles -g -Wall -Wextra -fno-tree-loop-distribute-patterns"

TRACE::2026-09-21.22:36:20::SCWBDomain::Running Make include in ps7_cortexa9_0/libsrc/scugic_v5_0/src

TRACE::2026-09-21.22:36:20::SCWBDomain::Running Make include in ps7_cortexa9_0/libsrc/scutimer_v2_4/src

TRACE::2026-09-21.22:36:20::SCWBDomain::make -C ps7_cortexa9_0/libsrc/scugic_v5_0/src -s include  "SHELL=/bin/sh" "COMPILER=arm-none-eabi-gcc" "ASSEMBLER=arm-none-eabi
TRACE::2026-09-21.22:36:20::SCWBDomain::-as" "ARCHIVER=arm-none-eabi-ar" "COMPILER_FLAGS=  -O2 -c" "EXTRA_COMPILER_FLAGS=-mcpu=cortex-a9 -mfpu=vfpv3 -mfloat-abi=hard -
TRACE::2026-09-21.22:36:20::SCWBDomain::nostartfiles -g -Wall -Wextra -fno-tree-loop-distribute-patterns"

TRACE::2026-09-21.22:36:20::SCWBDomain::make -C ps7_cortexa9_0/libsrc/scutimer_v2_4/src -s include  "SHELL=/bin/sh" "COMPILER=arm-none-eabi-gcc" "ASSEMBLER=arm-none-ea
TRACE::2026-09-21.22:36:20::SCWBDomain::bi-as" "ARCHIVER=arm-none-eabi-ar" "COMPILER_FLAGS=  -O2 -c" "EXTRA_COMPILER_FLAGS=-mcpu=cortex-a9 -mfpu=vfpv3 -mfloat-abi=hard
TRACE::2026-09-21.22:36:20::SCWBDomain:: -nostartfiles -g -Wall -Wextra -fno-tree-loop-distribute-patterns"

TRACE::2026-09-21.22:36:20::SCWBDomain::Running Make include in ps7_cortexa9_0/libsrc/scuwdt_v2_4/src

TRACE::2026-09-21.22:36:20::SCWBDomain::make -C ps7_cortexa9_0/libsrc/scuwdt_v2_4/src -s include  "SHELL=/bin/sh" "COMPILER=arm-none-eabi-gcc" "ASSEMBLER=arm-none-eabi
TRACE::2026-09-21.22:36:20::SCWBDomain::-as" "ARCHIVER=arm-none-eabi-ar" "COMPILER_FLAGS=  -O2 -c" "EXTRA_COMPILER_FLAGS=-mcpu=cortex-a9 -mfpu=vfpv3 -mfloat-abi=hard -
TRACE::2026-09-21.22:36:20::SCWBDomain::nostartfiles -g -Wall -Wextra -fno-tree-loop-distribute-patterns"

TRACE::2026-09-21.22:36:20::SCWBDomain::Running Make include in ps7_cortexa9_0/libsrc/sdps_v4_0/src

TRACE::2026-09-21.22:36:20::SCWBDomain::make -C ps7_cortexa9_0/libsrc/sdps_v4_0/src -s include  "SHELL=/bin/sh" "COMPILER=arm-none-eabi-gcc" "ASSEMBLER=arm-none-eabi-a
TRACE::2026-09-21.22:36:20::SCWBDomain::s" "ARCHIVER=arm-none-eabi-ar" "COMPILER_FLAGS=  -O2 -c" "EXTRA_COMPILER_FLAGS=-mcpu=cortex-a9 -mfpu=vfpv3 -mfloat-abi=hard -no
TRACE::2026-09-21.22:36:20::SCWBDomain::startfiles -g -Wall -Wextra -fno-tree-loop-distribute-patterns"

TRACE::2026-09-21.22:36:20::SCWBDomain::Running Make include in ps7_cortexa9_0/libsrc/standalone_v8_0/src

TRACE::2026-09-21.22:36:20::SCWBDomain::make -C ps7_cortexa9_0/libsrc/standalone_v8_0/src -s include  "SHELL=/bin/sh" "COMPILER=arm-none-eabi-gcc" "ASSEMBLER=arm-none-
TRACE::2026-09-21.22:36:20::SCWBDomain::eabi-as" "ARCHIVER=arm-none-eabi-ar" "COMPILER_FLAGS=  -O2 -c" "EXTRA_COMPILER_FLAGS=-mcpu=cortex-a9 -mfpu=vfpv3 -mfloat-abi=ha
TRACE::2026-09-21.22:36:20::SCWBDomain::rd -nostartfiles -g -Wall -Wextra -fno-tree-loop-distribute-patterns"

TRACE::2026-09-21.22:36:20::SCWBDomain::Running Make include in ps7_cortexa9_0/libsrc/uartps_v3_11/src

TRACE::2026-09-21.22:36:20::SCWBDomain::Running Make include in ps7_cortexa9_0/libsrc/xadcps_v2_6/src

TRACE::2026-09-21.22:36:20::SCWBDomain::make -C ps7_cortexa9_0/libsrc/uartps_v3_11/src -s include  "SHELL=/bin/sh" "COMPILER=arm-none-eabi-gcc" "ASSEMBLER=arm-none-eab
TRACE::2026-09-21.22:36:20::SCWBDomain::i-as" "ARCHIVER=arm-none-eabi-ar" "COMPILER_FLAGS=  -O2 -c" "EXTRA_COMPILER_FLAGS=-mcpu=cortex-a9 -mfpu=vfpv3 -mfloat-abi=hard 
TRACE::2026-09-21.22:36:20::SCWBDomain::-nostartfiles -g -Wall -Wextra -fno-tree-loop-distribute-patterns"

TRACE::2026-09-21.22:36:20::SCWBDomain::make -C ps7_cortexa9_0/libsrc/xadcps_v2_6/src -s include  "SHELL=/bin/sh" "COMPILER=arm-none-eabi-gcc" "ASSEMBLER=arm-none-eabi
TRACE::2026-09-21.22:36:20::SCWBDomain::-as" "ARCHIVER=arm-none-eabi-ar" "COMPILER_FLAGS=  -O2 -c" "EXTRA_COMPILER_FLAGS=-mcpu=cortex-a9 -mfpu=vfpv3 -mfloat-abi=hard -
TRACE::2026-09-21.22:36:20::SCWBDomain::nostartfiles -g -Wall -Wextra -fno-tree-loop-distribute-patterns"

TRACE::2026-09-21.22:36:20::SCWBDomain::Running Make include in ps7_cortexa9_0/libsrc/xilffs_v4_8/src

TRACE::2026-09-21.22:36:20::SCWBDomain::make -C ps7_cortexa9_0/libsrc/xilffs_v4_8/src -s include  "SHELL=/bin/sh" "COMPILER=arm-none-eabi-gcc" "ASSEMBLER=arm-none-eabi
TRACE::2026-09-21.22:36:20::SCWBDomain::-as" "ARCHIVER=arm-none-eabi-ar" "COMPILER_FLAGS=  -O2 -c" "EXTRA_COMPILER_FLAGS=-mcpu=cortex-a9 -mfpu=vfpv3 -mfloat-abi=hard -
TRACE::2026-09-21.22:36:20::SCWBDomain::nostartfiles -g -Wall -Wextra -fno-tree-loop-distribute-patterns"

TRACE::2026-09-21.22:36:20::SCWBDomain::Running Make include in ps7_cortexa9_0/libsrc/xilrsa_v1_6/src

TRACE::2026-09-21.22:36:20::SCWBDomain::make -C ps7_cortexa9_0/libsrc/xilrsa_v1_6/src -s include  "SHELL=/bin/sh" "COMPILER=arm-none-eabi-gcc" "ASSEMBLER=arm-none-eabi
TRACE::2026-09-21.22:36:20::SCWBDomain::-as" "ARCHIVER=arm-none-eabi-ar" "COMPILER_FLAGS=  -O2 -c" "EXTRA_COMPILER_FLAGS=-mcpu=cortex-a9 -mfpu=vfpv3 -mfloat-abi=hard -
TRACE::2026-09-21.22:36:20::SCWBDomain::nostartfiles -g -Wall -Wextra -fno-tree-loop-distribute-patterns"

TRACE::2026-09-21.22:36:20::SCWBDomain::Running Make libs in ps7_cortexa9_0/libsrc/coresightps_dcc_v1_8/src

TRACE::2026-09-21.22:36:20::SCWBDomain::make -C ps7_cortexa9_0/libsrc/coresightps_dcc_v1_8/src -s libs  "SHELL=/bin/sh" "COMPILER=arm-none-eabi-gcc" "ASSEMBLER=arm-non
TRACE::2026-09-21.22:36:20::SCWBDomain::e-eabi-as" "ARCHIVER=arm-none-eabi-ar" "COMPILER_FLAGS=  -O2 -c" "EXTRA_COMPILER_FLAGS=-mcpu=cortex-a9 -mfpu=vfpv3 -mfloat-abi=
TRACE::2026-09-21.22:36:20::SCWBDomain::hard -nostartfiles -g -Wall -Wextra -fno-tree-loop-distribute-patterns"

TRACE::2026-09-21.22:36:20::SCWBDomain::Running Make libs in ps7_cortexa9_0/libsrc/cpu_cortexa9_v2_11/src

TRACE::2026-09-21.22:36:20::SCWBDomain::make -C ps7_cortexa9_0/libsrc/cpu_cortexa9_v2_11/src -s libs  "SHELL=/bin/sh" "COMPILER=arm-none-eabi-gcc" "ASSEMBLER=arm-none-
TRACE::2026-09-21.22:36:20::SCWBDomain::eabi-as" "ARCHIVER=arm-none-eabi-ar" "COMPILER_FLAGS=  -O2 -c" "EXTRA_COMPILER_FLAGS=-mcpu=cortex-a9 -mfpu=vfpv3 -mfloat-abi=ha
TRACE::2026-09-21.22:36:20::SCWBDomain::rd -nostartfiles -g -Wall -Wextra -fno-tree-loop-distribute-patterns"

TRACE::2026-09-21.22:36:20::SCWBDomain::Running Make libs in ps7_cortexa9_0/libsrc/ddrps_v1_2/src

TRACE::2026-09-21.22:36:20::SCWBDomain::Running Make libs in ps7_cortexa9_0/libsrc/devcfg_v3_7/src

TRACE::2026-09-21.22:36:20::SCWBDomain::make -C ps7_cortexa9_0/libsrc/ddrps_v1_2/src -s libs  "SHELL=/bin/sh" "COMPILER=arm-none-eabi-gcc" "ASSEMBLER=arm-none-eabi-as"
TRACE::2026-09-21.22:36:20::SCWBDomain:: "ARCHIVER=arm-none-eabi-ar" "COMPILER_FLAGS=  -O2 -c" "EXTRA_COMPILER_FLAGS=-mcpu=cortex-a9 -mfpu=vfpv3 -mfloat-abi=hard -nost
TRACE::2026-09-21.22:36:20::SCWBDomain::artfiles -g -Wall -Wextra -fno-tree-loop-distribute-patterns"

TRACE::2026-09-21.22:36:20::SCWBDomain::make -C ps7_cortexa9_0/libsrc/devcfg_v3_7/src -s libs  "SHELL=/bin/sh" "COMPILER=arm-none-eabi-gcc" "ASSEMBLER=arm-none-eabi-as
TRACE::2026-09-21.22:36:20::SCWBDomain::" "ARCHIVER=arm-none-eabi-ar" "COMPILER_FLAGS=  -O2 -c" "EXTRA_COMPILER_FLAGS=-mcpu=cortex-a9 -mfpu=vfpv3 -mfloat-abi=hard -nos
TRACE::2026-09-21.22:36:20::SCWBDomain::tartfiles -g -Wall -Wextra -fno-tree-loop-distribute-patterns"

TRACE::2026-09-21.22:36:20::SCWBDomain::Running Make libs in ps7_cortexa9_0/libsrc/dmaps_v2_8/src

TRACE::2026-09-21.22:36:20::SCWBDomain::make -C ps7_cortexa9_0/libsrc/dmaps_v2_8/src -s libs  "SHELL=/bin/sh" "COMPILER=arm-none-eabi-gcc" "ASSEMBLER=arm-none-eabi-as"
TRACE::2026-09-21.22:36:20::SCWBDomain:: "ARCHIVER=arm-none-eabi-ar" "COMPILER_FLAGS=  -O2 -c" "EXTRA_COMPILER_FLAGS=-mcpu=cortex-a9 -mfpu=vfpv3 -mfloat-abi=hard -nost
TRACE::2026-09-21.22:36:20::SCWBDomain::artfiles -g -Wall -Wextra -fno-tree-loop-distribute-patterns"

TRACE::2026-09-21.22:36:20::SCWBDomain::Running Make libs in ps7_cortexa9_0/libsrc/emacps_v3_17/src

TRACE::2026-09-21.22:36:20::SCWBDomain::make -C ps7_cortexa9_0/libsrc/emacps_v3_17/src -s libs  "SHELL=/bin/sh" "COMPILER=arm-none-eabi-gcc" "ASSEMBLER=arm-none-eabi-a
TRACE::2026-09-21.22:36:20::SCWBDomain::s" "ARCHIVER=arm-none-eabi-ar" "COMPILER_FLAGS=  -O2 -c" "EXTRA_COMPILER_FLAGS=-mcpu=cortex-a9 -mfpu=vfpv3 -mfloat-abi=hard -no
TRACE::2026-09-21.22:36:20::SCWBDomain::startfiles -g -Wall -Wextra -fno-tree-loop-distribute-patterns"

TRACE::2026-09-21.22:36:20::SCWBDomain::Running Make libs in ps7_cortexa9_0/libsrc/gpiops_v3_10/src

TRACE::2026-09-21.22:36:20::SCWBDomain::Running Make libs in ps7_cortexa9_0/libsrc/qspips_v3_10/src

TRACE::2026-09-21.22:36:20::SCWBDomain::make -C ps7_cortexa9_0/libsrc/gpiops_v3_10/src -s libs  "SHELL=/bin/sh" "COMPILER=arm-none-eabi-gcc" "ASSEMBLER=arm-none-eabi-a
TRACE::2026-09-21.22:36:20::SCWBDomain::s" "ARCHIVER=arm-none-eabi-ar" "COMPILER_FLAGS=  -O2 -c" "EXTRA_COMPILER_FLAGS=-mcpu=cortex-a9 -mfpu=vfpv3 -mfloat-abi=hard -no
TRACE::2026-09-21.22:36:20::SCWBDomain::startfiles -g -Wall -Wextra -fno-tree-loop-distribute-patterns"

TRACE::2026-09-21.22:36:20::SCWBDomain::make -C ps7_cortexa9_0/libsrc/qspips_v3_10/src -s libs  "SHELL=/bin/sh" "COMPILER=arm-none-eabi-gcc" "ASSEMBLER=arm-none-eabi-a
TRACE::2026-09-21.22:36:20::SCWBDomain::s" "ARCHIVER=arm-none-eabi-ar" "COMPILER_FLAGS=  -O2 -c" "EXTRA_COMPILER_FLAGS=-mcpu=cortex-a9 -mfpu=vfpv3 -mfloat-abi=hard -no
TRACE::2026-09-21.22:36:20::SCWBDomain::startfiles -g -Wall -Wextra -fno-tree-loop-distribute-patterns"

TRACE::2026-09-21.22:36:20::SCWBDomain::Running Make libs in ps7_cortexa9_0/libsrc/scugic_v5_0/src

TRACE::2026-09-21.22:36:20::SCWBDomain::make -C ps7_cortexa9_0/libsrc/scugic_v5_0/src -s libs  "SHELL=/bin/sh" "COMPILER=arm-none-eabi-gcc" "ASSEMBLER=arm-none-eabi-as
TRACE::2026-09-21.22:36:20::SCWBDomain::" "ARCHIVER=arm-none-eabi-ar" "COMPILER_FLAGS=  -O2 -c" "EXTRA_COMPILER_FLAGS=-mcpu=cortex-a9 -mfpu=vfpv3 -mfloat-abi=hard -nos
TRACE::2026-09-21.22:36:20::SCWBDomain::tartfiles -g -Wall -Wextra -fno-tree-loop-distribute-patterns"

TRACE::2026-09-21.22:36:20::SCWBDomain::Running Make libs in ps7_cortexa9_0/libsrc/scutimer_v2_4/src

TRACE::2026-09-21.22:36:20::SCWBDomain::make -C ps7_cortexa9_0/libsrc/scutimer_v2_4/src -s libs  "SHELL=/bin/sh" "COMPILER=arm-none-eabi-gcc" "ASSEMBLER=arm-none-eabi-
TRACE::2026-09-21.22:36:20::SCWBDomain::as" "ARCHIVER=arm-none-eabi-ar" "COMPILER_FLAGS=  -O2 -c" "EXTRA_COMPILER_FLAGS=-mcpu=cortex-a9 -mfpu=vfpv3 -mfloat-abi=hard -n
TRACE::2026-09-21.22:36:20::SCWBDomain::ostartfiles -g -Wall -Wextra -fno-tree-loop-distribute-patterns"

TRACE::2026-09-21.22:36:20::SCWBDomain::Running Make libs in ps7_cortexa9_0/libsrc/scuwdt_v2_4/src

TRACE::2026-09-21.22:36:20::SCWBDomain::make -C ps7_cortexa9_0/libsrc/scuwdt_v2_4/src -s libs  "SHELL=/bin/sh" "COMPILER=arm-none-eabi-gcc" "ASSEMBLER=arm-none-eabi-as
TRACE::2026-09-21.22:36:20::SCWBDomain::" "ARCHIVER=arm-none-eabi-ar" "COMPILER_FLAGS=  -O2 -c" "EXTRA_COMPILER_FLAGS=-mcpu=cortex-a9 -mfpu=vfpv3 -mfloat-abi=hard -nos
TRACE::2026-09-21.22:36:20::SCWBDomain::tartfiles -g -Wall -Wextra -fno-tree-loop-distribute-patterns"

TRACE::2026-09-21.22:36:20::SCWBDomain::Running Make libs in ps7_cortexa9_0/libsrc/sdps_v4_0/src

TRACE::2026-09-21.22:36:20::SCWBDomain::Running Make libs in ps7_cortexa9_0/libsrc/standalone_v8_0/src

TRACE::2026-09-21.22:36:20::SCWBDomain::make -C ps7_cortexa9_0/libsrc/sdps_v4_0/src -s libs  "SHELL=/bin/sh" "COMPILER=arm-none-eabi-gcc" "ASSEMBLER=arm-none-eabi-as" 
TRACE::2026-09-21.22:36:20::SCWBDomain::"ARCHIVER=arm-none-eabi-ar" "COMPILER_FLAGS=  -O2 -c" "EXTRA_COMPILER_FLAGS=-mcpu=cortex-a9 -mfpu=vfpv3 -mfloat-abi=hard -nosta
TRACE::2026-09-21.22:36:20::SCWBDomain::rtfiles -g -Wall -Wextra -fno-tree-loop-distribute-patterns"

TRACE::2026-09-21.22:36:20::SCWBDomain::make -C ps7_cortexa9_0/libsrc/standalone_v8_0/src -s libs  "SHELL=/bin/sh" "COMPILER=arm-none-eabi-gcc" "ASSEMBLER=arm-none-eab
TRACE::2026-09-21.22:36:20::SCWBDomain::i-as" "ARCHIVER=arm-none-eabi-ar" "COMPILER_FLAGS=  -O2 -c" "EXTRA_COMPILER_FLAGS=-mcpu=cortex-a9 -mfpu=vfpv3 -mfloat-abi=hard 
TRACE::2026-09-21.22:36:20::SCWBDomain::-nostartfiles -g -Wall -Wextra -fno-tree-loop-distribute-patterns"

TRACE::2026-09-21.22:36:20::SCWBDomain::Running Make libs in ps7_cortexa9_0/libsrc/uartps_v3_11/src

TRACE::2026-09-21.22:36:20::SCWBDomain::make -C ps7_cortexa9_0/libsrc/uartps_v3_11/src -s libs  "SHELL=/bin/sh" "COMPILER=arm-none-eabi-gcc" "ASSEMBLER=arm-none-eabi-a
TRACE::2026-09-21.22:36:20::SCWBDomain::s" "ARCHIVER=arm-none-eabi-ar" "COMPILER_FLAGS=  -O2 -c" "EXTRA_COMPILER_FLAGS=-mcpu=cortex-a9 -mfpu=vfpv3 -mfloat-abi=hard -no
TRACE::2026-09-21.22:36:20::SCWBDomain::startfiles -g -Wall -Wextra -fno-tree-loop-distribute-patterns"

TRACE::2026-09-21.22:36:20::SCWBDomain::Running Make libs in ps7_cortexa9_0/libsrc/xadcps_v2_6/src

TRACE::2026-09-21.22:36:20::SCWBDomain::Running Make libs in ps7_cortexa9_0/libsrc/xilffs_v4_8/src

TRACE::2026-09-21.22:36:20::SCWBDomain::make -C ps7_cortexa9_0/libsrc/xadcps_v2_6/src -s libs  "SHELL=/bin/sh" "COMPILER=arm-none-eabi-gcc" "ASSEMBLER=arm-none-eabi-as
TRACE::2026-09-21.22:36:20::SCWBDomain::" "ARCHIVER=arm-none-eabi-ar" "COMPILER_FLAGS=  -O2 -c" "EXTRA_COMPILER_FLAGS=-mcpu=cortex-a9 -mfpu=vfpv3 -mfloat-abi=hard -nos
TRACE::2026-09-21.22:36:20::SCWBDomain::tartfiles -g -Wall -Wextra -fno-tree-loop-distribute-patterns"

TRACE::2026-09-21.22:36:20::SCWBDomain::make -C ps7_cortexa9_0/libsrc/xilffs_v4_8/src -s libs  "SHELL=/bin/sh" "COMPILER=arm-none-eabi-gcc" "ASSEMBLER=arm-none-eabi-as
TRACE::2026-09-21.22:36:20::SCWBDomain::" "ARCHIVER=arm-none-eabi-ar" "COMPILER_FLAGS=  -O2 -c" "EXTRA_COMPILER_FLAGS=-mcpu=cortex-a9 -mfpu=vfpv3 -mfloat-abi=hard -nos
TRACE::2026-09-21.22:36:20::SCWBDomain::tartfiles -g -Wall -Wextra -fno-tree-loop-distribute-patterns"

TRACE::2026-09-21.22:36:20::SCWBDomain::Finished building libraries parallelly.

TRACE::2026-09-21.22:36:20::SCWBDomain::make --no-print-directory archive

TRACE::2026-09-21.22:36:20::SCWBDomain::arm-none-eabi-ar -r  ps7_cortexa9_0/lib/libxil.a ps7_cortexa9_0/lib/_exit.o ps7_cortexa9_0/lib/_open.o ps7_cortexa9_0/lib/_sbrk
TRACE::2026-09-21.22:36:20::SCWBDomain::.o ps7_cortexa9_0/lib/abort.o ps7_cortexa9_0/lib/asm_vectors.o ps7_cortexa9_0/lib/boot.o ps7_cortexa9_0/lib/close.o ps7_cortexa
TRACE::2026-09-21.22:36:20::SCWBDomain::9_0/lib/cpputest_time.o ps7_cortexa9_0/lib/cpu_init.o ps7_cortexa9_0/lib/errno.o ps7_cortexa9_0/lib/fcntl.o ps7_cortexa9_0/lib/
TRACE::2026-09-21.22:36:20::SCWBDomain::fstat.o ps7_cortexa9_0/lib/getpid.o ps7_cortexa9_0/lib/inbyte.o ps7_cortexa9_0/lib/isatty.o ps7_cortexa9_0/lib/kill.o ps7_corte
TRACE::2026-09-21.22:36:20::SCWBDomain::xa9_0/lib/lseek.o ps7_cortexa9_0/lib/open.o ps7_cortexa9_0/lib/outbyte.o ps7_cortexa9_0/lib/print.o ps7_cortexa9_0/lib/putnum.o
TRACE::2026-09-21.22:36:20::SCWBDomain:: ps7_cortexa9_0/lib/read.o ps7_cortexa9_0/lib/sbrk.o ps7_cortexa9_0/lib/sleep.o ps7_cortexa9_0/lib/time.o ps7_cortexa9_0/lib/tr
TRACE::2026-09-21.22:36:20::SCWBDomain::anslation_table.o ps7_cortexa9_0/lib/unlink.o ps7_cortexa9_0/lib/usleep.o ps7_cortexa9_0/lib/vectors.o ps7_cortexa9_0/lib/write
TRACE::2026-09-21.22:36:20::SCWBDomain::.o ps7_cortexa9_0/lib/xadcps.o ps7_cortexa9_0/lib/xadcps_g.o ps7_cortexa9_0/lib/xadcps_intr.o ps7_cortexa9_0/lib/xadcps_selftes
TRACE::2026-09-21.22:36:20::SCWBDomain::t.o ps7_cortexa9_0/lib/xadcps_sinit.o ps7_cortexa9_0/lib/xcoresightpsdcc.o ps7_cortexa9_0/lib/xdevcfg.o ps7_cortexa9_0/lib/xdev
TRACE::2026-09-21.22:36:20::SCWBDomain::cfg_g.o ps7_cortexa9_0/lib/xdevcfg_hw.o ps7_cortexa9_0/lib/xdevcfg_intr.o ps7_cortexa9_0/lib/xdevcfg_selftest.o ps7_cortexa9_0/
TRACE::2026-09-21.22:36:20::SCWBDomain::lib/xdevcfg_sinit.o ps7_cortexa9_0/lib/xdmaps.o ps7_cortexa9_0/lib/xdmaps_g.o ps7_cortexa9_0/lib/xdmaps_hw.o ps7_cortexa9_0/lib
TRACE::2026-09-21.22:36:20::SCWBDomain::/xdmaps_selftest.o ps7_cortexa9_0/lib/xdmaps_sinit.o ps7_cortexa9_0/lib/xemacps.o ps7_cortexa9_0/lib/xemacps_bdring.o ps7_corte
TRACE::2026-09-21.22:36:20::SCWBDomain::xa9_0/lib/xemacps_control.o ps7_cortexa9_0/lib/xemacps_g.o ps7_cortexa9_0/lib/xemacps_hw.o ps7_cortexa9_0/lib/xemacps_intr.o ps
TRACE::2026-09-21.22:36:20::SCWBDomain::7_cortexa9_0/lib/xemacps_sinit.o ps7_cortexa9_0/lib/xgpiops.o ps7_cortexa9_0/lib/xgpiops_g.o ps7_cortexa9_0/lib/xgpiops_hw.o ps
TRACE::2026-09-21.22:36:20::SCWBDomain::7_cortexa9_0/lib/xgpiops_intr.o ps7_cortexa9_0/lib/xgpiops_selftest.o ps7_cortexa9_0/lib/xgpiops_sinit.o ps7_cortexa9_0/lib/xil
TRACE::2026-09-21.22:36:20::SCWBDomain::-crt0.o ps7_cortexa9_0/lib/xil_assert.o ps7_cortexa9_0/lib/xil_cache.o ps7_cortexa9_0/lib/xil_clocking.o ps7_cortexa9_0/lib/xil
TRACE::2026-09-21.22:36:20::SCWBDomain::_exception.o ps7_cortexa9_0/lib/xil_mem.o ps7_cortexa9_0/lib/xil_misc_psreset_api.o ps7_cortexa9_0/lib/xil_mmu.o ps7_cortexa9_0
TRACE::2026-09-21.22:36:20::SCWBDomain::/lib/xil_printf.o ps7_cortexa9_0/lib/xil_sleepcommon.o ps7_cortexa9_0/lib/xil_sleeptimer.o ps7_cortexa9_0/lib/xil_spinlock.o ps
TRACE::2026-09-21.22:36:20::SCWBDomain::7_cortexa9_0/lib/xil_testcache.o ps7_cortexa9_0/lib/xil_testio.o ps7_cortexa9_0/lib/xil_testmem.o ps7_cortexa9_0/lib/xil_util.o
TRACE::2026-09-21.22:36:20::SCWBDomain:: ps7_cortexa9_0/lib/xinterrupt_wrap.o ps7_cortexa9_0/lib/xl2cc_counter.o ps7_cortexa9_0/lib/xplatform_info.o ps7_cortexa9_0/lib
TRACE::2026-09-21.22:36:20::SCWBDomain::/xpm_counter.o ps7_cortexa9_0/lib/xqspips.o ps7_cortexa9_0/lib/xqspips_g.o ps7_cortexa9_0/lib/xqspips_hw.o ps7_cortexa9_0/lib/x
TRACE::2026-09-21.22:36:20::SCWBDomain::qspips_options.o ps7_cortexa9_0/lib/xqspips_selftest.o ps7_cortexa9_0/lib/xqspips_sinit.o ps7_cortexa9_0/lib/xscugic.o ps7_cort
TRACE::2026-09-21.22:36:20::SCWBDomain::exa9_0/lib/xscugic_g.o ps7_cortexa9_0/lib/xscugic_hw.o ps7_cortexa9_0/lib/xscugic_intr.o ps7_cortexa9_0/lib/xscugic_selftest.o 
TRACE::2026-09-21.22:36:20::SCWBDomain::ps7_cortexa9_0/lib/xscugic_sinit.o ps7_cortexa9_0/lib/xscutimer.o ps7_cortexa9_0/lib/xscutimer_g.o ps7_cortexa9_0/lib/xscutimer
TRACE::2026-09-21.22:36:20::SCWBDomain::_selftest.o ps7_cortexa9_0/lib/xscutimer_sinit.o ps7_cortexa9_0/lib/xscuwdt.o ps7_cortexa9_0/lib/xscuwdt_g.o ps7_cortexa9_0/lib
TRACE::2026-09-21.22:36:20::SCWBDomain::/xscuwdt_selftest.o ps7_cortexa9_0/lib/xscuwdt_sinit.o ps7_cortexa9_0/lib/xsdps.o ps7_cortexa9_0/lib/xsdps_card.o ps7_cortexa9_
TRACE::2026-09-21.22:36:20::SCWBDomain::0/lib/xsdps_g.o ps7_cortexa9_0/lib/xsdps_host.o ps7_cortexa9_0/lib/xsdps_options.o ps7_cortexa9_0/lib/xsdps_sinit.o ps7_cortexa
TRACE::2026-09-21.22:36:20::SCWBDomain::9_0/lib/xtime_l.o ps7_cortexa9_0/lib/xuartps.o ps7_cortexa9_0/lib/xuartps_g.o ps7_cortexa9_0/lib/xuartps_hw.o ps7_cortexa9_0/li
TRACE::2026-09-21.22:36:20::SCWBDomain::b/xuartps_intr.o ps7_cortexa9_0/lib/xuartps_options.o ps7_cortexa9_0/lib/xuartps_selftest.o ps7_cortexa9_0/lib/xuartps_sinit.o

TRACE::2026-09-21.22:36:20::SCWBDomain::Finished building libraries

TRACE::2026-09-21.22:36:20::SCWBDomain::make: Leaving directory '/home/dide/project/digital-ide-0.5.x/tests/project/temp/user/sdk/template/template_1/zynq_fsbl/zynq_fs
TRACE::2026-09-21.22:36:20::SCWBDomain::bl_bsp'

TRACE::2026-09-21.22:36:20::SCWBDomain::arm-none-eabi-gcc  -O2 -c -MMD -MP       -mcpu=cortex-a9 -mfpu=vfpv3 -mfloat-abi=hard  -c fsbl_hooks.c -o fsbl_hooks.o -Izynq_f
TRACE::2026-09-21.22:36:20::SCWBDomain::sbl_bsp/ps7_cortexa9_0/include -I.

TRACE::2026-09-21.22:36:20::SCWBDomain::arm-none-eabi-gcc  -O2 -c -MMD -MP       -mcpu=cortex-a9 -mfpu=vfpv3 -mfloat-abi=hard  -c image_mover.c -o image_mover.o -Izynq
TRACE::2026-09-21.22:36:20::SCWBDomain::_fsbl_bsp/ps7_cortexa9_0/include -I.

TRACE::2026-09-21.22:36:20::SCWBDomain::arm-none-eabi-gcc  -O2 -c -MMD -MP       -mcpu=cortex-a9 -mfpu=vfpv3 -mfloat-abi=hard  -c main.c -o main.o -Izynq_fsbl_bsp/ps7_
TRACE::2026-09-21.22:36:20::SCWBDomain::cortexa9_0/include -I.

TRACE::2026-09-21.22:36:20::SCWBDomain::arm-none-eabi-gcc  -O2 -c -MMD -MP       -mcpu=cortex-a9 -mfpu=vfpv3 -mfloat-abi=hard  -c md5.c -o md5.o -Izynq_fsbl_bsp/ps7_co
TRACE::2026-09-21.22:36:20::SCWBDomain::rtexa9_0/include -I.

TRACE::2026-09-21.22:36:20::SCWBDomain::arm-none-eabi-gcc  -O2 -c -MMD -MP       -mcpu=cortex-a9 -mfpu=vfpv3 -mfloat-abi=hard  -c nand.c -o nand.o -Izynq_fsbl_bsp/ps7_
TRACE::2026-09-21.22:36:20::SCWBDomain::cortexa9_0/include -I.

TRACE::2026-09-21.22:36:21::SCWBDomain::arm-none-eabi-gcc  -O2 -c -MMD -MP       -mcpu=cortex-a9 -mfpu=vfpv3 -mfloat-abi=hard  -c nor.c -o nor.o -Izynq_fsbl_bsp/ps7_co
TRACE::2026-09-21.22:36:21::SCWBDomain::rtexa9_0/include -I.

TRACE::2026-09-21.22:36:21::SCWBDomain::arm-none-eabi-gcc  -O2 -c -MMD -MP       -mcpu=cortex-a9 -mfpu=vfpv3 -mfloat-abi=hard  -c pcap.c -o pcap.o -Izynq_fsbl_bsp/ps7_
TRACE::2026-09-21.22:36:21::SCWBDomain::cortexa9_0/include -I.

TRACE::2026-09-21.22:36:21::SCWBDomain::arm-none-eabi-gcc  -O2 -c -MMD -MP       -mcpu=cortex-a9 -mfpu=vfpv3 -mfloat-abi=hard  -c ps7_init.c -o ps7_init.o -Izynq_fsbl_
TRACE::2026-09-21.22:36:21::SCWBDomain::bsp/ps7_cortexa9_0/include -I.

TRACE::2026-09-21.22:36:21::SCWBDomain::arm-none-eabi-gcc  -O2 -c -MMD -MP       -mcpu=cortex-a9 -mfpu=vfpv3 -mfloat-abi=hard  -c qspi.c -o qspi.o -Izynq_fsbl_bsp/ps7_
TRACE::2026-09-21.22:36:21::SCWBDomain::cortexa9_0/include -I.

TRACE::2026-09-21.22:36:21::SCWBDomain::arm-none-eabi-gcc  -O2 -c -MMD -MP       -mcpu=cortex-a9 -mfpu=vfpv3 -mfloat-abi=hard  -c rsa.c -o rsa.o -Izynq_fsbl_bsp/ps7_co
TRACE::2026-09-21.22:36:21::SCWBDomain::rtexa9_0/include -I.

TRACE::2026-09-21.22:36:21::SCWBDomain::arm-none-eabi-gcc  -O2 -c -MMD -MP       -mcpu=cortex-a9 -mfpu=vfpv3 -mfloat-abi=hard  -c sd.c -o sd.o -Izynq_fsbl_bsp/ps7_cort
TRACE::2026-09-21.22:36:21::SCWBDomain::exa9_0/include -I.

TRACE::2026-09-21.22:36:21::SCWBDomain::arm-none-eabi-gcc  -O2 -c -MMD -MP       -mcpu=cortex-a9 -mfpu=vfpv3 -mfloat-abi=hard  -c fsbl_handoff.S -o fsbl_handoff.o -Izy
TRACE::2026-09-21.22:36:21::SCWBDomain::nq_fsbl_bsp/ps7_cortexa9_0/include -I.

TRACE::2026-09-21.22:36:21::SCWBDomain::arm-none-eabi-gcc -o fsbl.elf fsbl_handoff.o fsbl_hooks.o image_mover.o main.o md5.o nand.o nor.o pcap.o ps7_init.o qspi.o rsa.
TRACE::2026-09-21.22:36:21::SCWBDomain::o sd.o -MMD -MP       -mcpu=cortex-a9 -mfpu=vfpv3 -mfloat-abi=hard   -mcpu=cortex-a9 -mfpu=vfpv3 -mfloat-abi=hard -Wl,-build-id
TRACE::2026-09-21.22:36:21::SCWBDomain::=none -specs=Xilinx.spec  -lrsa -Wl,--start-group,-lxil,-lgcc,-lc,--end-group -Wl,--start-group,-lxilffs,-lxil,-lgcc,-lc,--end-
TRACE::2026-09-21.22:36:21::SCWBDomain::group -Wl,--start-group,-lrsa,-lxil,-lgcc,-lc,--end-group                                  -Wl,--gc-sections -Lzynq_fsbl_bsp/ps
TRACE::2026-09-21.22:36:21::SCWBDomain::7_cortexa9_0/lib -L./ -Tlscript.ld

LOG::2026-09-21.22:36:21::SCWSystem::Checking the domain standalone_domain
LOG::2026-09-21.22:36:21::SCWSystem::Not a boot domain 
LOG::2026-09-21.22:36:21::SCWSystem::Started Processing the domain standalone_domain
TRACE::2026-09-21.22:36:21::SCWDomain::Generating domain artifcats
TRACE::2026-09-21.22:36:21::SCWMssOS::Generating standalone artifcats
TRACE::2026-09-21.22:36:21::SCWMssOS::Copying the qemu file from  /home/dide/project/digital-ide-0.5.x/tests/project/temp/user/sdk/template/template_1/resources/template_1/standalone_domain/qemu_args.txt To /home/dide/project/digital-ide-0.5.x/tests/project/temp/user/sdk/template/template_1/export/template_1/sw/template_1/qemu/
TRACE::2026-09-21.22:36:21::SCWMssOS::Copying the qemu file from  /home/dide/project/digital-ide-0.5.x/tests/project/temp/user/sdk/template/template_1/resources/template_1/standalone_domain/qemu_args.txt To /home/dide/project/digital-ide-0.5.x/tests/project/temp/user/sdk/template/template_1/export/template_1/sw/template_1/standalone_domain/qemu/
TRACE::2026-09-21.22:36:21::SCWMssOS:: Copying the user libraries. 
TRACE::2026-09-21.22:36:21::SCWPlatform::Trying to open the hw design at /home/dide/project/digital-ide-0.5.x/tests/project/temp/user/sdk/template/template_1/hw/template.hdf
TRACE::2026-09-21.22:36:21::SCWPlatform::DSA given /home/dide/project/digital-ide-0.5.x/tests/project/temp/user/sdk/template/template_1/hw/template.dsa
TRACE::2026-09-21.22:36:21::SCWPlatform::DSA absoulate path /home/dide/project/digital-ide-0.5.x/tests/project/temp/user/sdk/template/template_1/hw/template.dsa
TRACE::2026-09-21.22:36:21::SCWPlatform::DSA directory /home/dide/project/digital-ide-0.5.x/tests/project/temp/user/sdk/template/template_1/hw
TRACE::2026-09-21.22:36:21::SCWPlatform:: Platform Path /home/dide/project/digital-ide-0.5.x/tests/project/temp/user/sdk/template/template_1/hw/template.dsa
TRACE::2026-09-21.22:36:21::SCWPlatform:: Unique name xilinx.com::system_wrapper:1.0
TRACE::2026-09-21.22:36:21::SCWPlatform::Trying to set the existing hwdb with name system_wrapper_0
TRACE::2026-09-21.22:36:21::SCWPlatform::Opened existing hwdb system_wrapper_0
TRACE::2026-09-21.22:36:21::SCWPlatform::Found the Hw Db part of the input DSA
TRACE::2026-09-21.22:36:21::SCWMssOS::Checking the sw design at  /home/dide/project/digital-ide-0.5.x/tests/project/temp/user/sdk/template/template_1/ps7_cortexa9_0/standalone_domain/bsp/system.mss
TRACE::2026-09-21.22:36:21::SCWMssOS::DEBUG:  swdes dump  /home/dide/project/digital-ide-0.5.x/tests/project/temp/user/sdk/template/template_1/ps7_cortexa9_0/standalone_domain/bsp/system.mss|system_0||
/home/dide/project/digital-ide-0.5.x/tests/project/temp/user/sdk/template/template_1/zynq_fsbl/zynq_fsbl_bsp/system.mss|system||

TRACE::2026-09-21.22:36:21::SCWMssOS::Sw design exists and opened at  /home/dide/project/digital-ide-0.5.x/tests/project/temp/user/sdk/template/template_1/ps7_cortexa9_0/standalone_domain/bsp/system.mss
TRACE::2026-09-21.22:36:21::SCWMssOS::Completed writing the mss file at /home/dide/project/digital-ide-0.5.x/tests/project/temp/user/sdk/template/template_1/ps7_cortexa9_0/standalone_domain/bsp
TRACE::2026-09-21.22:36:21::SCWMssOS::Mss edits present, copying mssfile into export location /home/dide/project/digital-ide-0.5.x/tests/project/temp/user/sdk/template/template_1/ps7_cortexa9_0/standalone_domain/bsp/system.mss
TRACE::2026-09-21.22:36:21::SCWMssOS::bsp generated is upto date with the mss file. Skipping bsp generation.
TRACE::2026-09-21.22:36:21::SCWMssOS::BSP is already built. skipping the bsp build ... 
TRACE::2026-09-21.22:36:21::SCWDomain::Building the domain as part of full build :  standalone_domain
TRACE::2026-09-21.22:36:21::SCWMssOS::doing bsp build ... 
TRACE::2026-09-21.22:36:21::SCWMssOS::System Command Ran  cd  /home/dide/project/digital-ide-0.5.x/tests/project/temp/user/sdk/template/template_1/ps7_cortexa9_0/standalone_domain/bsp ; bash -c "make  " 
TRACE::2026-09-21.22:36:21::SCWMssOS::make --no-print-directory seq_libs

TRACE::2026-09-21.22:36:21::SCWMssOS::Finished building libraries sequentially.

TRACE::2026-09-21.22:36:21::SCWMssOS::make -j 30 --no-print-directory par_libs

TRACE::2026-09-21.22:36:21::SCWMssOS::Running Make include in ps7_cortexa9_0/libsrc/coresightps_dcc_v1_8/src

TRACE::2026-09-21.22:36:21::SCWMssOS::make -C ps7_cortexa9_0/libsrc/coresightps_dcc_v1_8/src -s include  "SHELL=/bin/sh" "COMPILER=arm-none-eabi-gcc" "ASSEMBLER=arm-
TRACE::2026-09-21.22:36:21::SCWMssOS::none-eabi-as" "ARCHIVER=arm-none-eabi-ar" "COMPILER_FLAGS=  -O2 -c" "EXTRA_COMPILER_FLAGS=-mcpu=cortex-a9 -mfpu=vfpv3 -mfloat-a
TRACE::2026-09-21.22:36:21::SCWMssOS::bi=hard -nostartfiles -g -Wall -Wextra -fno-tree-loop-distribute-patterns"

TRACE::2026-09-21.22:36:21::SCWMssOS::Running Make include in ps7_cortexa9_0/libsrc/cpu_cortexa9_v2_11/src

TRACE::2026-09-21.22:36:21::SCWMssOS::Running Make include in ps7_cortexa9_0/libsrc/ddrps_v1_2/src

TRACE::2026-09-21.22:36:21::SCWMssOS::make -C ps7_cortexa9_0/libsrc/cpu_cortexa9_v2_11/src -s include  "SHELL=/bin/sh" "COMPILER=arm-none-eabi-gcc" "ASSEMBLER=arm-no
TRACE::2026-09-21.22:36:21::SCWMssOS::ne-eabi-as" "ARCHIVER=arm-none-eabi-ar" "COMPILER_FLAGS=  -O2 -c" "EXTRA_COMPILER_FLAGS=-mcpu=cortex-a9 -mfpu=vfpv3 -mfloat-abi
TRACE::2026-09-21.22:36:21::SCWMssOS::=hard -nostartfiles -g -Wall -Wextra -fno-tree-loop-distribute-patterns"

TRACE::2026-09-21.22:36:21::SCWMssOS::Running Make include in ps7_cortexa9_0/libsrc/devcfg_v3_7/src

TRACE::2026-09-21.22:36:21::SCWMssOS::make -C ps7_cortexa9_0/libsrc/ddrps_v1_2/src -s include  "SHELL=/bin/sh" "COMPILER=arm-none-eabi-gcc" "ASSEMBLER=arm-none-eabi-
TRACE::2026-09-21.22:36:21::SCWMssOS::as" "ARCHIVER=arm-none-eabi-ar" "COMPILER_FLAGS=  -O2 -c" "EXTRA_COMPILER_FLAGS=-mcpu=cortex-a9 -mfpu=vfpv3 -mfloat-abi=hard -n
TRACE::2026-09-21.22:36:21::SCWMssOS::ostartfiles -g -Wall -Wextra -fno-tree-loop-distribute-patterns"

TRACE::2026-09-21.22:36:21::SCWMssOS::make -C ps7_cortexa9_0/libsrc/devcfg_v3_7/src -s include  "SHELL=/bin/sh" "COMPILER=arm-none-eabi-gcc" "ASSEMBLER=arm-none-eabi
TRACE::2026-09-21.22:36:21::SCWMssOS::-as" "ARCHIVER=arm-none-eabi-ar" "COMPILER_FLAGS=  -O2 -c" "EXTRA_COMPILER_FLAGS=-mcpu=cortex-a9 -mfpu=vfpv3 -mfloat-abi=hard -
TRACE::2026-09-21.22:36:21::SCWMssOS::nostartfiles -g -Wall -Wextra -fno-tree-loop-distribute-patterns"

TRACE::2026-09-21.22:36:21::SCWMssOS::Running Make include in ps7_cortexa9_0/libsrc/dmaps_v2_8/src

TRACE::2026-09-21.22:36:21::SCWMssOS::make -C ps7_cortexa9_0/libsrc/dmaps_v2_8/src -s include  "SHELL=/bin/sh" "COMPILER=arm-none-eabi-gcc" "ASSEMBLER=arm-none-eabi-
TRACE::2026-09-21.22:36:21::SCWMssOS::as" "ARCHIVER=arm-none-eabi-ar" "COMPILER_FLAGS=  -O2 -c" "EXTRA_COMPILER_FLAGS=-mcpu=cortex-a9 -mfpu=vfpv3 -mfloat-abi=hard -n
TRACE::2026-09-21.22:36:21::SCWMssOS::ostartfiles -g -Wall -Wextra -fno-tree-loop-distribute-patterns"

TRACE::2026-09-21.22:36:21::SCWMssOS::Running Make include in ps7_cortexa9_0/libsrc/emacps_v3_17/src

TRACE::2026-09-21.22:36:21::SCWMssOS::make -C ps7_cortexa9_0/libsrc/emacps_v3_17/src -s include  "SHELL=/bin/sh" "COMPILER=arm-none-eabi-gcc" "ASSEMBLER=arm-none-eab
TRACE::2026-09-21.22:36:21::SCWMssOS::i-as" "ARCHIVER=arm-none-eabi-ar" "COMPILER_FLAGS=  -O2 -c" "EXTRA_COMPILER_FLAGS=-mcpu=cortex-a9 -mfpu=vfpv3 -mfloat-abi=hard 
TRACE::2026-09-21.22:36:21::SCWMssOS::-nostartfiles -g -Wall -Wextra -fno-tree-loop-distribute-patterns"

TRACE::2026-09-21.22:36:21::SCWMssOS::Running Make include in ps7_cortexa9_0/libsrc/gpiops_v3_10/src

TRACE::2026-09-21.22:36:21::SCWMssOS::Running Make include in ps7_cortexa9_0/libsrc/qspips_v3_10/src

TRACE::2026-09-21.22:36:21::SCWMssOS::make -C ps7_cortexa9_0/libsrc/gpiops_v3_10/src -s include  "SHELL=/bin/sh" "COMPILER=arm-none-eabi-gcc" "ASSEMBLER=arm-none-eab
TRACE::2026-09-21.22:36:21::SCWMssOS::i-as" "ARCHIVER=arm-none-eabi-ar" "COMPILER_FLAGS=  -O2 -c" "EXTRA_COMPILER_FLAGS=-mcpu=cortex-a9 -mfpu=vfpv3 -mfloat-abi=hard 
TRACE::2026-09-21.22:36:21::SCWMssOS::-nostartfiles -g -Wall -Wextra -fno-tree-loop-distribute-patterns"

TRACE::2026-09-21.22:36:21::SCWMssOS::make -C ps7_cortexa9_0/libsrc/qspips_v3_10/src -s include  "SHELL=/bin/sh" "COMPILER=arm-none-eabi-gcc" "ASSEMBLER=arm-none-eab
TRACE::2026-09-21.22:36:21::SCWMssOS::i-as" "ARCHIVER=arm-none-eabi-ar" "COMPILER_FLAGS=  -O2 -c" "EXTRA_COMPILER_FLAGS=-mcpu=cortex-a9 -mfpu=vfpv3 -mfloat-abi=hard 
TRACE::2026-09-21.22:36:21::SCWMssOS::-nostartfiles -g -Wall -Wextra -fno-tree-loop-distribute-patterns"

TRACE::2026-09-21.22:36:21::SCWMssOS::Running Make include in ps7_cortexa9_0/libsrc/scugic_v5_0/src

TRACE::2026-09-21.22:36:21::SCWMssOS::make -C ps7_cortexa9_0/libsrc/scugic_v5_0/src -s include  "SHELL=/bin/sh" "COMPILER=arm-none-eabi-gcc" "ASSEMBLER=arm-none-eabi
TRACE::2026-09-21.22:36:21::SCWMssOS::-as" "ARCHIVER=arm-none-eabi-ar" "COMPILER_FLAGS=  -O2 -c" "EXTRA_COMPILER_FLAGS=-mcpu=cortex-a9 -mfpu=vfpv3 -mfloat-abi=hard -
TRACE::2026-09-21.22:36:21::SCWMssOS::nostartfiles -g -Wall -Wextra -fno-tree-loop-distribute-patterns"

TRACE::2026-09-21.22:36:21::SCWMssOS::Running Make include in ps7_cortexa9_0/libsrc/scutimer_v2_4/src

TRACE::2026-09-21.22:36:21::SCWMssOS::make -C ps7_cortexa9_0/libsrc/scutimer_v2_4/src -s include  "SHELL=/bin/sh" "COMPILER=arm-none-eabi-gcc" "ASSEMBLER=arm-none-ea
TRACE::2026-09-21.22:36:21::SCWMssOS::bi-as" "ARCHIVER=arm-none-eabi-ar" "COMPILER_FLAGS=  -O2 -c" "EXTRA_COMPILER_FLAGS=-mcpu=cortex-a9 -mfpu=vfpv3 -mfloat-abi=hard
TRACE::2026-09-21.22:36:21::SCWMssOS:: -nostartfiles -g -Wall -Wextra -fno-tree-loop-distribute-patterns"

TRACE::2026-09-21.22:36:21::SCWMssOS::Running Make include in ps7_cortexa9_0/libsrc/scuwdt_v2_4/src

TRACE::2026-09-21.22:36:21::SCWMssOS::make -C ps7_cortexa9_0/libsrc/scuwdt_v2_4/src -s include  "SHELL=/bin/sh" "COMPILER=arm-none-eabi-gcc" "ASSEMBLER=arm-none-eabi
TRACE::2026-09-21.22:36:21::SCWMssOS::-as" "ARCHIVER=arm-none-eabi-ar" "COMPILER_FLAGS=  -O2 -c" "EXTRA_COMPILER_FLAGS=-mcpu=cortex-a9 -mfpu=vfpv3 -mfloat-abi=hard -
TRACE::2026-09-21.22:36:21::SCWMssOS::nostartfiles -g -Wall -Wextra -fno-tree-loop-distribute-patterns"

TRACE::2026-09-21.22:36:21::SCWMssOS::Running Make include in ps7_cortexa9_0/libsrc/sdps_v4_0/src

TRACE::2026-09-21.22:36:21::SCWMssOS::Running Make include in ps7_cortexa9_0/libsrc/standalone_v8_0/src

TRACE::2026-09-21.22:36:21::SCWMssOS::make -C ps7_cortexa9_0/libsrc/sdps_v4_0/src -s include  "SHELL=/bin/sh" "COMPILER=arm-none-eabi-gcc" "ASSEMBLER=arm-none-eabi-a
TRACE::2026-09-21.22:36:21::SCWMssOS::s" "ARCHIVER=arm-none-eabi-ar" "COMPILER_FLAGS=  -O2 -c" "EXTRA_COMPILER_FLAGS=-mcpu=cortex-a9 -mfpu=vfpv3 -mfloat-abi=hard -no
TRACE::2026-09-21.22:36:21::SCWMssOS::startfiles -g -Wall -Wextra -fno-tree-loop-distribute-patterns"

TRACE::2026-09-21.22:36:21::SCWMssOS::make -C ps7_cortexa9_0/libsrc/standalone_v8_0/src -s include  "SHELL=/bin/sh" "COMPILER=arm-none-eabi-gcc" "ASSEMBLER=arm-none-
TRACE::2026-09-21.22:36:21::SCWMssOS::eabi-as" "ARCHIVER=arm-none-eabi-ar" "COMPILER_FLAGS=  -O2 -c" "EXTRA_COMPILER_FLAGS=-mcpu=cortex-a9 -mfpu=vfpv3 -mfloat-abi=ha
TRACE::2026-09-21.22:36:21::SCWMssOS::rd -nostartfiles -g -Wall -Wextra -fno-tree-loop-distribute-patterns"

TRACE::2026-09-21.22:36:21::SCWMssOS::Running Make include in ps7_cortexa9_0/libsrc/uartps_v3_11/src

TRACE::2026-09-21.22:36:21::SCWMssOS::make -C ps7_cortexa9_0/libsrc/uartps_v3_11/src -s include  "SHELL=/bin/sh" "COMPILER=arm-none-eabi-gcc" "ASSEMBLER=arm-none-eab
TRACE::2026-09-21.22:36:21::SCWMssOS::i-as" "ARCHIVER=arm-none-eabi-ar" "COMPILER_FLAGS=  -O2 -c" "EXTRA_COMPILER_FLAGS=-mcpu=cortex-a9 -mfpu=vfpv3 -mfloat-abi=hard 
TRACE::2026-09-21.22:36:21::SCWMssOS::-nostartfiles -g -Wall -Wextra -fno-tree-loop-distribute-patterns"

TRACE::2026-09-21.22:36:21::SCWMssOS::Running Make include in ps7_cortexa9_0/libsrc/xadcps_v2_6/src

TRACE::2026-09-21.22:36:21::SCWMssOS::make -C ps7_cortexa9_0/libsrc/xadcps_v2_6/src -s include  "SHELL=/bin/sh" "COMPILER=arm-none-eabi-gcc" "ASSEMBLER=arm-none-eabi
TRACE::2026-09-21.22:36:21::SCWMssOS::-as" "ARCHIVER=arm-none-eabi-ar" "COMPILER_FLAGS=  -O2 -c" "EXTRA_COMPILER_FLAGS=-mcpu=cortex-a9 -mfpu=vfpv3 -mfloat-abi=hard -
TRACE::2026-09-21.22:36:21::SCWMssOS::nostartfiles -g -Wall -Wextra -fno-tree-loop-distribute-patterns"

TRACE::2026-09-21.22:36:21::SCWMssOS::Running Make libs in ps7_cortexa9_0/libsrc/coresightps_dcc_v1_8/src

TRACE::2026-09-21.22:36:21::SCWMssOS::make -C ps7_cortexa9_0/libsrc/coresightps_dcc_v1_8/src -s libs  "SHELL=/bin/sh" "COMPILER=arm-none-eabi-gcc" "ASSEMBLER=arm-non
TRACE::2026-09-21.22:36:21::SCWMssOS::e-eabi-as" "ARCHIVER=arm-none-eabi-ar" "COMPILER_FLAGS=  -O2 -c" "EXTRA_COMPILER_FLAGS=-mcpu=cortex-a9 -mfpu=vfpv3 -mfloat-abi=
TRACE::2026-09-21.22:36:21::SCWMssOS::hard -nostartfiles -g -Wall -Wextra -fno-tree-loop-distribute-patterns"

TRACE::2026-09-21.22:36:21::SCWMssOS::Running Make libs in ps7_cortexa9_0/libsrc/cpu_cortexa9_v2_11/src

TRACE::2026-09-21.22:36:21::SCWMssOS::make -C ps7_cortexa9_0/libsrc/cpu_cortexa9_v2_11/src -s libs  "SHELL=/bin/sh" "COMPILER=arm-none-eabi-gcc" "ASSEMBLER=arm-none-
TRACE::2026-09-21.22:36:21::SCWMssOS::eabi-as" "ARCHIVER=arm-none-eabi-ar" "COMPILER_FLAGS=  -O2 -c" "EXTRA_COMPILER_FLAGS=-mcpu=cortex-a9 -mfpu=vfpv3 -mfloat-abi=ha
TRACE::2026-09-21.22:36:21::SCWMssOS::rd -nostartfiles -g -Wall -Wextra -fno-tree-loop-distribute-patterns"

TRACE::2026-09-21.22:36:21::SCWMssOS::Running Make libs in ps7_cortexa9_0/libsrc/ddrps_v1_2/src

TRACE::2026-09-21.22:36:21::SCWMssOS::make -C ps7_cortexa9_0/libsrc/ddrps_v1_2/src -s libs  "SHELL=/bin/sh" "COMPILER=arm-none-eabi-gcc" "ASSEMBLER=arm-none-eabi-as"
TRACE::2026-09-21.22:36:21::SCWMssOS:: "ARCHIVER=arm-none-eabi-ar" "COMPILER_FLAGS=  -O2 -c" "EXTRA_COMPILER_FLAGS=-mcpu=cortex-a9 -mfpu=vfpv3 -mfloat-abi=hard -nost
TRACE::2026-09-21.22:36:21::SCWMssOS::artfiles -g -Wall -Wextra -fno-tree-loop-distribute-patterns"

TRACE::2026-09-21.22:36:21::SCWMssOS::Running Make libs in ps7_cortexa9_0/libsrc/devcfg_v3_7/src

TRACE::2026-09-21.22:36:21::SCWMssOS::Running Make libs in ps7_cortexa9_0/libsrc/dmaps_v2_8/src

TRACE::2026-09-21.22:36:21::SCWMssOS::make -C ps7_cortexa9_0/libsrc/devcfg_v3_7/src -s libs  "SHELL=/bin/sh" "COMPILER=arm-none-eabi-gcc" "ASSEMBLER=arm-none-eabi-as
TRACE::2026-09-21.22:36:21::SCWMssOS::" "ARCHIVER=arm-none-eabi-ar" "COMPILER_FLAGS=  -O2 -c" "EXTRA_COMPILER_FLAGS=-mcpu=cortex-a9 -mfpu=vfpv3 -mfloat-abi=hard -nos
TRACE::2026-09-21.22:36:21::SCWMssOS::tartfiles -g -Wall -Wextra -fno-tree-loop-distribute-patterns"

TRACE::2026-09-21.22:36:21::SCWMssOS::make -C ps7_cortexa9_0/libsrc/dmaps_v2_8/src -s libs  "SHELL=/bin/sh" "COMPILER=arm-none-eabi-gcc" "ASSEMBLER=arm-none-eabi-as"
TRACE::2026-09-21.22:36:21::SCWMssOS:: "ARCHIVER=arm-none-eabi-ar" "COMPILER_FLAGS=  -O2 -c" "EXTRA_COMPILER_FLAGS=-mcpu=cortex-a9 -mfpu=vfpv3 -mfloat-abi=hard -nost
TRACE::2026-09-21.22:36:21::SCWMssOS::artfiles -g -Wall -Wextra -fno-tree-loop-distribute-patterns"

TRACE::2026-09-21.22:36:21::SCWMssOS::Running Make libs in ps7_cortexa9_0/libsrc/emacps_v3_17/src

TRACE::2026-09-21.22:36:21::SCWMssOS::make -C ps7_cortexa9_0/libsrc/emacps_v3_17/src -s libs  "SHELL=/bin/sh" "COMPILER=arm-none-eabi-gcc" "ASSEMBLER=arm-none-eabi-a
TRACE::2026-09-21.22:36:21::SCWMssOS::s" "ARCHIVER=arm-none-eabi-ar" "COMPILER_FLAGS=  -O2 -c" "EXTRA_COMPILER_FLAGS=-mcpu=cortex-a9 -mfpu=vfpv3 -mfloat-abi=hard -no
TRACE::2026-09-21.22:36:21::SCWMssOS::startfiles -g -Wall -Wextra -fno-tree-loop-distribute-patterns"

TRACE::2026-09-21.22:36:21::SCWMssOS::Running Make libs in ps7_cortexa9_0/libsrc/gpiops_v3_10/src

TRACE::2026-09-21.22:36:21::SCWMssOS::Running Make libs in ps7_cortexa9_0/libsrc/scugic_v5_0/src

TRACE::2026-09-21.22:36:21::SCWMssOS::make -C ps7_cortexa9_0/libsrc/gpiops_v3_10/src -s libs  "SHELL=/bin/sh" "COMPILER=arm-none-eabi-gcc" "ASSEMBLER=arm-none-eabi-a
TRACE::2026-09-21.22:36:21::SCWMssOS::s" "ARCHIVER=arm-none-eabi-ar" "COMPILER_FLAGS=  -O2 -c" "EXTRA_COMPILER_FLAGS=-mcpu=cortex-a9 -mfpu=vfpv3 -mfloat-abi=hard -no
TRACE::2026-09-21.22:36:21::SCWMssOS::startfiles -g -Wall -Wextra -fno-tree-loop-distribute-patterns"

TRACE::2026-09-21.22:36:21::SCWMssOS::Running Make libs in ps7_cortexa9_0/libsrc/qspips_v3_10/src

TRACE::2026-09-21.22:36:21::SCWMssOS::make -C ps7_cortexa9_0/libsrc/scugic_v5_0/src -s libs  "SHELL=/bin/sh" "COMPILER=arm-none-eabi-gcc" "ASSEMBLER=arm-none-eabi-as
TRACE::2026-09-21.22:36:21::SCWMssOS::" "ARCHIVER=arm-none-eabi-ar" "COMPILER_FLAGS=  -O2 -c" "EXTRA_COMPILER_FLAGS=-mcpu=cortex-a9 -mfpu=vfpv3 -mfloat-abi=hard -nos
TRACE::2026-09-21.22:36:21::SCWMssOS::tartfiles -g -Wall -Wextra -fno-tree-loop-distribute-patterns"

TRACE::2026-09-21.22:36:21::SCWMssOS::Running Make libs in ps7_cortexa9_0/libsrc/scutimer_v2_4/src

TRACE::2026-09-21.22:36:21::SCWMssOS::make -C ps7_cortexa9_0/libsrc/qspips_v3_10/src -s libs  "SHELL=/bin/sh" "COMPILER=arm-none-eabi-gcc" "ASSEMBLER=arm-none-eabi-a
TRACE::2026-09-21.22:36:21::SCWMssOS::s" "ARCHIVER=arm-none-eabi-ar" "COMPILER_FLAGS=  -O2 -c" "EXTRA_COMPILER_FLAGS=-mcpu=cortex-a9 -mfpu=vfpv3 -mfloat-abi=hard -no
TRACE::2026-09-21.22:36:21::SCWMssOS::startfiles -g -Wall -Wextra -fno-tree-loop-distribute-patterns"

TRACE::2026-09-21.22:36:21::SCWMssOS::Running Make libs in ps7_cortexa9_0/libsrc/scuwdt_v2_4/src

TRACE::2026-09-21.22:36:21::SCWMssOS::make -C ps7_cortexa9_0/libsrc/scutimer_v2_4/src -s libs  "SHELL=/bin/sh" "COMPILER=arm-none-eabi-gcc" "ASSEMBLER=arm-none-eabi-
TRACE::2026-09-21.22:36:21::SCWMssOS::as" "ARCHIVER=arm-none-eabi-ar" "COMPILER_FLAGS=  -O2 -c" "EXTRA_COMPILER_FLAGS=-mcpu=cortex-a9 -mfpu=vfpv3 -mfloat-abi=hard -n
TRACE::2026-09-21.22:36:21::SCWMssOS::ostartfiles -g -Wall -Wextra -fno-tree-loop-distribute-patterns"

TRACE::2026-09-21.22:36:21::SCWMssOS::Running Make libs in ps7_cortexa9_0/libsrc/sdps_v4_0/src

TRACE::2026-09-21.22:36:21::SCWMssOS::make -C ps7_cortexa9_0/libsrc/scuwdt_v2_4/src -s libs  "SHELL=/bin/sh" "COMPILER=arm-none-eabi-gcc" "ASSEMBLER=arm-none-eabi-as
TRACE::2026-09-21.22:36:21::SCWMssOS::" "ARCHIVER=arm-none-eabi-ar" "COMPILER_FLAGS=  -O2 -c" "EXTRA_COMPILER_FLAGS=-mcpu=cortex-a9 -mfpu=vfpv3 -mfloat-abi=hard -nos
TRACE::2026-09-21.22:36:21::SCWMssOS::tartfiles -g -Wall -Wextra -fno-tree-loop-distribute-patterns"

TRACE::2026-09-21.22:36:21::SCWMssOS::make -C ps7_cortexa9_0/libsrc/sdps_v4_0/src -s libs  "SHELL=/bin/sh" "COMPILER=arm-none-eabi-gcc" "ASSEMBLER=arm-none-eabi-as" 
TRACE::2026-09-21.22:36:21::SCWMssOS::"ARCHIVER=arm-none-eabi-ar" "COMPILER_FLAGS=  -O2 -c" "EXTRA_COMPILER_FLAGS=-mcpu=cortex-a9 -mfpu=vfpv3 -mfloat-abi=hard -nosta
TRACE::2026-09-21.22:36:21::SCWMssOS::rtfiles -g -Wall -Wextra -fno-tree-loop-distribute-patterns"

TRACE::2026-09-21.22:36:21::SCWMssOS::Running Make libs in ps7_cortexa9_0/libsrc/standalone_v8_0/src

TRACE::2026-09-21.22:36:21::SCWMssOS::make -C ps7_cortexa9_0/libsrc/standalone_v8_0/src -s libs  "SHELL=/bin/sh" "COMPILER=arm-none-eabi-gcc" "ASSEMBLER=arm-none-eab
TRACE::2026-09-21.22:36:21::SCWMssOS::i-as" "ARCHIVER=arm-none-eabi-ar" "COMPILER_FLAGS=  -O2 -c" "EXTRA_COMPILER_FLAGS=-mcpu=cortex-a9 -mfpu=vfpv3 -mfloat-abi=hard 
TRACE::2026-09-21.22:36:21::SCWMssOS::-nostartfiles -g -Wall -Wextra -fno-tree-loop-distribute-patterns"

TRACE::2026-09-21.22:36:21::SCWMssOS::Running Make libs in ps7_cortexa9_0/libsrc/uartps_v3_11/src

TRACE::2026-09-21.22:36:21::SCWMssOS::make -C ps7_cortexa9_0/libsrc/uartps_v3_11/src -s libs  "SHELL=/bin/sh" "COMPILER=arm-none-eabi-gcc" "ASSEMBLER=arm-none-eabi-a
TRACE::2026-09-21.22:36:21::SCWMssOS::s" "ARCHIVER=arm-none-eabi-ar" "COMPILER_FLAGS=  -O2 -c" "EXTRA_COMPILER_FLAGS=-mcpu=cortex-a9 -mfpu=vfpv3 -mfloat-abi=hard -no
TRACE::2026-09-21.22:36:21::SCWMssOS::startfiles -g -Wall -Wextra -fno-tree-loop-distribute-patterns"

TRACE::2026-09-21.22:36:21::SCWMssOS::Running Make libs in ps7_cortexa9_0/libsrc/xadcps_v2_6/src

TRACE::2026-09-21.22:36:21::SCWMssOS::make -C ps7_cortexa9_0/libsrc/xadcps_v2_6/src -s libs  "SHELL=/bin/sh" "COMPILER=arm-none-eabi-gcc" "ASSEMBLER=arm-none-eabi-as
TRACE::2026-09-21.22:36:21::SCWMssOS::" "ARCHIVER=arm-none-eabi-ar" "COMPILER_FLAGS=  -O2 -c" "EXTRA_COMPILER_FLAGS=-mcpu=cortex-a9 -mfpu=vfpv3 -mfloat-abi=hard -nos
TRACE::2026-09-21.22:36:21::SCWMssOS::tartfiles -g -Wall -Wextra -fno-tree-loop-distribute-patterns"

TRACE::2026-09-21.22:36:21::SCWMssOS::Finished building libraries parallelly.

TRACE::2026-09-21.22:36:21::SCWMssOS::make --no-print-directory archive

TRACE::2026-09-21.22:36:21::SCWMssOS::arm-none-eabi-ar -r  ps7_cortexa9_0/lib/libxil.a ps7_cortexa9_0/lib/_exit.o ps7_cortexa9_0/lib/_open.o ps7_cortexa9_0/lib/_sbrk
TRACE::2026-09-21.22:36:21::SCWMssOS::.o ps7_cortexa9_0/lib/abort.o ps7_cortexa9_0/lib/asm_vectors.o ps7_cortexa9_0/lib/boot.o ps7_cortexa9_0/lib/close.o ps7_cortexa
TRACE::2026-09-21.22:36:21::SCWMssOS::9_0/lib/cpputest_time.o ps7_cortexa9_0/lib/cpu_init.o ps7_cortexa9_0/lib/errno.o ps7_cortexa9_0/lib/fcntl.o ps7_cortexa9_0/lib/
TRACE::2026-09-21.22:36:21::SCWMssOS::fstat.o ps7_cortexa9_0/lib/getpid.o ps7_cortexa9_0/lib/inbyte.o ps7_cortexa9_0/lib/isatty.o ps7_cortexa9_0/lib/kill.o ps7_corte
TRACE::2026-09-21.22:36:21::SCWMssOS::xa9_0/lib/lseek.o ps7_cortexa9_0/lib/open.o ps7_cortexa9_0/lib/outbyte.o ps7_cortexa9_0/lib/print.o ps7_cortexa9_0/lib/putnum.o
TRACE::2026-09-21.22:36:21::SCWMssOS:: ps7_cortexa9_0/lib/read.o ps7_cortexa9_0/lib/sbrk.o ps7_cortexa9_0/lib/sleep.o ps7_cortexa9_0/lib/time.o ps7_cortexa9_0/lib/tr
TRACE::2026-09-21.22:36:21::SCWMssOS::anslation_table.o ps7_cortexa9_0/lib/unlink.o ps7_cortexa9_0/lib/usleep.o ps7_cortexa9_0/lib/vectors.o ps7_cortexa9_0/lib/write
TRACE::2026-09-21.22:36:21::SCWMssOS::.o ps7_cortexa9_0/lib/xadcps.o ps7_cortexa9_0/lib/xadcps_g.o ps7_cortexa9_0/lib/xadcps_intr.o ps7_cortexa9_0/lib/xadcps_selftes
TRACE::2026-09-21.22:36:21::SCWMssOS::t.o ps7_cortexa9_0/lib/xadcps_sinit.o ps7_cortexa9_0/lib/xcoresightpsdcc.o ps7_cortexa9_0/lib/xdevcfg.o ps7_cortexa9_0/lib/xdev
TRACE::2026-09-21.22:36:21::SCWMssOS::cfg_g.o ps7_cortexa9_0/lib/xdevcfg_hw.o ps7_cortexa9_0/lib/xdevcfg_intr.o ps7_cortexa9_0/lib/xdevcfg_selftest.o ps7_cortexa9_0/
TRACE::2026-09-21.22:36:21::SCWMssOS::lib/xdevcfg_sinit.o ps7_cortexa9_0/lib/xdmaps.o ps7_cortexa9_0/lib/xdmaps_g.o ps7_cortexa9_0/lib/xdmaps_hw.o ps7_cortexa9_0/lib
TRACE::2026-09-21.22:36:21::SCWMssOS::/xdmaps_selftest.o ps7_cortexa9_0/lib/xdmaps_sinit.o ps7_cortexa9_0/lib/xemacps.o ps7_cortexa9_0/lib/xemacps_bdring.o ps7_corte
TRACE::2026-09-21.22:36:21::SCWMssOS::xa9_0/lib/xemacps_control.o ps7_cortexa9_0/lib/xemacps_g.o ps7_cortexa9_0/lib/xemacps_hw.o ps7_cortexa9_0/lib/xemacps_intr.o ps
TRACE::2026-09-21.22:36:21::SCWMssOS::7_cortexa9_0/lib/xemacps_sinit.o ps7_cortexa9_0/lib/xgpiops.o ps7_cortexa9_0/lib/xgpiops_g.o ps7_cortexa9_0/lib/xgpiops_hw.o ps
TRACE::2026-09-21.22:36:21::SCWMssOS::7_cortexa9_0/lib/xgpiops_intr.o ps7_cortexa9_0/lib/xgpiops_selftest.o ps7_cortexa9_0/lib/xgpiops_sinit.o ps7_cortexa9_0/lib/xil
TRACE::2026-09-21.22:36:21::SCWMssOS::-crt0.o ps7_cortexa9_0/lib/xil_assert.o ps7_cortexa9_0/lib/xil_cache.o ps7_cortexa9_0/lib/xil_clocking.o ps7_cortexa9_0/lib/xil
TRACE::2026-09-21.22:36:21::SCWMssOS::_exception.o ps7_cortexa9_0/lib/xil_mem.o ps7_cortexa9_0/lib/xil_misc_psreset_api.o ps7_cortexa9_0/lib/xil_mmu.o ps7_cortexa9_0
TRACE::2026-09-21.22:36:21::SCWMssOS::/lib/xil_printf.o ps7_cortexa9_0/lib/xil_sleepcommon.o ps7_cortexa9_0/lib/xil_sleeptimer.o ps7_cortexa9_0/lib/xil_spinlock.o ps
TRACE::2026-09-21.22:36:21::SCWMssOS::7_cortexa9_0/lib/xil_testcache.o ps7_cortexa9_0/lib/xil_testio.o ps7_cortexa9_0/lib/xil_testmem.o ps7_cortexa9_0/lib/xil_util.o
TRACE::2026-09-21.22:36:21::SCWMssOS:: ps7_cortexa9_0/lib/xinterrupt_wrap.o ps7_cortexa9_0/lib/xl2cc_counter.o ps7_cortexa9_0/lib/xplatform_info.o ps7_cortexa9_0/lib
TRACE::2026-09-21.22:36:21::SCWMssOS::/xpm_counter.o ps7_cortexa9_0/lib/xqspips.o ps7_cortexa9_0/lib/xqspips_g.o ps7_cortexa9_0/lib/xqspips_hw.o ps7_cortexa9_0/lib/x
TRACE::2026-09-21.22:36:21::SCWMssOS::qspips_options.o ps7_cortexa9_0/lib/xqspips_selftest.o ps7_cortexa9_0/lib/xqspips_sinit.o ps7_cortexa9_0/lib/xscugic.o ps7_cort
TRACE::2026-09-21.22:36:21::SCWMssOS::exa9_0/lib/xscugic_g.o ps7_cortexa9_0/lib/xscugic_hw.o ps7_cortexa9_0/lib/xscugic_intr.o ps7_cortexa9_0/lib/xscugic_selftest.o 
TRACE::2026-09-21.22:36:21::SCWMssOS::ps7_cortexa9_0/lib/xscugic_sinit.o ps7_cortexa9_0/lib/xscutimer.o ps7_cortexa9_0/lib/xscutimer_g.o ps7_cortexa9_0/lib/xscutimer
TRACE::2026-09-21.22:36:21::SCWMssOS::_selftest.o ps7_cortexa9_0/lib/xscutimer_sinit.o ps7_cortexa9_0/lib/xscuwdt.o ps7_cortexa9_0/lib/xscuwdt_g.o ps7_cortexa9_0/lib
TRACE::2026-09-21.22:36:21::SCWMssOS::/xscuwdt_selftest.o ps7_cortexa9_0/lib/xscuwdt_sinit.o ps7_cortexa9_0/lib/xsdps.o ps7_cortexa9_0/lib/xsdps_card.o ps7_cortexa9_
TRACE::2026-09-21.22:36:21::SCWMssOS::0/lib/xsdps_g.o ps7_cortexa9_0/lib/xsdps_host.o ps7_cortexa9_0/lib/xsdps_options.o ps7_cortexa9_0/lib/xsdps_sinit.o ps7_cortexa
TRACE::2026-09-21.22:36:21::SCWMssOS::9_0/lib/xtime_l.o ps7_cortexa9_0/lib/xuartps.o ps7_cortexa9_0/lib/xuartps_g.o ps7_cortexa9_0/lib/xuartps_hw.o ps7_cortexa9_0/li
TRACE::2026-09-21.22:36:21::SCWMssOS::b/xuartps_intr.o ps7_cortexa9_0/lib/xuartps_options.o ps7_cortexa9_0/lib/xuartps_selftest.o ps7_cortexa9_0/lib/xuartps_sinit.o

TRACE::2026-09-21.22:36:21::SCWMssOS::Finished building libraries

TRACE::2026-09-21.22:36:21::SCWMssOS::Copying to export directory.
TRACE::2026-09-21.22:36:21::SCWMssOS:: Checking if to create the Supporting Applications
TRACE::2026-09-21.22:36:21::SCWMssOS:: No Linux domain exists, trying to generate FSBL 
LOG::2026-09-21.22:36:21::SCWSystem::Completed Processing the domain standalone_domain
LOG::2026-09-21.22:36:21::SCWSystem::Completed Processing the sysconfig template_1
LOG::2026-09-21.22:36:21::SCWPlatform::Completed generating the artifacts for system configuration template_1
TRACE::2026-09-21.22:36:21::SCWPlatform::Started preparing the platform 
TRACE::2026-09-21.22:36:21::SCWSystem::Writing the bif file for system config template_1
TRACE::2026-09-21.22:36:21::SCWSystem::dir created 
TRACE::2026-09-21.22:36:21::SCWSystem::Writing the bif 
TRACE::2026-09-21.22:36:21::SCWPlatform::Started writing the spfm file 
TRACE::2026-09-21.22:36:21::SCWPlatform::Started writing the xpfm file 
TRACE::2026-09-21.22:36:21::SCWPlatform::Completed generating the platform
TRACE::2026-09-21.22:36:21::SCWMssOS::Saving the mss changes /home/dide/project/digital-ide-0.5.x/tests/project/temp/user/sdk/template/template_1/zynq_fsbl/zynq_fsbl_bsp/system.mss
TRACE::2026-09-21.22:36:21::SCWMssOS::Found a swdesign opened with the mssfile.
TRACE::2026-09-21.22:36:21::SCWMssOS::Completed writemss as part of save.
TRACE::2026-09-21.22:36:21::SCWMssOS::Commit changes completed.
TRACE::2026-09-21.22:36:21::SCWMssOS::Saving the mss changes /home/dide/project/digital-ide-0.5.x/tests/project/temp/user/sdk/template/template_1/ps7_cortexa9_0/standalone_domain/bsp/system.mss
TRACE::2026-09-21.22:36:21::SCWMssOS::Found a swdesign opened with the mssfile.
TRACE::2026-09-21.22:36:21::SCWMssOS::Completed writemss as part of save.
TRACE::2026-09-21.22:36:21::SCWMssOS::Commit changes completed.
TRACE::2026-09-21.22:36:21::SCWPlatform::Trying to open the hw design at /home/dide/project/digital-ide-0.5.x/tests/project/temp/user/sdk/template/template_1/hw/template.hdf
TRACE::2026-09-21.22:36:21::SCWPlatform::DSA given /home/dide/project/digital-ide-0.5.x/tests/project/temp/user/sdk/template/template_1/hw/template.dsa
TRACE::2026-09-21.22:36:21::SCWPlatform::DSA absoulate path /home/dide/project/digital-ide-0.5.x/tests/project/temp/user/sdk/template/template_1/hw/template.dsa
TRACE::2026-09-21.22:36:21::SCWPlatform::DSA directory /home/dide/project/digital-ide-0.5.x/tests/project/temp/user/sdk/template/template_1/hw
TRACE::2026-09-21.22:36:21::SCWPlatform:: Platform Path /home/dide/project/digital-ide-0.5.x/tests/project/temp/user/sdk/template/template_1/hw/template.dsa
TRACE::2026-09-21.22:36:21::SCWPlatform:: Unique name xilinx.com::system_wrapper:1.0
TRACE::2026-09-21.22:36:21::SCWPlatform::Trying to set the existing hwdb with name system_wrapper_0
TRACE::2026-09-21.22:36:21::SCWPlatform::Opened existing hwdb system_wrapper_0
TRACE::2026-09-21.22:36:21::SCWPlatform::Found the Hw Db part of the input DSA
TRACE::2026-09-21.22:36:21::SCWMssOS::Checking the sw design at  /home/dide/project/digital-ide-0.5.x/tests/project/temp/user/sdk/template/template_1/zynq_fsbl/zynq_fsbl_bsp/system.mss
TRACE::2026-09-21.22:36:21::SCWMssOS::DEBUG:  swdes dump  /home/dide/project/digital-ide-0.5.x/tests/project/temp/user/sdk/template/template_1/ps7_cortexa9_0/standalone_domain/bsp/system.mss|system_0||
/home/dide/project/digital-ide-0.5.x/tests/project/temp/user/sdk/template/template_1/zynq_fsbl/zynq_fsbl_bsp/system.mss|system||

TRACE::2026-09-21.22:36:21::SCWMssOS::Sw design exists and opened at  /home/dide/project/digital-ide-0.5.x/tests/project/temp/user/sdk/template/template_1/zynq_fsbl/zynq_fsbl_bsp/system.mss
TRACE::2026-09-21.22:36:21::SCWPlatform::Trying to open the hw design at /home/dide/project/digital-ide-0.5.x/tests/project/temp/user/sdk/template/template_1/hw/template.hdf
TRACE::2026-09-21.22:36:21::SCWPlatform::DSA given /home/dide/project/digital-ide-0.5.x/tests/project/temp/user/sdk/template/template_1/hw/template.dsa
TRACE::2026-09-21.22:36:21::SCWPlatform::DSA absoulate path /home/dide/project/digital-ide-0.5.x/tests/project/temp/user/sdk/template/template_1/hw/template.dsa
TRACE::2026-09-21.22:36:21::SCWPlatform::DSA directory /home/dide/project/digital-ide-0.5.x/tests/project/temp/user/sdk/template/template_1/hw
TRACE::2026-09-21.22:36:21::SCWPlatform:: Platform Path /home/dide/project/digital-ide-0.5.x/tests/project/temp/user/sdk/template/template_1/hw/template.dsa
TRACE::2026-09-21.22:36:21::SCWPlatform:: Unique name xilinx.com::system_wrapper:1.0
TRACE::2026-09-21.22:36:21::SCWPlatform::Trying to set the existing hwdb with name system_wrapper_0
TRACE::2026-09-21.22:36:21::SCWPlatform::Opened existing hwdb system_wrapper_0
TRACE::2026-09-21.22:36:21::SCWPlatform::Found the Hw Db part of the input DSA
TRACE::2026-09-21.22:36:21::SCWMssOS::Checking the sw design at  /home/dide/project/digital-ide-0.5.x/tests/project/temp/user/sdk/template/template_1/ps7_cortexa9_0/standalone_domain/bsp/system.mss
TRACE::2026-09-21.22:36:21::SCWMssOS::DEBUG:  swdes dump  /home/dide/project/digital-ide-0.5.x/tests/project/temp/user/sdk/template/template_1/ps7_cortexa9_0/standalone_domain/bsp/system.mss|system_0||
/home/dide/project/digital-ide-0.5.x/tests/project/temp/user/sdk/template/template_1/zynq_fsbl/zynq_fsbl_bsp/system.mss|system||

TRACE::2026-09-21.22:36:21::SCWMssOS::Sw design exists and opened at  /home/dide/project/digital-ide-0.5.x/tests/project/temp/user/sdk/template/template_1/ps7_cortexa9_0/standalone_domain/bsp/system.mss
TRACE::2026-09-21.22:36:21::SCWWriter::formatted JSON is {
	"platformName":	"template_1",
	"sprVersion":	"2.0",
	"mode":	"cmd",
	"dsaType":	"Fixed",
	"platformDesc":	"template_1",
	"platHandOff":	"/home/dide/project/digital-ide-0.5.x/tests/project/temp/user/sdk/data/template.hdf",
	"platIntHandOff":	"<platformDir>/hw/template.dsa",
	"deviceType":	"zynq",
	"platIsPrebuiltAutogen":	"false",
	"platIsNoBootBsp":	"false",
	"hasFsblMakeHasChanges":	"false",
	"hasPmufwMakeHasChanges":	"false",
	"fsblExtraCompilerFlags":	"-MMD -MP       -mcpu=cortex-a9 -mfpu=vfpv3 -mfloat-abi=hard ",
	"platPreBuiltFlag":	false,
	"platformSamplesDir":	"",
	"platActiveSys":	"template_1",
	"systems":	[{
			"systemName":	"template_1",
			"systemDesc":	"template_1",
			"sysIsBootAutoGen":	"true",
			"systemDispName":	"template_1",
			"sysActiveDom":	"standalone_domain",
			"sysDefaultDom":	"standalone_domain",
			"domains":	[{
					"domainName":	"zynq_fsbl",
					"domainDispName":	"zynq_fsbl",
					"domainDesc":	"FSBL Application BSP - Auto Generated.",
					"processors":	"ps7_cortexa9_0",
					"os":	"standalone",
					"sdxOs":	"standalone",
					"debugEnable":	"",
					"domRuntimes":	["cpp"],
					"swRepo":	"",
					"mssOsVer":	"8.0",
					"mssFile":	"",
					"md5Digest":	"264b62a69d3539b851582d33f89bd97c",
					"compatibleApp":	"zynq_fsbl",
					"domType":	"bootDomain",
					"arch":	"32-bit",
					"appSettings":	{
						"appCompilerFlags":	"",
						"appLinkerFlags":	""
					},
					"addedLibs":	["xilffs:4.8", "xilrsa:1.6"],
					"libOptions":	{
						"libsContainingOptions":	[]
					},
					"prebuiltLibs":	{
						"prebuiltIncPath":	[],
						"prebuiltLibPath":	[]
					},
					"isolation":	{
					}
				}, {
					"domainName":	"standalone_domain",
					"domainDispName":	"standalone on ps7_cortexa9_0",
					"domainDesc":	"standalone_domain",
					"processors":	"ps7_cortexa9_0",
					"os":	"standalone",
					"sdxOs":	"standalone",
					"qemuArgs":	"<platformDir>/resources/template_1/standalone_domain/qemu_args.txt",
					"qemuData":	"<platformDir>/resources/template_1/standalone_domain/qemu",
					"debugEnable":	"False",
					"domRuntimes":	["cpp"],
					"swRepo":	"",
					"mssOsVer":	"8.0",
					"mssFile":	"",
					"md5Digest":	"c82b513b0de6575707d5c19c37e12898",
					"compatibleApp":	"",
					"domType":	"mssDomain",
					"arch":	"32-bit",
					"appSettings":	{
						"appCompilerFlags":	"",
						"appLinkerFlags":	""
					},
					"addedLibs":	[],
					"libOptions":	{
						"libsContainingOptions":	[]
					},
					"prebuiltLibs":	{
						"prebuiltIncPath":	[],
						"prebuiltLibPath":	[]
					},
					"isolation":	{
					}
				}]
		}]
}
KEYINFO::2026-09-21.22:36:21::SCWPlatform::updated the xpfm file.
TRACE::2026-09-21.22:36:21::SCWPlatform::Trying to open the hw design at /home/dide/project/digital-ide-0.5.x/tests/project/temp/user/sdk/template/template_1/hw/template.hdf
TRACE::2026-09-21.22:36:21::SCWPlatform::DSA given /home/dide/project/digital-ide-0.5.x/tests/project/temp/user/sdk/template/template_1/hw/template.dsa
TRACE::2026-09-21.22:36:21::SCWPlatform::DSA absoulate path /home/dide/project/digital-ide-0.5.x/tests/project/temp/user/sdk/template/template_1/hw/template.dsa
TRACE::2026-09-21.22:36:21::SCWPlatform::DSA directory /home/dide/project/digital-ide-0.5.x/tests/project/temp/user/sdk/template/template_1/hw
TRACE::2026-09-21.22:36:21::SCWPlatform:: Platform Path /home/dide/project/digital-ide-0.5.x/tests/project/temp/user/sdk/template/template_1/hw/template.dsa
TRACE::2026-09-21.22:36:21::SCWPlatform:: Unique name xilinx.com::system_wrapper:1.0
TRACE::2026-09-21.22:36:21::SCWPlatform::Trying to set the existing hwdb with name system_wrapper_0
TRACE::2026-09-21.22:36:21::SCWPlatform::Opened existing hwdb system_wrapper_0
TRACE::2026-09-21.22:36:21::SCWPlatform::Found the Hw Db part of the input DSA
TRACE::2026-09-21.22:36:21::SCWMssOS::Checking the sw design at  /home/dide/project/digital-ide-0.5.x/tests/project/temp/user/sdk/template/template_1/ps7_cortexa9_0/standalone_domain/bsp/system.mss
TRACE::2026-09-21.22:36:21::SCWMssOS::DEBUG:  swdes dump  /home/dide/project/digital-ide-0.5.x/tests/project/temp/user/sdk/template/template_1/ps7_cortexa9_0/standalone_domain/bsp/system.mss|system_0||
/home/dide/project/digital-ide-0.5.x/tests/project/temp/user/sdk/template/template_1/zynq_fsbl/zynq_fsbl_bsp/system.mss|system||

TRACE::2026-09-21.22:36:21::SCWMssOS::Sw design exists and opened at  /home/dide/project/digital-ide-0.5.x/tests/project/temp/user/sdk/template/template_1/ps7_cortexa9_0/standalone_domain/bsp/system.mss
TRACE::2026-09-22.16:40:43::SCWPlatform::Trying to open the hw design at /home/dide/project/digital-ide-0.5.x/tests/project/temp/user/sdk/template/template_1/hw/template.hdf
TRACE::2026-09-22.16:40:43::SCWPlatform::DSA given /home/dide/project/digital-ide-0.5.x/tests/project/temp/user/sdk/template/template_1/hw/template.dsa
TRACE::2026-09-22.16:40:43::SCWPlatform::DSA absoulate path /home/dide/project/digital-ide-0.5.x/tests/project/temp/user/sdk/template/template_1/hw/template.dsa
TRACE::2026-09-22.16:40:43::SCWPlatform::DSA directory /home/dide/project/digital-ide-0.5.x/tests/project/temp/user/sdk/template/template_1/hw
TRACE::2026-09-22.16:40:43::SCWPlatform:: Platform Path /home/dide/project/digital-ide-0.5.x/tests/project/temp/user/sdk/template/template_1/hw/template.dsa
TRACE::2026-09-22.16:40:43::SCWPlatform:: Unique name xilinx.com::system_wrapper:1.0
TRACE::2026-09-22.16:40:43::SCWPlatform::Do not have an existing db opened. 
TRACE::2026-09-22.16:40:43::SCWPlatform::Opened new HwDB with name system_wrapper
TRACE::2026-09-22.16:40:43::SCWReader::Active system found as  template_1
TRACE::2026-09-22.16:40:43::SCWReader::Handling sysconfig template_1
TRACE::2026-09-22.16:40:43::SCWDomain::checking for install qemu data   : 
TRACE::2026-09-22.16:40:43::SCWDomain:: Using the QEMU Data from install at  : /opt/xilinx/Vitis/2022.2/data/emulation/platforms/zynq/sw/a9_standalone/qemu/
TRACE::2026-09-22.16:40:43::SCWDomain:: Using the QEMU args  from install at  : /opt/xilinx/Vitis/2022.2/data/emulation/platforms/zynq/sw/a9_standalone/qemu/qemu_args.txt
TRACE::2026-09-22.16:40:43::SCWPlatform::Trying to open the hw design at /home/dide/project/digital-ide-0.5.x/tests/project/temp/user/sdk/template/template_1/hw/template.hdf
TRACE::2026-09-22.16:40:43::SCWPlatform::DSA given /home/dide/project/digital-ide-0.5.x/tests/project/temp/user/sdk/template/template_1/hw/template.dsa
TRACE::2026-09-22.16:40:43::SCWPlatform::DSA absoulate path /home/dide/project/digital-ide-0.5.x/tests/project/temp/user/sdk/template/template_1/hw/template.dsa
TRACE::2026-09-22.16:40:43::SCWPlatform::DSA directory /home/dide/project/digital-ide-0.5.x/tests/project/temp/user/sdk/template/template_1/hw
TRACE::2026-09-22.16:40:43::SCWPlatform:: Platform Path /home/dide/project/digital-ide-0.5.x/tests/project/temp/user/sdk/template/template_1/hw/template.dsa
TRACE::2026-09-22.16:40:43::SCWPlatform:: Unique name xilinx.com::system_wrapper:1.0
TRACE::2026-09-22.16:40:43::SCWPlatform::Trying to set the existing hwdb with name system_wrapper
TRACE::2026-09-22.16:40:43::SCWPlatform::Opened existing hwdb system_wrapper
TRACE::2026-09-22.16:40:43::SCWPlatform::Found the Hw Db part of the input DSA
TRACE::2026-09-22.16:40:43::SCWPlatform::Trying to open the hw design at /home/dide/project/digital-ide-0.5.x/tests/project/temp/user/sdk/template/template_1/hw/template.hdf
TRACE::2026-09-22.16:40:43::SCWPlatform::DSA given /home/dide/project/digital-ide-0.5.x/tests/project/temp/user/sdk/template/template_1/hw/template.dsa
TRACE::2026-09-22.16:40:43::SCWPlatform::DSA absoulate path /home/dide/project/digital-ide-0.5.x/tests/project/temp/user/sdk/template/template_1/hw/template.dsa
TRACE::2026-09-22.16:40:43::SCWPlatform::DSA directory /home/dide/project/digital-ide-0.5.x/tests/project/temp/user/sdk/template/template_1/hw
TRACE::2026-09-22.16:40:43::SCWPlatform:: Platform Path /home/dide/project/digital-ide-0.5.x/tests/project/temp/user/sdk/template/template_1/hw/template.dsa
TRACE::2026-09-22.16:40:43::SCWPlatform:: Unique name xilinx.com::system_wrapper:1.0
TRACE::2026-09-22.16:40:43::SCWPlatform::Trying to set the existing hwdb with name system_wrapper
TRACE::2026-09-22.16:40:43::SCWPlatform::Opened existing hwdb system_wrapper
TRACE::2026-09-22.16:40:43::SCWPlatform::Found the Hw Db part of the input DSA
TRACE::2026-09-22.16:40:43::SCWPlatform::Trying to open the hw design at /home/dide/project/digital-ide-0.5.x/tests/project/temp/user/sdk/template/template_1/hw/template.hdf
TRACE::2026-09-22.16:40:43::SCWPlatform::DSA given /home/dide/project/digital-ide-0.5.x/tests/project/temp/user/sdk/template/template_1/hw/template.dsa
TRACE::2026-09-22.16:40:43::SCWPlatform::DSA absoulate path /home/dide/project/digital-ide-0.5.x/tests/project/temp/user/sdk/template/template_1/hw/template.dsa
TRACE::2026-09-22.16:40:43::SCWPlatform::DSA directory /home/dide/project/digital-ide-0.5.x/tests/project/temp/user/sdk/template/template_1/hw
TRACE::2026-09-22.16:40:43::SCWPlatform:: Platform Path /home/dide/project/digital-ide-0.5.x/tests/project/temp/user/sdk/template/template_1/hw/template.dsa
TRACE::2026-09-22.16:40:43::SCWPlatform:: Unique name xilinx.com::system_wrapper:1.0
TRACE::2026-09-22.16:40:43::SCWPlatform::Trying to set the existing hwdb with name system_wrapper
TRACE::2026-09-22.16:40:43::SCWPlatform::Opened existing hwdb system_wrapper
TRACE::2026-09-22.16:40:43::SCWPlatform::Found the Hw Db part of the input DSA
TRACE::2026-09-22.16:40:43::SCWReader::Boot application domain added for zynq_fsbl
TRACE::2026-09-22.16:40:43::SCWPlatform::Trying to open the hw design at /home/dide/project/digital-ide-0.5.x/tests/project/temp/user/sdk/template/template_1/hw/template.hdf
TRACE::2026-09-22.16:40:43::SCWPlatform::DSA given /home/dide/project/digital-ide-0.5.x/tests/project/temp/user/sdk/template/template_1/hw/template.dsa
TRACE::2026-09-22.16:40:43::SCWPlatform::DSA absoulate path /home/dide/project/digital-ide-0.5.x/tests/project/temp/user/sdk/template/template_1/hw/template.dsa
TRACE::2026-09-22.16:40:43::SCWPlatform::DSA directory /home/dide/project/digital-ide-0.5.x/tests/project/temp/user/sdk/template/template_1/hw
TRACE::2026-09-22.16:40:43::SCWPlatform:: Platform Path /home/dide/project/digital-ide-0.5.x/tests/project/temp/user/sdk/template/template_1/hw/template.dsa
TRACE::2026-09-22.16:40:43::SCWPlatform:: Unique name xilinx.com::system_wrapper:1.0
TRACE::2026-09-22.16:40:43::SCWPlatform::Trying to set the existing hwdb with name system_wrapper
TRACE::2026-09-22.16:40:43::SCWPlatform::Opened existing hwdb system_wrapper
TRACE::2026-09-22.16:40:43::SCWPlatform::Found the Hw Db part of the input DSA
TRACE::2026-09-22.16:40:43::SCWMssOS::Checking the sw design at  /home/dide/project/digital-ide-0.5.x/tests/project/temp/user/sdk/template/template_1/zynq_fsbl/zynq_fsbl_bsp/system.mss
TRACE::2026-09-22.16:40:43::SCWMssOS::DEBUG:  swdes dump  
TRACE::2026-09-22.16:40:43::SCWMssOS::No sw design opened at  /home/dide/project/digital-ide-0.5.x/tests/project/temp/user/sdk/template/template_1/zynq_fsbl/zynq_fsbl_bsp/system.mss
TRACE::2026-09-22.16:40:43::SCWMssOS::mss exists loading the mss file  /home/dide/project/digital-ide-0.5.x/tests/project/temp/user/sdk/template/template_1/zynq_fsbl/zynq_fsbl_bsp/system.mss
TRACE::2026-09-22.16:40:43::SCWMssOS::Opened the sw design from mss  /home/dide/project/digital-ide-0.5.x/tests/project/temp/user/sdk/template/template_1/zynq_fsbl/zynq_fsbl_bsp/system.mss
TRACE::2026-09-22.16:40:43::SCWMssOS::Adding the swdes entry /home/dide/project/digital-ide-0.5.x/tests/project/temp/user/sdk/template/template_1/zynq_fsbl/zynq_fsbl_bsp/system.mss with des name system
TRACE::2026-09-22.16:40:43::SCWMssOS::updating the scw layer about changes
TRACE::2026-09-22.16:40:43::SCWMssOS::Opened the sw design.  /home/dide/project/digital-ide-0.5.x/tests/project/temp/user/sdk/template/template_1/zynq_fsbl/zynq_fsbl_bsp/system.mss
TRACE::2026-09-22.16:40:43::SCWPlatform::Trying to open the hw design at /home/dide/project/digital-ide-0.5.x/tests/project/temp/user/sdk/template/template_1/hw/template.hdf
TRACE::2026-09-22.16:40:43::SCWPlatform::DSA given /home/dide/project/digital-ide-0.5.x/tests/project/temp/user/sdk/template/template_1/hw/template.dsa
TRACE::2026-09-22.16:40:43::SCWPlatform::DSA absoulate path /home/dide/project/digital-ide-0.5.x/tests/project/temp/user/sdk/template/template_1/hw/template.dsa
TRACE::2026-09-22.16:40:43::SCWPlatform::DSA directory /home/dide/project/digital-ide-0.5.x/tests/project/temp/user/sdk/template/template_1/hw
TRACE::2026-09-22.16:40:43::SCWPlatform:: Platform Path /home/dide/project/digital-ide-0.5.x/tests/project/temp/user/sdk/template/template_1/hw/template.dsa
TRACE::2026-09-22.16:40:43::SCWPlatform:: Unique name xilinx.com::system_wrapper:1.0
TRACE::2026-09-22.16:40:43::SCWPlatform::Trying to set the existing hwdb with name system_wrapper
TRACE::2026-09-22.16:40:43::SCWPlatform::Opened existing hwdb system_wrapper
TRACE::2026-09-22.16:40:43::SCWPlatform::Found the Hw Db part of the input DSA
TRACE::2026-09-22.16:40:43::SCWMssOS::Checking the sw design at  /home/dide/project/digital-ide-0.5.x/tests/project/temp/user/sdk/template/template_1/zynq_fsbl/zynq_fsbl_bsp/system.mss
TRACE::2026-09-22.16:40:43::SCWMssOS::DEBUG:  swdes dump  /home/dide/project/digital-ide-0.5.x/tests/project/temp/user/sdk/template/template_1/zynq_fsbl/zynq_fsbl_bsp/system.mss|system||

TRACE::2026-09-22.16:40:43::SCWMssOS::Sw design exists and opened at  /home/dide/project/digital-ide-0.5.x/tests/project/temp/user/sdk/template/template_1/zynq_fsbl/zynq_fsbl_bsp/system.mss
TRACE::2026-09-22.16:40:43::SCWMssOS:: library already available in sw design:  xilffs:4.8
TRACE::2026-09-22.16:40:43::SCWPlatform::Trying to open the hw design at /home/dide/project/digital-ide-0.5.x/tests/project/temp/user/sdk/template/template_1/hw/template.hdf
TRACE::2026-09-22.16:40:43::SCWPlatform::DSA given /home/dide/project/digital-ide-0.5.x/tests/project/temp/user/sdk/template/template_1/hw/template.dsa
TRACE::2026-09-22.16:40:43::SCWPlatform::DSA absoulate path /home/dide/project/digital-ide-0.5.x/tests/project/temp/user/sdk/template/template_1/hw/template.dsa
TRACE::2026-09-22.16:40:43::SCWPlatform::DSA directory /home/dide/project/digital-ide-0.5.x/tests/project/temp/user/sdk/template/template_1/hw
TRACE::2026-09-22.16:40:43::SCWPlatform:: Platform Path /home/dide/project/digital-ide-0.5.x/tests/project/temp/user/sdk/template/template_1/hw/template.dsa
TRACE::2026-09-22.16:40:43::SCWPlatform:: Unique name xilinx.com::system_wrapper:1.0
TRACE::2026-09-22.16:40:43::SCWPlatform::Trying to set the existing hwdb with name system_wrapper
TRACE::2026-09-22.16:40:43::SCWPlatform::Opened existing hwdb system_wrapper
TRACE::2026-09-22.16:40:43::SCWPlatform::Found the Hw Db part of the input DSA
TRACE::2026-09-22.16:40:43::SCWMssOS::Checking the sw design at  /home/dide/project/digital-ide-0.5.x/tests/project/temp/user/sdk/template/template_1/zynq_fsbl/zynq_fsbl_bsp/system.mss
TRACE::2026-09-22.16:40:43::SCWMssOS::DEBUG:  swdes dump  /home/dide/project/digital-ide-0.5.x/tests/project/temp/user/sdk/template/template_1/zynq_fsbl/zynq_fsbl_bsp/system.mss|system||

TRACE::2026-09-22.16:40:43::SCWMssOS::Sw design exists and opened at  /home/dide/project/digital-ide-0.5.x/tests/project/temp/user/sdk/template/template_1/zynq_fsbl/zynq_fsbl_bsp/system.mss
TRACE::2026-09-22.16:40:43::SCWMssOS:: library already available in sw design:  xilrsa:1.6
TRACE::2026-09-22.16:40:43::SCWMssOS::Saving the mss changes /home/dide/project/digital-ide-0.5.x/tests/project/temp/user/sdk/template/template_1/zynq_fsbl/zynq_fsbl_bsp/system.mss
TRACE::2026-09-22.16:40:43::SCWMssOS::Found a swdesign opened with the mssfile.
TRACE::2026-09-22.16:40:43::SCWMssOS::Completed writemss as part of save.
TRACE::2026-09-22.16:40:43::SCWMssOS::Commit changes completed.
TRACE::2026-09-22.16:40:43::SCWReader::Adding prebuilt librarypaths as   
TRACE::2026-09-22.16:40:43::SCWReader::Adding prebuilt incpaths  as   
TRACE::2026-09-22.16:40:43::SCWPlatform::Trying to open the hw design at /home/dide/project/digital-ide-0.5.x/tests/project/temp/user/sdk/template/template_1/hw/template.hdf
TRACE::2026-09-22.16:40:43::SCWPlatform::DSA given /home/dide/project/digital-ide-0.5.x/tests/project/temp/user/sdk/template/template_1/hw/template.dsa
TRACE::2026-09-22.16:40:43::SCWPlatform::DSA absoulate path /home/dide/project/digital-ide-0.5.x/tests/project/temp/user/sdk/template/template_1/hw/template.dsa
TRACE::2026-09-22.16:40:43::SCWPlatform::DSA directory /home/dide/project/digital-ide-0.5.x/tests/project/temp/user/sdk/template/template_1/hw
TRACE::2026-09-22.16:40:43::SCWPlatform:: Platform Path /home/dide/project/digital-ide-0.5.x/tests/project/temp/user/sdk/template/template_1/hw/template.dsa
TRACE::2026-09-22.16:40:43::SCWPlatform:: Unique name xilinx.com::system_wrapper:1.0
TRACE::2026-09-22.16:40:43::SCWPlatform::Trying to set the existing hwdb with name system_wrapper
TRACE::2026-09-22.16:40:43::SCWPlatform::Opened existing hwdb system_wrapper
TRACE::2026-09-22.16:40:43::SCWPlatform::Found the Hw Db part of the input DSA
TRACE::2026-09-22.16:40:43::SCWMssOS::Checking the sw design at  /home/dide/project/digital-ide-0.5.x/tests/project/temp/user/sdk/template/template_1/zynq_fsbl/zynq_fsbl_bsp/system.mss
TRACE::2026-09-22.16:40:43::SCWMssOS::DEBUG:  swdes dump  /home/dide/project/digital-ide-0.5.x/tests/project/temp/user/sdk/template/template_1/zynq_fsbl/zynq_fsbl_bsp/system.mss|system||

TRACE::2026-09-22.16:40:43::SCWMssOS::Sw design exists and opened at  /home/dide/project/digital-ide-0.5.x/tests/project/temp/user/sdk/template/template_1/zynq_fsbl/zynq_fsbl_bsp/system.mss
TRACE::2026-09-22.16:40:43::SCWReader::No isolation master present  
TRACE::2026-09-22.16:40:43::SCWDomain::checking for install qemu data   : 
TRACE::2026-09-22.16:40:43::SCWDomain:: Using the QEMU Data from install at  : /opt/xilinx/Vitis/2022.2/data/emulation/platforms/zynq/sw/a9_standalone/qemu/
TRACE::2026-09-22.16:40:43::SCWDomain:: Using the QEMU args  from install at  : /opt/xilinx/Vitis/2022.2/data/emulation/platforms/zynq/sw/a9_standalone/qemu/qemu_args.txt
TRACE::2026-09-22.16:40:43::SCWPlatform::Trying to open the hw design at /home/dide/project/digital-ide-0.5.x/tests/project/temp/user/sdk/template/template_1/hw/template.hdf
TRACE::2026-09-22.16:40:43::SCWPlatform::DSA given /home/dide/project/digital-ide-0.5.x/tests/project/temp/user/sdk/template/template_1/hw/template.dsa
TRACE::2026-09-22.16:40:43::SCWPlatform::DSA absoulate path /home/dide/project/digital-ide-0.5.x/tests/project/temp/user/sdk/template/template_1/hw/template.dsa
TRACE::2026-09-22.16:40:43::SCWPlatform::DSA directory /home/dide/project/digital-ide-0.5.x/tests/project/temp/user/sdk/template/template_1/hw
TRACE::2026-09-22.16:40:43::SCWPlatform:: Platform Path /home/dide/project/digital-ide-0.5.x/tests/project/temp/user/sdk/template/template_1/hw/template.dsa
TRACE::2026-09-22.16:40:43::SCWPlatform:: Unique name xilinx.com::system_wrapper:1.0
TRACE::2026-09-22.16:40:43::SCWPlatform::Trying to set the existing hwdb with name system_wrapper
TRACE::2026-09-22.16:40:43::SCWPlatform::Opened existing hwdb system_wrapper
TRACE::2026-09-22.16:40:43::SCWPlatform::Found the Hw Db part of the input DSA
TRACE::2026-09-22.16:40:43::SCWPlatform::Trying to open the hw design at /home/dide/project/digital-ide-0.5.x/tests/project/temp/user/sdk/template/template_1/hw/template.hdf
TRACE::2026-09-22.16:40:43::SCWPlatform::DSA given /home/dide/project/digital-ide-0.5.x/tests/project/temp/user/sdk/template/template_1/hw/template.dsa
TRACE::2026-09-22.16:40:43::SCWPlatform::DSA absoulate path /home/dide/project/digital-ide-0.5.x/tests/project/temp/user/sdk/template/template_1/hw/template.dsa
TRACE::2026-09-22.16:40:43::SCWPlatform::DSA directory /home/dide/project/digital-ide-0.5.x/tests/project/temp/user/sdk/template/template_1/hw
TRACE::2026-09-22.16:40:43::SCWPlatform:: Platform Path /home/dide/project/digital-ide-0.5.x/tests/project/temp/user/sdk/template/template_1/hw/template.dsa
TRACE::2026-09-22.16:40:43::SCWPlatform:: Unique name xilinx.com::system_wrapper:1.0
TRACE::2026-09-22.16:40:43::SCWPlatform::Trying to set the existing hwdb with name system_wrapper
TRACE::2026-09-22.16:40:43::SCWPlatform::Opened existing hwdb system_wrapper
TRACE::2026-09-22.16:40:43::SCWPlatform::Found the Hw Db part of the input DSA
TRACE::2026-09-22.16:40:43::SCWPlatform::Trying to open the hw design at /home/dide/project/digital-ide-0.5.x/tests/project/temp/user/sdk/template/template_1/hw/template.hdf
TRACE::2026-09-22.16:40:43::SCWPlatform::DSA given /home/dide/project/digital-ide-0.5.x/tests/project/temp/user/sdk/template/template_1/hw/template.dsa
TRACE::2026-09-22.16:40:43::SCWPlatform::DSA absoulate path /home/dide/project/digital-ide-0.5.x/tests/project/temp/user/sdk/template/template_1/hw/template.dsa
TRACE::2026-09-22.16:40:43::SCWPlatform::DSA directory /home/dide/project/digital-ide-0.5.x/tests/project/temp/user/sdk/template/template_1/hw
TRACE::2026-09-22.16:40:43::SCWPlatform:: Platform Path /home/dide/project/digital-ide-0.5.x/tests/project/temp/user/sdk/template/template_1/hw/template.dsa
TRACE::2026-09-22.16:40:43::SCWPlatform:: Unique name xilinx.com::system_wrapper:1.0
TRACE::2026-09-22.16:40:43::SCWPlatform::Trying to set the existing hwdb with name system_wrapper
TRACE::2026-09-22.16:40:43::SCWPlatform::Opened existing hwdb system_wrapper
TRACE::2026-09-22.16:40:43::SCWPlatform::Found the Hw Db part of the input DSA
TRACE::2026-09-22.16:40:43::SCWMssOS::Checking the sw design at  /home/dide/project/digital-ide-0.5.x/tests/project/temp/user/sdk/template/template_1/ps7_cortexa9_0/standalone_domain/bsp/system.mss
TRACE::2026-09-22.16:40:43::SCWMssOS::DEBUG:  swdes dump  /home/dide/project/digital-ide-0.5.x/tests/project/temp/user/sdk/template/template_1/zynq_fsbl/zynq_fsbl_bsp/system.mss|system||

TRACE::2026-09-22.16:40:43::SCWMssOS::No sw design opened at  /home/dide/project/digital-ide-0.5.x/tests/project/temp/user/sdk/template/template_1/ps7_cortexa9_0/standalone_domain/bsp/system.mss
TRACE::2026-09-22.16:40:43::SCWMssOS::mss exists loading the mss file  /home/dide/project/digital-ide-0.5.x/tests/project/temp/user/sdk/template/template_1/ps7_cortexa9_0/standalone_domain/bsp/system.mss
TRACE::2026-09-22.16:40:43::SCWMssOS::Opened the sw design from mss  /home/dide/project/digital-ide-0.5.x/tests/project/temp/user/sdk/template/template_1/ps7_cortexa9_0/standalone_domain/bsp/system.mss
TRACE::2026-09-22.16:40:43::SCWMssOS::Adding the swdes entry /home/dide/project/digital-ide-0.5.x/tests/project/temp/user/sdk/template/template_1/ps7_cortexa9_0/standalone_domain/bsp/system.mss with des name system_0
TRACE::2026-09-22.16:40:43::SCWMssOS::updating the scw layer about changes
TRACE::2026-09-22.16:40:43::SCWMssOS::Opened the sw design.  /home/dide/project/digital-ide-0.5.x/tests/project/temp/user/sdk/template/template_1/ps7_cortexa9_0/standalone_domain/bsp/system.mss
TRACE::2026-09-22.16:40:43::SCWMssOS::Saving the mss changes /home/dide/project/digital-ide-0.5.x/tests/project/temp/user/sdk/template/template_1/ps7_cortexa9_0/standalone_domain/bsp/system.mss
TRACE::2026-09-22.16:40:43::SCWMssOS::Found a swdesign opened with the mssfile.
TRACE::2026-09-22.16:40:43::SCWMssOS::Completed writemss as part of save.
TRACE::2026-09-22.16:40:43::SCWMssOS::Commit changes completed.
TRACE::2026-09-22.16:40:43::SCWReader::Adding prebuilt librarypaths as   
TRACE::2026-09-22.16:40:43::SCWReader::Adding prebuilt incpaths  as   
TRACE::2026-09-22.16:40:43::SCWPlatform::Trying to open the hw design at /home/dide/project/digital-ide-0.5.x/tests/project/temp/user/sdk/template/template_1/hw/template.hdf
TRACE::2026-09-22.16:40:43::SCWPlatform::DSA given /home/dide/project/digital-ide-0.5.x/tests/project/temp/user/sdk/template/template_1/hw/template.dsa
TRACE::2026-09-22.16:40:43::SCWPlatform::DSA absoulate path /home/dide/project/digital-ide-0.5.x/tests/project/temp/user/sdk/template/template_1/hw/template.dsa
TRACE::2026-09-22.16:40:43::SCWPlatform::DSA directory /home/dide/project/digital-ide-0.5.x/tests/project/temp/user/sdk/template/template_1/hw
TRACE::2026-09-22.16:40:43::SCWPlatform:: Platform Path /home/dide/project/digital-ide-0.5.x/tests/project/temp/user/sdk/template/template_1/hw/template.dsa
TRACE::2026-09-22.16:40:43::SCWPlatform:: Unique name xilinx.com::system_wrapper:1.0
TRACE::2026-09-22.16:40:43::SCWPlatform::Trying to set the existing hwdb with name system_wrapper
TRACE::2026-09-22.16:40:43::SCWPlatform::Opened existing hwdb system_wrapper
TRACE::2026-09-22.16:40:43::SCWPlatform::Found the Hw Db part of the input DSA
TRACE::2026-09-22.16:40:43::SCWMssOS::Checking the sw design at  /home/dide/project/digital-ide-0.5.x/tests/project/temp/user/sdk/template/template_1/ps7_cortexa9_0/standalone_domain/bsp/system.mss
TRACE::2026-09-22.16:40:43::SCWMssOS::DEBUG:  swdes dump  /home/dide/project/digital-ide-0.5.x/tests/project/temp/user/sdk/template/template_1/ps7_cortexa9_0/standalone_domain/bsp/system.mss|system_0||
/home/dide/project/digital-ide-0.5.x/tests/project/temp/user/sdk/template/template_1/zynq_fsbl/zynq_fsbl_bsp/system.mss|system||

TRACE::2026-09-22.16:40:43::SCWMssOS::Sw design exists and opened at  /home/dide/project/digital-ide-0.5.x/tests/project/temp/user/sdk/template/template_1/ps7_cortexa9_0/standalone_domain/bsp/system.mss
TRACE::2026-09-22.16:40:43::SCWReader::No isolation master present  
LOG::2026-09-22.16:40:43::SCWPlatform::Started generating the artifacts platform template_1
TRACE::2026-09-22.16:40:43::SCWPlatform::Sanity checking of platform is completed
LOG::2026-09-22.16:40:43::SCWPlatform::Started generating the artifacts for system configuration template_1
LOG::2026-09-22.16:40:43::SCWSystem::Checking the domain zynq_fsbl
LOG::2026-09-22.16:40:43::SCWSystem::Doing application build for :  zynq_fsbl
TRACE::2026-09-22.16:40:43::SCWBDomain::Not a forced makefile updation, No changes are present. 
TRACE::2026-09-22.16:40:43::SCWDomain::Building the domain as part of full build :  zynq_fsbl
TRACE::2026-09-22.16:40:43::SCWPlatform::Trying to open the hw design at /home/dide/project/digital-ide-0.5.x/tests/project/temp/user/sdk/template/template_1/hw/template.hdf
TRACE::2026-09-22.16:40:43::SCWPlatform::DSA given /home/dide/project/digital-ide-0.5.x/tests/project/temp/user/sdk/template/template_1/hw/template.dsa
TRACE::2026-09-22.16:40:43::SCWPlatform::DSA absoulate path /home/dide/project/digital-ide-0.5.x/tests/project/temp/user/sdk/template/template_1/hw/template.dsa
TRACE::2026-09-22.16:40:43::SCWPlatform::DSA directory /home/dide/project/digital-ide-0.5.x/tests/project/temp/user/sdk/template/template_1/hw
TRACE::2026-09-22.16:40:43::SCWPlatform:: Platform Path /home/dide/project/digital-ide-0.5.x/tests/project/temp/user/sdk/template/template_1/hw/template.dsa
TRACE::2026-09-22.16:40:43::SCWPlatform:: Unique name xilinx.com::system_wrapper:1.0
TRACE::2026-09-22.16:40:43::SCWPlatform::Trying to set the existing hwdb with name system_wrapper
TRACE::2026-09-22.16:40:43::SCWPlatform::Opened existing hwdb system_wrapper
TRACE::2026-09-22.16:40:43::SCWPlatform::Found the Hw Db part of the input DSA
TRACE::2026-09-22.16:40:43::SCWMssOS::Checking the sw design at  /home/dide/project/digital-ide-0.5.x/tests/project/temp/user/sdk/template/template_1/zynq_fsbl/zynq_fsbl_bsp/system.mss
TRACE::2026-09-22.16:40:43::SCWMssOS::DEBUG:  swdes dump  /home/dide/project/digital-ide-0.5.x/tests/project/temp/user/sdk/template/template_1/ps7_cortexa9_0/standalone_domain/bsp/system.mss|system_0||
/home/dide/project/digital-ide-0.5.x/tests/project/temp/user/sdk/template/template_1/zynq_fsbl/zynq_fsbl_bsp/system.mss|system||

TRACE::2026-09-22.16:40:43::SCWMssOS::Sw design exists and opened at  /home/dide/project/digital-ide-0.5.x/tests/project/temp/user/sdk/template/template_1/zynq_fsbl/zynq_fsbl_bsp/system.mss
TRACE::2026-09-22.16:40:43::SCWBDomain::Completed writing the mss file at /home/dide/project/digital-ide-0.5.x/tests/project/temp/user/sdk/template/template_1/zynq_fsbl/zynq_fsbl_bsp
TRACE::2026-09-22.16:40:43::SCWBDomain::bsp generated is upto date with the mss file. Skipping bsp generation.
TRACE::2026-09-22.16:40:43::SCWBDomain::Not a forced makefile updation, No changes are present. 
TRACE::2026-09-22.16:40:43::SCWBDomain::System Command Ran  cd  /home/dide/project/digital-ide-0.5.x/tests/project/temp/user/sdk/template/template_1/zynq_fsbl ; bash -c " make -C zynq_fsbl_bsp ; make  " 
TRACE::2026-09-22.16:40:43::SCWBDomain::make: Entering directory '/home/dide/project/digital-ide-0.5.x/tests/project/temp/user/sdk/template/template_1/zynq_fsbl/zynq_f
TRACE::2026-09-22.16:40:43::SCWBDomain::sbl_bsp'

TRACE::2026-09-22.16:40:43::SCWBDomain::make --no-print-directory seq_libs

TRACE::2026-09-22.16:40:43::SCWBDomain::Running Make include in ps7_cortexa9_0/libsrc/coresightps_dcc_v1_8/src

TRACE::2026-09-22.16:40:43::SCWBDomain::make -C ps7_cortexa9_0/libsrc/coresightps_dcc_v1_8/src -s include  "SHELL=/bin/sh" "COMPILER=arm-none-eabi-gcc" "ASSEMBLER=arm-
TRACE::2026-09-22.16:40:43::SCWBDomain::none-eabi-as" "ARCHIVER=arm-none-eabi-ar" "COMPILER_FLAGS=  -O2 -c" "EXTRA_COMPILER_FLAGS=-mcpu=cortex-a9 -mfpu=vfpv3 -mfloat-a
TRACE::2026-09-22.16:40:43::SCWBDomain::bi=hard -nostartfiles -g -Wall -Wextra -fno-tree-loop-distribute-patterns"

TRACE::2026-09-22.16:40:43::SCWBDomain::Running Make include in ps7_cortexa9_0/libsrc/cpu_cortexa9_v2_11/src

TRACE::2026-09-22.16:40:43::SCWBDomain::make -C ps7_cortexa9_0/libsrc/cpu_cortexa9_v2_11/src -s include  "SHELL=/bin/sh" "COMPILER=arm-none-eabi-gcc" "ASSEMBLER=arm-no
TRACE::2026-09-22.16:40:43::SCWBDomain::ne-eabi-as" "ARCHIVER=arm-none-eabi-ar" "COMPILER_FLAGS=  -O2 -c" "EXTRA_COMPILER_FLAGS=-mcpu=cortex-a9 -mfpu=vfpv3 -mfloat-abi
TRACE::2026-09-22.16:40:43::SCWBDomain::=hard -nostartfiles -g -Wall -Wextra -fno-tree-loop-distribute-patterns"

TRACE::2026-09-22.16:40:43::SCWBDomain::Running Make include in ps7_cortexa9_0/libsrc/ddrps_v1_2/src

TRACE::2026-09-22.16:40:43::SCWBDomain::make -C ps7_cortexa9_0/libsrc/ddrps_v1_2/src -s include  "SHELL=/bin/sh" "COMPILER=arm-none-eabi-gcc" "ASSEMBLER=arm-none-eabi-
TRACE::2026-09-22.16:40:43::SCWBDomain::as" "ARCHIVER=arm-none-eabi-ar" "COMPILER_FLAGS=  -O2 -c" "EXTRA_COMPILER_FLAGS=-mcpu=cortex-a9 -mfpu=vfpv3 -mfloat-abi=hard -n
TRACE::2026-09-22.16:40:43::SCWBDomain::ostartfiles -g -Wall -Wextra -fno-tree-loop-distribute-patterns"

TRACE::2026-09-22.16:40:43::SCWBDomain::Running Make include in ps7_cortexa9_0/libsrc/devcfg_v3_7/src

TRACE::2026-09-22.16:40:43::SCWBDomain::make -C ps7_cortexa9_0/libsrc/devcfg_v3_7/src -s include  "SHELL=/bin/sh" "COMPILER=arm-none-eabi-gcc" "ASSEMBLER=arm-none-eabi
TRACE::2026-09-22.16:40:43::SCWBDomain::-as" "ARCHIVER=arm-none-eabi-ar" "COMPILER_FLAGS=  -O2 -c" "EXTRA_COMPILER_FLAGS=-mcpu=cortex-a9 -mfpu=vfpv3 -mfloat-abi=hard -
TRACE::2026-09-22.16:40:43::SCWBDomain::nostartfiles -g -Wall -Wextra -fno-tree-loop-distribute-patterns"

TRACE::2026-09-22.16:40:43::SCWBDomain::Running Make include in ps7_cortexa9_0/libsrc/dmaps_v2_8/src

TRACE::2026-09-22.16:40:43::SCWBDomain::make -C ps7_cortexa9_0/libsrc/dmaps_v2_8/src -s include  "SHELL=/bin/sh" "COMPILER=arm-none-eabi-gcc" "ASSEMBLER=arm-none-eabi-
TRACE::2026-09-22.16:40:43::SCWBDomain::as" "ARCHIVER=arm-none-eabi-ar" "COMPILER_FLAGS=  -O2 -c" "EXTRA_COMPILER_FLAGS=-mcpu=cortex-a9 -mfpu=vfpv3 -mfloat-abi=hard -n
TRACE::2026-09-22.16:40:43::SCWBDomain::ostartfiles -g -Wall -Wextra -fno-tree-loop-distribute-patterns"

TRACE::2026-09-22.16:40:43::SCWBDomain::Running Make include in ps7_cortexa9_0/libsrc/emacps_v3_17/src

TRACE::2026-09-22.16:40:43::SCWBDomain::make -C ps7_cortexa9_0/libsrc/emacps_v3_17/src -s include  "SHELL=/bin/sh" "COMPILER=arm-none-eabi-gcc" "ASSEMBLER=arm-none-eab
TRACE::2026-09-22.16:40:43::SCWBDomain::i-as" "ARCHIVER=arm-none-eabi-ar" "COMPILER_FLAGS=  -O2 -c" "EXTRA_COMPILER_FLAGS=-mcpu=cortex-a9 -mfpu=vfpv3 -mfloat-abi=hard 
TRACE::2026-09-22.16:40:43::SCWBDomain::-nostartfiles -g -Wall -Wextra -fno-tree-loop-distribute-patterns"

TRACE::2026-09-22.16:40:43::SCWBDomain::Running Make include in ps7_cortexa9_0/libsrc/gpiops_v3_10/src

TRACE::2026-09-22.16:40:43::SCWBDomain::make -C ps7_cortexa9_0/libsrc/gpiops_v3_10/src -s include  "SHELL=/bin/sh" "COMPILER=arm-none-eabi-gcc" "ASSEMBLER=arm-none-eab
TRACE::2026-09-22.16:40:43::SCWBDomain::i-as" "ARCHIVER=arm-none-eabi-ar" "COMPILER_FLAGS=  -O2 -c" "EXTRA_COMPILER_FLAGS=-mcpu=cortex-a9 -mfpu=vfpv3 -mfloat-abi=hard 
TRACE::2026-09-22.16:40:43::SCWBDomain::-nostartfiles -g -Wall -Wextra -fno-tree-loop-distribute-patterns"

TRACE::2026-09-22.16:40:43::SCWBDomain::Running Make include in ps7_cortexa9_0/libsrc/qspips_v3_10/src

TRACE::2026-09-22.16:40:43::SCWBDomain::make -C ps7_cortexa9_0/libsrc/qspips_v3_10/src -s include  "SHELL=/bin/sh" "COMPILER=arm-none-eabi-gcc" "ASSEMBLER=arm-none-eab
TRACE::2026-09-22.16:40:43::SCWBDomain::i-as" "ARCHIVER=arm-none-eabi-ar" "COMPILER_FLAGS=  -O2 -c" "EXTRA_COMPILER_FLAGS=-mcpu=cortex-a9 -mfpu=vfpv3 -mfloat-abi=hard 
TRACE::2026-09-22.16:40:43::SCWBDomain::-nostartfiles -g -Wall -Wextra -fno-tree-loop-distribute-patterns"

TRACE::2026-09-22.16:40:43::SCWBDomain::Running Make include in ps7_cortexa9_0/libsrc/scugic_v5_0/src

TRACE::2026-09-22.16:40:43::SCWBDomain::make -C ps7_cortexa9_0/libsrc/scugic_v5_0/src -s include  "SHELL=/bin/sh" "COMPILER=arm-none-eabi-gcc" "ASSEMBLER=arm-none-eabi
TRACE::2026-09-22.16:40:43::SCWBDomain::-as" "ARCHIVER=arm-none-eabi-ar" "COMPILER_FLAGS=  -O2 -c" "EXTRA_COMPILER_FLAGS=-mcpu=cortex-a9 -mfpu=vfpv3 -mfloat-abi=hard -
TRACE::2026-09-22.16:40:43::SCWBDomain::nostartfiles -g -Wall -Wextra -fno-tree-loop-distribute-patterns"

TRACE::2026-09-22.16:40:43::SCWBDomain::Running Make include in ps7_cortexa9_0/libsrc/scutimer_v2_4/src

TRACE::2026-09-22.16:40:43::SCWBDomain::make -C ps7_cortexa9_0/libsrc/scutimer_v2_4/src -s include  "SHELL=/bin/sh" "COMPILER=arm-none-eabi-gcc" "ASSEMBLER=arm-none-ea
TRACE::2026-09-22.16:40:43::SCWBDomain::bi-as" "ARCHIVER=arm-none-eabi-ar" "COMPILER_FLAGS=  -O2 -c" "EXTRA_COMPILER_FLAGS=-mcpu=cortex-a9 -mfpu=vfpv3 -mfloat-abi=hard
TRACE::2026-09-22.16:40:43::SCWBDomain:: -nostartfiles -g -Wall -Wextra -fno-tree-loop-distribute-patterns"

TRACE::2026-09-22.16:40:43::SCWBDomain::Running Make include in ps7_cortexa9_0/libsrc/scuwdt_v2_4/src

TRACE::2026-09-22.16:40:43::SCWBDomain::make -C ps7_cortexa9_0/libsrc/scuwdt_v2_4/src -s include  "SHELL=/bin/sh" "COMPILER=arm-none-eabi-gcc" "ASSEMBLER=arm-none-eabi
TRACE::2026-09-22.16:40:43::SCWBDomain::-as" "ARCHIVER=arm-none-eabi-ar" "COMPILER_FLAGS=  -O2 -c" "EXTRA_COMPILER_FLAGS=-mcpu=cortex-a9 -mfpu=vfpv3 -mfloat-abi=hard -
TRACE::2026-09-22.16:40:43::SCWBDomain::nostartfiles -g -Wall -Wextra -fno-tree-loop-distribute-patterns"

TRACE::2026-09-22.16:40:43::SCWBDomain::Running Make include in ps7_cortexa9_0/libsrc/sdps_v4_0/src

TRACE::2026-09-22.16:40:43::SCWBDomain::make -C ps7_cortexa9_0/libsrc/sdps_v4_0/src -s include  "SHELL=/bin/sh" "COMPILER=arm-none-eabi-gcc" "ASSEMBLER=arm-none-eabi-a
TRACE::2026-09-22.16:40:43::SCWBDomain::s" "ARCHIVER=arm-none-eabi-ar" "COMPILER_FLAGS=  -O2 -c" "EXTRA_COMPILER_FLAGS=-mcpu=cortex-a9 -mfpu=vfpv3 -mfloat-abi=hard -no
TRACE::2026-09-22.16:40:43::SCWBDomain::startfiles -g -Wall -Wextra -fno-tree-loop-distribute-patterns"

TRACE::2026-09-22.16:40:43::SCWBDomain::Running Make include in ps7_cortexa9_0/libsrc/standalone_v8_0/src

TRACE::2026-09-22.16:40:43::SCWBDomain::make -C ps7_cortexa9_0/libsrc/standalone_v8_0/src -s include  "SHELL=/bin/sh" "COMPILER=arm-none-eabi-gcc" "ASSEMBLER=arm-none-
TRACE::2026-09-22.16:40:43::SCWBDomain::eabi-as" "ARCHIVER=arm-none-eabi-ar" "COMPILER_FLAGS=  -O2 -c" "EXTRA_COMPILER_FLAGS=-mcpu=cortex-a9 -mfpu=vfpv3 -mfloat-abi=ha
TRACE::2026-09-22.16:40:43::SCWBDomain::rd -nostartfiles -g -Wall -Wextra -fno-tree-loop-distribute-patterns"

TRACE::2026-09-22.16:40:43::SCWBDomain::Running Make include in ps7_cortexa9_0/libsrc/uartps_v3_11/src

TRACE::2026-09-22.16:40:43::SCWBDomain::make -C ps7_cortexa9_0/libsrc/uartps_v3_11/src -s include  "SHELL=/bin/sh" "COMPILER=arm-none-eabi-gcc" "ASSEMBLER=arm-none-eab
TRACE::2026-09-22.16:40:43::SCWBDomain::i-as" "ARCHIVER=arm-none-eabi-ar" "COMPILER_FLAGS=  -O2 -c" "EXTRA_COMPILER_FLAGS=-mcpu=cortex-a9 -mfpu=vfpv3 -mfloat-abi=hard 
TRACE::2026-09-22.16:40:43::SCWBDomain::-nostartfiles -g -Wall -Wextra -fno-tree-loop-distribute-patterns"

TRACE::2026-09-22.16:40:43::SCWBDomain::Running Make include in ps7_cortexa9_0/libsrc/xadcps_v2_6/src

TRACE::2026-09-22.16:40:43::SCWBDomain::make -C ps7_cortexa9_0/libsrc/xadcps_v2_6/src -s include  "SHELL=/bin/sh" "COMPILER=arm-none-eabi-gcc" "ASSEMBLER=arm-none-eabi
TRACE::2026-09-22.16:40:43::SCWBDomain::-as" "ARCHIVER=arm-none-eabi-ar" "COMPILER_FLAGS=  -O2 -c" "EXTRA_COMPILER_FLAGS=-mcpu=cortex-a9 -mfpu=vfpv3 -mfloat-abi=hard -
TRACE::2026-09-22.16:40:43::SCWBDomain::nostartfiles -g -Wall -Wextra -fno-tree-loop-distribute-patterns"

TRACE::2026-09-22.16:40:43::SCWBDomain::Running Make include in ps7_cortexa9_0/libsrc/xilffs_v4_8/src

TRACE::2026-09-22.16:40:43::SCWBDomain::make -C ps7_cortexa9_0/libsrc/xilffs_v4_8/src -s include  "SHELL=/bin/sh" "COMPILER=arm-none-eabi-gcc" "ASSEMBLER=arm-none-eabi
TRACE::2026-09-22.16:40:43::SCWBDomain::-as" "ARCHIVER=arm-none-eabi-ar" "COMPILER_FLAGS=  -O2 -c" "EXTRA_COMPILER_FLAGS=-mcpu=cortex-a9 -mfpu=vfpv3 -mfloat-abi=hard -
TRACE::2026-09-22.16:40:43::SCWBDomain::nostartfiles -g -Wall -Wextra -fno-tree-loop-distribute-patterns"

TRACE::2026-09-22.16:40:43::SCWBDomain::Running Make include in ps7_cortexa9_0/libsrc/xilrsa_v1_6/src

TRACE::2026-09-22.16:40:43::SCWBDomain::make -C ps7_cortexa9_0/libsrc/xilrsa_v1_6/src -s include  "SHELL=/bin/sh" "COMPILER=arm-none-eabi-gcc" "ASSEMBLER=arm-none-eabi
TRACE::2026-09-22.16:40:43::SCWBDomain::-as" "ARCHIVER=arm-none-eabi-ar" "COMPILER_FLAGS=  -O2 -c" "EXTRA_COMPILER_FLAGS=-mcpu=cortex-a9 -mfpu=vfpv3 -mfloat-abi=hard -
TRACE::2026-09-22.16:40:43::SCWBDomain::nostartfiles -g -Wall -Wextra -fno-tree-loop-distribute-patterns"

TRACE::2026-09-22.16:40:43::SCWBDomain::Running Make libs in ps7_cortexa9_0/libsrc/xilrsa_v1_6/src

TRACE::2026-09-22.16:40:43::SCWBDomain::make -C ps7_cortexa9_0/libsrc/xilrsa_v1_6/src -s libs  "SHELL=/bin/sh" "COMPILER=arm-none-eabi-gcc" "ASSEMBLER=arm-none-eabi-as
TRACE::2026-09-22.16:40:43::SCWBDomain::" "ARCHIVER=arm-none-eabi-ar" "COMPILER_FLAGS=  -O2 -c" "EXTRA_COMPILER_FLAGS=-mcpu=cortex-a9 -mfpu=vfpv3 -mfloat-abi=hard -nos
TRACE::2026-09-22.16:40:43::SCWBDomain::tartfiles -g -Wall -Wextra -fno-tree-loop-distribute-patterns"

TRACE::2026-09-22.16:40:43::SCWBDomain::Finished building libraries sequentially.

TRACE::2026-09-22.16:40:43::SCWBDomain::make -j 30 --no-print-directory par_libs

TRACE::2026-09-22.16:40:43::SCWBDomain::Running Make include in ps7_cortexa9_0/libsrc/coresightps_dcc_v1_8/src

TRACE::2026-09-22.16:40:43::SCWBDomain::make -C ps7_cortexa9_0/libsrc/coresightps_dcc_v1_8/src -s include  "SHELL=/bin/sh" "COMPILER=arm-none-eabi-gcc" "ASSEMBLER=arm-
TRACE::2026-09-22.16:40:43::SCWBDomain::none-eabi-as" "ARCHIVER=arm-none-eabi-ar" "COMPILER_FLAGS=  -O2 -c" "EXTRA_COMPILER_FLAGS=-mcpu=cortex-a9 -mfpu=vfpv3 -mfloat-a
TRACE::2026-09-22.16:40:43::SCWBDomain::bi=hard -nostartfiles -g -Wall -Wextra -fno-tree-loop-distribute-patterns"

TRACE::2026-09-22.16:40:43::SCWBDomain::Running Make include in ps7_cortexa9_0/libsrc/cpu_cortexa9_v2_11/src

TRACE::2026-09-22.16:40:43::SCWBDomain::Running Make include in ps7_cortexa9_0/libsrc/ddrps_v1_2/src

TRACE::2026-09-22.16:40:43::SCWBDomain::make -C ps7_cortexa9_0/libsrc/cpu_cortexa9_v2_11/src -s include  "SHELL=/bin/sh" "COMPILER=arm-none-eabi-gcc" "ASSEMBLER=arm-no
TRACE::2026-09-22.16:40:43::SCWBDomain::ne-eabi-as" "ARCHIVER=arm-none-eabi-ar" "COMPILER_FLAGS=  -O2 -c" "EXTRA_COMPILER_FLAGS=-mcpu=cortex-a9 -mfpu=vfpv3 -mfloat-abi
TRACE::2026-09-22.16:40:43::SCWBDomain::=hard -nostartfiles -g -Wall -Wextra -fno-tree-loop-distribute-patterns"

TRACE::2026-09-22.16:40:43::SCWBDomain::Running Make include in ps7_cortexa9_0/libsrc/devcfg_v3_7/src

TRACE::2026-09-22.16:40:43::SCWBDomain::make -C ps7_cortexa9_0/libsrc/ddrps_v1_2/src -s include  "SHELL=/bin/sh" "COMPILER=arm-none-eabi-gcc" "ASSEMBLER=arm-none-eabi-
TRACE::2026-09-22.16:40:43::SCWBDomain::as" "ARCHIVER=arm-none-eabi-ar" "COMPILER_FLAGS=  -O2 -c" "EXTRA_COMPILER_FLAGS=-mcpu=cortex-a9 -mfpu=vfpv3 -mfloat-abi=hard -n
TRACE::2026-09-22.16:40:43::SCWBDomain::ostartfiles -g -Wall -Wextra -fno-tree-loop-distribute-patterns"

TRACE::2026-09-22.16:40:43::SCWBDomain::make -C ps7_cortexa9_0/libsrc/devcfg_v3_7/src -s include  "SHELL=/bin/sh" "COMPILER=arm-none-eabi-gcc" "ASSEMBLER=arm-none-eabi
TRACE::2026-09-22.16:40:43::SCWBDomain::-as" "ARCHIVER=arm-none-eabi-ar" "COMPILER_FLAGS=  -O2 -c" "EXTRA_COMPILER_FLAGS=-mcpu=cortex-a9 -mfpu=vfpv3 -mfloat-abi=hard -
TRACE::2026-09-22.16:40:43::SCWBDomain::nostartfiles -g -Wall -Wextra -fno-tree-loop-distribute-patterns"

TRACE::2026-09-22.16:40:43::SCWBDomain::Running Make include in ps7_cortexa9_0/libsrc/dmaps_v2_8/src

TRACE::2026-09-22.16:40:43::SCWBDomain::make -C ps7_cortexa9_0/libsrc/dmaps_v2_8/src -s include  "SHELL=/bin/sh" "COMPILER=arm-none-eabi-gcc" "ASSEMBLER=arm-none-eabi-
TRACE::2026-09-22.16:40:43::SCWBDomain::as" "ARCHIVER=arm-none-eabi-ar" "COMPILER_FLAGS=  -O2 -c" "EXTRA_COMPILER_FLAGS=-mcpu=cortex-a9 -mfpu=vfpv3 -mfloat-abi=hard -n
TRACE::2026-09-22.16:40:43::SCWBDomain::ostartfiles -g -Wall -Wextra -fno-tree-loop-distribute-patterns"

TRACE::2026-09-22.16:40:43::SCWBDomain::Running Make include in ps7_cortexa9_0/libsrc/emacps_v3_17/src

TRACE::2026-09-22.16:40:43::SCWBDomain::Running Make include in ps7_cortexa9_0/libsrc/gpiops_v3_10/src

TRACE::2026-09-22.16:40:43::SCWBDomain::Running Make include in ps7_cortexa9_0/libsrc/qspips_v3_10/src

TRACE::2026-09-22.16:40:43::SCWBDomain::make -C ps7_cortexa9_0/libsrc/emacps_v3_17/src -s include  "SHELL=/bin/sh" "COMPILER=arm-none-eabi-gcc" "ASSEMBLER=arm-none-eab
TRACE::2026-09-22.16:40:43::SCWBDomain::i-as" "ARCHIVER=arm-none-eabi-ar" "COMPILER_FLAGS=  -O2 -c" "EXTRA_COMPILER_FLAGS=-mcpu=cortex-a9 -mfpu=vfpv3 -mfloat-abi=hard 
TRACE::2026-09-22.16:40:43::SCWBDomain::-nostartfiles -g -Wall -Wextra -fno-tree-loop-distribute-patterns"

TRACE::2026-09-22.16:40:43::SCWBDomain::make -C ps7_cortexa9_0/libsrc/gpiops_v3_10/src -s include  "SHELL=/bin/sh" "COMPILER=arm-none-eabi-gcc" "ASSEMBLER=arm-none-eab
TRACE::2026-09-22.16:40:43::SCWBDomain::i-as" "ARCHIVER=arm-none-eabi-ar" "COMPILER_FLAGS=  -O2 -c" "EXTRA_COMPILER_FLAGS=-mcpu=cortex-a9 -mfpu=vfpv3 -mfloat-abi=hard 
TRACE::2026-09-22.16:40:43::SCWBDomain::-nostartfiles -g -Wall -Wextra -fno-tree-loop-distribute-patterns"

TRACE::2026-09-22.16:40:43::SCWBDomain::make -C ps7_cortexa9_0/libsrc/qspips_v3_10/src -s include  "SHELL=/bin/sh" "COMPILER=arm-none-eabi-gcc" "ASSEMBLER=arm-none-eab
TRACE::2026-09-22.16:40:43::SCWBDomain::i-as" "ARCHIVER=arm-none-eabi-ar" "COMPILER_FLAGS=  -O2 -c" "EXTRA_COMPILER_FLAGS=-mcpu=cortex-a9 -mfpu=vfpv3 -mfloat-abi=hard 
TRACE::2026-09-22.16:40:43::SCWBDomain::-nostartfiles -g -Wall -Wextra -fno-tree-loop-distribute-patterns"

TRACE::2026-09-22.16:40:43::SCWBDomain::Running Make include in ps7_cortexa9_0/libsrc/scugic_v5_0/src

TRACE::2026-09-22.16:40:43::SCWBDomain::make -C ps7_cortexa9_0/libsrc/scugic_v5_0/src -s include  "SHELL=/bin/sh" "COMPILER=arm-none-eabi-gcc" "ASSEMBLER=arm-none-eabi
TRACE::2026-09-22.16:40:43::SCWBDomain::-as" "ARCHIVER=arm-none-eabi-ar" "COMPILER_FLAGS=  -O2 -c" "EXTRA_COMPILER_FLAGS=-mcpu=cortex-a9 -mfpu=vfpv3 -mfloat-abi=hard -
TRACE::2026-09-22.16:40:43::SCWBDomain::nostartfiles -g -Wall -Wextra -fno-tree-loop-distribute-patterns"

TRACE::2026-09-22.16:40:43::SCWBDomain::Running Make include in ps7_cortexa9_0/libsrc/scutimer_v2_4/src

TRACE::2026-09-22.16:40:43::SCWBDomain::make -C ps7_cortexa9_0/libsrc/scutimer_v2_4/src -s include  "SHELL=/bin/sh" "COMPILER=arm-none-eabi-gcc" "ASSEMBLER=arm-none-ea
TRACE::2026-09-22.16:40:43::SCWBDomain::bi-as" "ARCHIVER=arm-none-eabi-ar" "COMPILER_FLAGS=  -O2 -c" "EXTRA_COMPILER_FLAGS=-mcpu=cortex-a9 -mfpu=vfpv3 -mfloat-abi=hard
TRACE::2026-09-22.16:40:43::SCWBDomain:: -nostartfiles -g -Wall -Wextra -fno-tree-loop-distribute-patterns"

TRACE::2026-09-22.16:40:43::SCWBDomain::Running Make include in ps7_cortexa9_0/libsrc/scuwdt_v2_4/src

TRACE::2026-09-22.16:40:43::SCWBDomain::make -C ps7_cortexa9_0/libsrc/scuwdt_v2_4/src -s include  "SHELL=/bin/sh" "COMPILER=arm-none-eabi-gcc" "ASSEMBLER=arm-none-eabi
TRACE::2026-09-22.16:40:43::SCWBDomain::-as" "ARCHIVER=arm-none-eabi-ar" "COMPILER_FLAGS=  -O2 -c" "EXTRA_COMPILER_FLAGS=-mcpu=cortex-a9 -mfpu=vfpv3 -mfloat-abi=hard -
TRACE::2026-09-22.16:40:43::SCWBDomain::nostartfiles -g -Wall -Wextra -fno-tree-loop-distribute-patterns"

TRACE::2026-09-22.16:40:43::SCWBDomain::Running Make include in ps7_cortexa9_0/libsrc/sdps_v4_0/src

TRACE::2026-09-22.16:40:43::SCWBDomain::Running Make include in ps7_cortexa9_0/libsrc/standalone_v8_0/src

TRACE::2026-09-22.16:40:43::SCWBDomain::make -C ps7_cortexa9_0/libsrc/sdps_v4_0/src -s include  "SHELL=/bin/sh" "COMPILER=arm-none-eabi-gcc" "ASSEMBLER=arm-none-eabi-a
TRACE::2026-09-22.16:40:43::SCWBDomain::s" "ARCHIVER=arm-none-eabi-ar" "COMPILER_FLAGS=  -O2 -c" "EXTRA_COMPILER_FLAGS=-mcpu=cortex-a9 -mfpu=vfpv3 -mfloat-abi=hard -no
TRACE::2026-09-22.16:40:43::SCWBDomain::startfiles -g -Wall -Wextra -fno-tree-loop-distribute-patterns"

TRACE::2026-09-22.16:40:43::SCWBDomain::make -C ps7_cortexa9_0/libsrc/standalone_v8_0/src -s include  "SHELL=/bin/sh" "COMPILER=arm-none-eabi-gcc" "ASSEMBLER=arm-none-
TRACE::2026-09-22.16:40:43::SCWBDomain::eabi-as" "ARCHIVER=arm-none-eabi-ar" "COMPILER_FLAGS=  -O2 -c" "EXTRA_COMPILER_FLAGS=-mcpu=cortex-a9 -mfpu=vfpv3 -mfloat-abi=ha
TRACE::2026-09-22.16:40:43::SCWBDomain::rd -nostartfiles -g -Wall -Wextra -fno-tree-loop-distribute-patterns"

TRACE::2026-09-22.16:40:43::SCWBDomain::Running Make include in ps7_cortexa9_0/libsrc/uartps_v3_11/src

TRACE::2026-09-22.16:40:43::SCWBDomain::make -C ps7_cortexa9_0/libsrc/uartps_v3_11/src -s include  "SHELL=/bin/sh" "COMPILER=arm-none-eabi-gcc" "ASSEMBLER=arm-none-eab
TRACE::2026-09-22.16:40:43::SCWBDomain::i-as" "ARCHIVER=arm-none-eabi-ar" "COMPILER_FLAGS=  -O2 -c" "EXTRA_COMPILER_FLAGS=-mcpu=cortex-a9 -mfpu=vfpv3 -mfloat-abi=hard 
TRACE::2026-09-22.16:40:43::SCWBDomain::-nostartfiles -g -Wall -Wextra -fno-tree-loop-distribute-patterns"

TRACE::2026-09-22.16:40:43::SCWBDomain::Running Make include in ps7_cortexa9_0/libsrc/xadcps_v2_6/src

TRACE::2026-09-22.16:40:43::SCWBDomain::make -C ps7_cortexa9_0/libsrc/xadcps_v2_6/src -s include  "SHELL=/bin/sh" "COMPILER=arm-none-eabi-gcc" "ASSEMBLER=arm-none-eabi
TRACE::2026-09-22.16:40:43::SCWBDomain::-as" "ARCHIVER=arm-none-eabi-ar" "COMPILER_FLAGS=  -O2 -c" "EXTRA_COMPILER_FLAGS=-mcpu=cortex-a9 -mfpu=vfpv3 -mfloat-abi=hard -
TRACE::2026-09-22.16:40:43::SCWBDomain::nostartfiles -g -Wall -Wextra -fno-tree-loop-distribute-patterns"

TRACE::2026-09-22.16:40:43::SCWBDomain::Running Make include in ps7_cortexa9_0/libsrc/xilffs_v4_8/src

TRACE::2026-09-22.16:40:43::SCWBDomain::make -C ps7_cortexa9_0/libsrc/xilffs_v4_8/src -s include  "SHELL=/bin/sh" "COMPILER=arm-none-eabi-gcc" "ASSEMBLER=arm-none-eabi
TRACE::2026-09-22.16:40:43::SCWBDomain::-as" "ARCHIVER=arm-none-eabi-ar" "COMPILER_FLAGS=  -O2 -c" "EXTRA_COMPILER_FLAGS=-mcpu=cortex-a9 -mfpu=vfpv3 -mfloat-abi=hard -
TRACE::2026-09-22.16:40:43::SCWBDomain::nostartfiles -g -Wall -Wextra -fno-tree-loop-distribute-patterns"

TRACE::2026-09-22.16:40:43::SCWBDomain::Running Make include in ps7_cortexa9_0/libsrc/xilrsa_v1_6/src

TRACE::2026-09-22.16:40:43::SCWBDomain::make -C ps7_cortexa9_0/libsrc/xilrsa_v1_6/src -s include  "SHELL=/bin/sh" "COMPILER=arm-none-eabi-gcc" "ASSEMBLER=arm-none-eabi
TRACE::2026-09-22.16:40:43::SCWBDomain::-as" "ARCHIVER=arm-none-eabi-ar" "COMPILER_FLAGS=  -O2 -c" "EXTRA_COMPILER_FLAGS=-mcpu=cortex-a9 -mfpu=vfpv3 -mfloat-abi=hard -
TRACE::2026-09-22.16:40:43::SCWBDomain::nostartfiles -g -Wall -Wextra -fno-tree-loop-distribute-patterns"

TRACE::2026-09-22.16:40:43::SCWBDomain::Running Make libs in ps7_cortexa9_0/libsrc/coresightps_dcc_v1_8/src

TRACE::2026-09-22.16:40:43::SCWBDomain::make -C ps7_cortexa9_0/libsrc/coresightps_dcc_v1_8/src -s libs  "SHELL=/bin/sh" "COMPILER=arm-none-eabi-gcc" "ASSEMBLER=arm-non
TRACE::2026-09-22.16:40:43::SCWBDomain::e-eabi-as" "ARCHIVER=arm-none-eabi-ar" "COMPILER_FLAGS=  -O2 -c" "EXTRA_COMPILER_FLAGS=-mcpu=cortex-a9 -mfpu=vfpv3 -mfloat-abi=
TRACE::2026-09-22.16:40:43::SCWBDomain::hard -nostartfiles -g -Wall -Wextra -fno-tree-loop-distribute-patterns"

TRACE::2026-09-22.16:40:43::SCWBDomain::Running Make libs in ps7_cortexa9_0/libsrc/cpu_cortexa9_v2_11/src

TRACE::2026-09-22.16:40:43::SCWBDomain::make -C ps7_cortexa9_0/libsrc/cpu_cortexa9_v2_11/src -s libs  "SHELL=/bin/sh" "COMPILER=arm-none-eabi-gcc" "ASSEMBLER=arm-none-
TRACE::2026-09-22.16:40:43::SCWBDomain::eabi-as" "ARCHIVER=arm-none-eabi-ar" "COMPILER_FLAGS=  -O2 -c" "EXTRA_COMPILER_FLAGS=-mcpu=cortex-a9 -mfpu=vfpv3 -mfloat-abi=ha
TRACE::2026-09-22.16:40:43::SCWBDomain::rd -nostartfiles -g -Wall -Wextra -fno-tree-loop-distribute-patterns"

TRACE::2026-09-22.16:40:43::SCWBDomain::Running Make libs in ps7_cortexa9_0/libsrc/ddrps_v1_2/src

TRACE::2026-09-22.16:40:43::SCWBDomain::Running Make libs in ps7_cortexa9_0/libsrc/devcfg_v3_7/src

TRACE::2026-09-22.16:40:43::SCWBDomain::make -C ps7_cortexa9_0/libsrc/ddrps_v1_2/src -s libs  "SHELL=/bin/sh" "COMPILER=arm-none-eabi-gcc" "ASSEMBLER=arm-none-eabi-as"
TRACE::2026-09-22.16:40:43::SCWBDomain:: "ARCHIVER=arm-none-eabi-ar" "COMPILER_FLAGS=  -O2 -c" "EXTRA_COMPILER_FLAGS=-mcpu=cortex-a9 -mfpu=vfpv3 -mfloat-abi=hard -nost
TRACE::2026-09-22.16:40:43::SCWBDomain::artfiles -g -Wall -Wextra -fno-tree-loop-distribute-patterns"

TRACE::2026-09-22.16:40:43::SCWBDomain::make -C ps7_cortexa9_0/libsrc/devcfg_v3_7/src -s libs  "SHELL=/bin/sh" "COMPILER=arm-none-eabi-gcc" "ASSEMBLER=arm-none-eabi-as
TRACE::2026-09-22.16:40:43::SCWBDomain::" "ARCHIVER=arm-none-eabi-ar" "COMPILER_FLAGS=  -O2 -c" "EXTRA_COMPILER_FLAGS=-mcpu=cortex-a9 -mfpu=vfpv3 -mfloat-abi=hard -nos
TRACE::2026-09-22.16:40:43::SCWBDomain::tartfiles -g -Wall -Wextra -fno-tree-loop-distribute-patterns"

TRACE::2026-09-22.16:40:43::SCWBDomain::Running Make libs in ps7_cortexa9_0/libsrc/dmaps_v2_8/src

TRACE::2026-09-22.16:40:43::SCWBDomain::make -C ps7_cortexa9_0/libsrc/dmaps_v2_8/src -s libs  "SHELL=/bin/sh" "COMPILER=arm-none-eabi-gcc" "ASSEMBLER=arm-none-eabi-as"
TRACE::2026-09-22.16:40:43::SCWBDomain:: "ARCHIVER=arm-none-eabi-ar" "COMPILER_FLAGS=  -O2 -c" "EXTRA_COMPILER_FLAGS=-mcpu=cortex-a9 -mfpu=vfpv3 -mfloat-abi=hard -nost
TRACE::2026-09-22.16:40:43::SCWBDomain::artfiles -g -Wall -Wextra -fno-tree-loop-distribute-patterns"

TRACE::2026-09-22.16:40:43::SCWBDomain::Running Make libs in ps7_cortexa9_0/libsrc/emacps_v3_17/src

TRACE::2026-09-22.16:40:43::SCWBDomain::make -C ps7_cortexa9_0/libsrc/emacps_v3_17/src -s libs  "SHELL=/bin/sh" "COMPILER=arm-none-eabi-gcc" "ASSEMBLER=arm-none-eabi-a
TRACE::2026-09-22.16:40:43::SCWBDomain::s" "ARCHIVER=arm-none-eabi-ar" "COMPILER_FLAGS=  -O2 -c" "EXTRA_COMPILER_FLAGS=-mcpu=cortex-a9 -mfpu=vfpv3 -mfloat-abi=hard -no
TRACE::2026-09-22.16:40:43::SCWBDomain::startfiles -g -Wall -Wextra -fno-tree-loop-distribute-patterns"

TRACE::2026-09-22.16:40:43::SCWBDomain::Running Make libs in ps7_cortexa9_0/libsrc/gpiops_v3_10/src

TRACE::2026-09-22.16:40:43::SCWBDomain::make -C ps7_cortexa9_0/libsrc/gpiops_v3_10/src -s libs  "SHELL=/bin/sh" "COMPILER=arm-none-eabi-gcc" "ASSEMBLER=arm-none-eabi-a
TRACE::2026-09-22.16:40:43::SCWBDomain::s" "ARCHIVER=arm-none-eabi-ar" "COMPILER_FLAGS=  -O2 -c" "EXTRA_COMPILER_FLAGS=-mcpu=cortex-a9 -mfpu=vfpv3 -mfloat-abi=hard -no
TRACE::2026-09-22.16:40:43::SCWBDomain::startfiles -g -Wall -Wextra -fno-tree-loop-distribute-patterns"

TRACE::2026-09-22.16:40:43::SCWBDomain::Running Make libs in ps7_cortexa9_0/libsrc/qspips_v3_10/src

TRACE::2026-09-22.16:40:43::SCWBDomain::Running Make libs in ps7_cortexa9_0/libsrc/scugic_v5_0/src

TRACE::2026-09-22.16:40:43::SCWBDomain::make -C ps7_cortexa9_0/libsrc/qspips_v3_10/src -s libs  "SHELL=/bin/sh" "COMPILER=arm-none-eabi-gcc" "ASSEMBLER=arm-none-eabi-a
TRACE::2026-09-22.16:40:43::SCWBDomain::s" "ARCHIVER=arm-none-eabi-ar" "COMPILER_FLAGS=  -O2 -c" "EXTRA_COMPILER_FLAGS=-mcpu=cortex-a9 -mfpu=vfpv3 -mfloat-abi=hard -no
TRACE::2026-09-22.16:40:43::SCWBDomain::startfiles -g -Wall -Wextra -fno-tree-loop-distribute-patterns"

TRACE::2026-09-22.16:40:43::SCWBDomain::make -C ps7_cortexa9_0/libsrc/scugic_v5_0/src -s libs  "SHELL=/bin/sh" "COMPILER=arm-none-eabi-gcc" "ASSEMBLER=arm-none-eabi-as
TRACE::2026-09-22.16:40:43::SCWBDomain::" "ARCHIVER=arm-none-eabi-ar" "COMPILER_FLAGS=  -O2 -c" "EXTRA_COMPILER_FLAGS=-mcpu=cortex-a9 -mfpu=vfpv3 -mfloat-abi=hard -nos
TRACE::2026-09-22.16:40:43::SCWBDomain::tartfiles -g -Wall -Wextra -fno-tree-loop-distribute-patterns"

TRACE::2026-09-22.16:40:43::SCWBDomain::Running Make libs in ps7_cortexa9_0/libsrc/scutimer_v2_4/src

TRACE::2026-09-22.16:40:43::SCWBDomain::make -C ps7_cortexa9_0/libsrc/scutimer_v2_4/src -s libs  "SHELL=/bin/sh" "COMPILER=arm-none-eabi-gcc" "ASSEMBLER=arm-none-eabi-
TRACE::2026-09-22.16:40:43::SCWBDomain::as" "ARCHIVER=arm-none-eabi-ar" "COMPILER_FLAGS=  -O2 -c" "EXTRA_COMPILER_FLAGS=-mcpu=cortex-a9 -mfpu=vfpv3 -mfloat-abi=hard -n
TRACE::2026-09-22.16:40:43::SCWBDomain::ostartfiles -g -Wall -Wextra -fno-tree-loop-distribute-patterns"

TRACE::2026-09-22.16:40:43::SCWBDomain::Running Make libs in ps7_cortexa9_0/libsrc/scuwdt_v2_4/src

TRACE::2026-09-22.16:40:43::SCWBDomain::Running Make libs in ps7_cortexa9_0/libsrc/sdps_v4_0/src

TRACE::2026-09-22.16:40:43::SCWBDomain::make -C ps7_cortexa9_0/libsrc/scuwdt_v2_4/src -s libs  "SHELL=/bin/sh" "COMPILER=arm-none-eabi-gcc" "ASSEMBLER=arm-none-eabi-as
TRACE::2026-09-22.16:40:43::SCWBDomain::" "ARCHIVER=arm-none-eabi-ar" "COMPILER_FLAGS=  -O2 -c" "EXTRA_COMPILER_FLAGS=-mcpu=cortex-a9 -mfpu=vfpv3 -mfloat-abi=hard -nos
TRACE::2026-09-22.16:40:43::SCWBDomain::tartfiles -g -Wall -Wextra -fno-tree-loop-distribute-patterns"

TRACE::2026-09-22.16:40:43::SCWBDomain::make -C ps7_cortexa9_0/libsrc/sdps_v4_0/src -s libs  "SHELL=/bin/sh" "COMPILER=arm-none-eabi-gcc" "ASSEMBLER=arm-none-eabi-as" 
TRACE::2026-09-22.16:40:43::SCWBDomain::"ARCHIVER=arm-none-eabi-ar" "COMPILER_FLAGS=  -O2 -c" "EXTRA_COMPILER_FLAGS=-mcpu=cortex-a9 -mfpu=vfpv3 -mfloat-abi=hard -nosta
TRACE::2026-09-22.16:40:43::SCWBDomain::rtfiles -g -Wall -Wextra -fno-tree-loop-distribute-patterns"

TRACE::2026-09-22.16:40:43::SCWBDomain::Running Make libs in ps7_cortexa9_0/libsrc/standalone_v8_0/src

TRACE::2026-09-22.16:40:43::SCWBDomain::Running Make libs in ps7_cortexa9_0/libsrc/uartps_v3_11/src

TRACE::2026-09-22.16:40:43::SCWBDomain::make -C ps7_cortexa9_0/libsrc/standalone_v8_0/src -s libs  "SHELL=/bin/sh" "COMPILER=arm-none-eabi-gcc" "ASSEMBLER=arm-none-eab
TRACE::2026-09-22.16:40:43::SCWBDomain::i-as" "ARCHIVER=arm-none-eabi-ar" "COMPILER_FLAGS=  -O2 -c" "EXTRA_COMPILER_FLAGS=-mcpu=cortex-a9 -mfpu=vfpv3 -mfloat-abi=hard 
TRACE::2026-09-22.16:40:43::SCWBDomain::-nostartfiles -g -Wall -Wextra -fno-tree-loop-distribute-patterns"

TRACE::2026-09-22.16:40:43::SCWBDomain::Running Make libs in ps7_cortexa9_0/libsrc/xadcps_v2_6/src

TRACE::2026-09-22.16:40:43::SCWBDomain::make -C ps7_cortexa9_0/libsrc/uartps_v3_11/src -s libs  "SHELL=/bin/sh" "COMPILER=arm-none-eabi-gcc" "ASSEMBLER=arm-none-eabi-a
TRACE::2026-09-22.16:40:43::SCWBDomain::s" "ARCHIVER=arm-none-eabi-ar" "COMPILER_FLAGS=  -O2 -c" "EXTRA_COMPILER_FLAGS=-mcpu=cortex-a9 -mfpu=vfpv3 -mfloat-abi=hard -no
TRACE::2026-09-22.16:40:43::SCWBDomain::startfiles -g -Wall -Wextra -fno-tree-loop-distribute-patterns"

TRACE::2026-09-22.16:40:43::SCWBDomain::Running Make libs in ps7_cortexa9_0/libsrc/xilffs_v4_8/src

TRACE::2026-09-22.16:40:43::SCWBDomain::make -C ps7_cortexa9_0/libsrc/xadcps_v2_6/src -s libs  "SHELL=/bin/sh" "COMPILER=arm-none-eabi-gcc" "ASSEMBLER=arm-none-eabi-as
TRACE::2026-09-22.16:40:43::SCWBDomain::" "ARCHIVER=arm-none-eabi-ar" "COMPILER_FLAGS=  -O2 -c" "EXTRA_COMPILER_FLAGS=-mcpu=cortex-a9 -mfpu=vfpv3 -mfloat-abi=hard -nos
TRACE::2026-09-22.16:40:43::SCWBDomain::tartfiles -g -Wall -Wextra -fno-tree-loop-distribute-patterns"

TRACE::2026-09-22.16:40:43::SCWBDomain::make -C ps7_cortexa9_0/libsrc/xilffs_v4_8/src -s libs  "SHELL=/bin/sh" "COMPILER=arm-none-eabi-gcc" "ASSEMBLER=arm-none-eabi-as
TRACE::2026-09-22.16:40:43::SCWBDomain::" "ARCHIVER=arm-none-eabi-ar" "COMPILER_FLAGS=  -O2 -c" "EXTRA_COMPILER_FLAGS=-mcpu=cortex-a9 -mfpu=vfpv3 -mfloat-abi=hard -nos
TRACE::2026-09-22.16:40:43::SCWBDomain::tartfiles -g -Wall -Wextra -fno-tree-loop-distribute-patterns"

TRACE::2026-09-22.16:40:43::SCWBDomain::Finished building libraries parallelly.

TRACE::2026-09-22.16:40:43::SCWBDomain::make --no-print-directory archive

TRACE::2026-09-22.16:40:43::SCWBDomain::arm-none-eabi-ar -r  ps7_cortexa9_0/lib/libxil.a ps7_cortexa9_0/lib/_exit.o ps7_cortexa9_0/lib/_open.o ps7_cortexa9_0/lib/_sbrk
TRACE::2026-09-22.16:40:43::SCWBDomain::.o ps7_cortexa9_0/lib/abort.o ps7_cortexa9_0/lib/asm_vectors.o ps7_cortexa9_0/lib/boot.o ps7_cortexa9_0/lib/close.o ps7_cortexa
TRACE::2026-09-22.16:40:43::SCWBDomain::9_0/lib/cpputest_time.o ps7_cortexa9_0/lib/cpu_init.o ps7_cortexa9_0/lib/errno.o ps7_cortexa9_0/lib/fcntl.o ps7_cortexa9_0/lib/
TRACE::2026-09-22.16:40:43::SCWBDomain::fstat.o ps7_cortexa9_0/lib/getpid.o ps7_cortexa9_0/lib/inbyte.o ps7_cortexa9_0/lib/isatty.o ps7_cortexa9_0/lib/kill.o ps7_corte
TRACE::2026-09-22.16:40:43::SCWBDomain::xa9_0/lib/lseek.o ps7_cortexa9_0/lib/open.o ps7_cortexa9_0/lib/outbyte.o ps7_cortexa9_0/lib/print.o ps7_cortexa9_0/lib/putnum.o
TRACE::2026-09-22.16:40:43::SCWBDomain:: ps7_cortexa9_0/lib/read.o ps7_cortexa9_0/lib/sbrk.o ps7_cortexa9_0/lib/sleep.o ps7_cortexa9_0/lib/time.o ps7_cortexa9_0/lib/tr
TRACE::2026-09-22.16:40:43::SCWBDomain::anslation_table.o ps7_cortexa9_0/lib/unlink.o ps7_cortexa9_0/lib/usleep.o ps7_cortexa9_0/lib/vectors.o ps7_cortexa9_0/lib/write
TRACE::2026-09-22.16:40:43::SCWBDomain::.o ps7_cortexa9_0/lib/xadcps.o ps7_cortexa9_0/lib/xadcps_g.o ps7_cortexa9_0/lib/xadcps_intr.o ps7_cortexa9_0/lib/xadcps_selftes
TRACE::2026-09-22.16:40:43::SCWBDomain::t.o ps7_cortexa9_0/lib/xadcps_sinit.o ps7_cortexa9_0/lib/xcoresightpsdcc.o ps7_cortexa9_0/lib/xdevcfg.o ps7_cortexa9_0/lib/xdev
TRACE::2026-09-22.16:40:43::SCWBDomain::cfg_g.o ps7_cortexa9_0/lib/xdevcfg_hw.o ps7_cortexa9_0/lib/xdevcfg_intr.o ps7_cortexa9_0/lib/xdevcfg_selftest.o ps7_cortexa9_0/
TRACE::2026-09-22.16:40:43::SCWBDomain::lib/xdevcfg_sinit.o ps7_cortexa9_0/lib/xdmaps.o ps7_cortexa9_0/lib/xdmaps_g.o ps7_cortexa9_0/lib/xdmaps_hw.o ps7_cortexa9_0/lib
TRACE::2026-09-22.16:40:43::SCWBDomain::/xdmaps_selftest.o ps7_cortexa9_0/lib/xdmaps_sinit.o ps7_cortexa9_0/lib/xemacps.o ps7_cortexa9_0/lib/xemacps_bdring.o ps7_corte
TRACE::2026-09-22.16:40:43::SCWBDomain::xa9_0/lib/xemacps_control.o ps7_cortexa9_0/lib/xemacps_g.o ps7_cortexa9_0/lib/xemacps_hw.o ps7_cortexa9_0/lib/xemacps_intr.o ps
TRACE::2026-09-22.16:40:43::SCWBDomain::7_cortexa9_0/lib/xemacps_sinit.o ps7_cortexa9_0/lib/xgpiops.o ps7_cortexa9_0/lib/xgpiops_g.o ps7_cortexa9_0/lib/xgpiops_hw.o ps
TRACE::2026-09-22.16:40:43::SCWBDomain::7_cortexa9_0/lib/xgpiops_intr.o ps7_cortexa9_0/lib/xgpiops_selftest.o ps7_cortexa9_0/lib/xgpiops_sinit.o ps7_cortexa9_0/lib/xil
TRACE::2026-09-22.16:40:43::SCWBDomain::-crt0.o ps7_cortexa9_0/lib/xil_assert.o ps7_cortexa9_0/lib/xil_cache.o ps7_cortexa9_0/lib/xil_clocking.o ps7_cortexa9_0/lib/xil
TRACE::2026-09-22.16:40:43::SCWBDomain::_exception.o ps7_cortexa9_0/lib/xil_mem.o ps7_cortexa9_0/lib/xil_misc_psreset_api.o ps7_cortexa9_0/lib/xil_mmu.o ps7_cortexa9_0
TRACE::2026-09-22.16:40:43::SCWBDomain::/lib/xil_printf.o ps7_cortexa9_0/lib/xil_sleepcommon.o ps7_cortexa9_0/lib/xil_sleeptimer.o ps7_cortexa9_0/lib/xil_spinlock.o ps
TRACE::2026-09-22.16:40:43::SCWBDomain::7_cortexa9_0/lib/xil_testcache.o ps7_cortexa9_0/lib/xil_testio.o ps7_cortexa9_0/lib/xil_testmem.o ps7_cortexa9_0/lib/xil_util.o
TRACE::2026-09-22.16:40:43::SCWBDomain:: ps7_cortexa9_0/lib/xinterrupt_wrap.o ps7_cortexa9_0/lib/xl2cc_counter.o ps7_cortexa9_0/lib/xplatform_info.o ps7_cortexa9_0/lib
TRACE::2026-09-22.16:40:43::SCWBDomain::/xpm_counter.o ps7_cortexa9_0/lib/xqspips.o ps7_cortexa9_0/lib/xqspips_g.o ps7_cortexa9_0/lib/xqspips_hw.o ps7_cortexa9_0/lib/x
TRACE::2026-09-22.16:40:43::SCWBDomain::qspips_options.o ps7_cortexa9_0/lib/xqspips_selftest.o ps7_cortexa9_0/lib/xqspips_sinit.o ps7_cortexa9_0/lib/xscugic.o ps7_cort
TRACE::2026-09-22.16:40:43::SCWBDomain::exa9_0/lib/xscugic_g.o ps7_cortexa9_0/lib/xscugic_hw.o ps7_cortexa9_0/lib/xscugic_intr.o ps7_cortexa9_0/lib/xscugic_selftest.o 
TRACE::2026-09-22.16:40:43::SCWBDomain::ps7_cortexa9_0/lib/xscugic_sinit.o ps7_cortexa9_0/lib/xscutimer.o ps7_cortexa9_0/lib/xscutimer_g.o ps7_cortexa9_0/lib/xscutimer
TRACE::2026-09-22.16:40:43::SCWBDomain::_selftest.o ps7_cortexa9_0/lib/xscutimer_sinit.o ps7_cortexa9_0/lib/xscuwdt.o ps7_cortexa9_0/lib/xscuwdt_g.o ps7_cortexa9_0/lib
TRACE::2026-09-22.16:40:43::SCWBDomain::/xscuwdt_selftest.o ps7_cortexa9_0/lib/xscuwdt_sinit.o ps7_cortexa9_0/lib/xsdps.o ps7_cortexa9_0/lib/xsdps_card.o ps7_cortexa9_
TRACE::2026-09-22.16:40:43::SCWBDomain::0/lib/xsdps_g.o ps7_cortexa9_0/lib/xsdps_host.o ps7_cortexa9_0/lib/xsdps_options.o ps7_cortexa9_0/lib/xsdps_sinit.o ps7_cortexa
TRACE::2026-09-22.16:40:43::SCWBDomain::9_0/lib/xtime_l.o ps7_cortexa9_0/lib/xuartps.o ps7_cortexa9_0/lib/xuartps_g.o ps7_cortexa9_0/lib/xuartps_hw.o ps7_cortexa9_0/li
TRACE::2026-09-22.16:40:43::SCWBDomain::b/xuartps_intr.o ps7_cortexa9_0/lib/xuartps_options.o ps7_cortexa9_0/lib/xuartps_selftest.o ps7_cortexa9_0/lib/xuartps_sinit.o

TRACE::2026-09-22.16:40:43::SCWBDomain::Finished building libraries

TRACE::2026-09-22.16:40:43::SCWBDomain::make: Leaving directory '/home/dide/project/digital-ide-0.5.x/tests/project/temp/user/sdk/template/template_1/zynq_fsbl/zynq_fs
TRACE::2026-09-22.16:40:43::SCWBDomain::bl_bsp'

TRACE::2026-09-22.16:40:43::SCWBDomain::arm-none-eabi-gcc -o fsbl.elf fsbl_handoff.o fsbl_hooks.o image_mover.o main.o md5.o nand.o nor.o pcap.o ps7_init.o qspi.o rsa.
TRACE::2026-09-22.16:40:43::SCWBDomain::o sd.o -MMD -MP       -mcpu=cortex-a9 -mfpu=vfpv3 -mfloat-abi=hard   -mcpu=cortex-a9 -mfpu=vfpv3 -mfloat-abi=hard -Wl,-build-id
TRACE::2026-09-22.16:40:43::SCWBDomain::=none -specs=Xilinx.spec  -lrsa -Wl,--start-group,-lxil,-lgcc,-lc,--end-group -Wl,--start-group,-lxilffs,-lxil,-lgcc,-lc,--end-
TRACE::2026-09-22.16:40:43::SCWBDomain::group -Wl,--start-group,-lrsa,-lxil,-lgcc,-lc,--end-group                                  -Wl,--gc-sections -Lzynq_fsbl_bsp/ps
TRACE::2026-09-22.16:40:43::SCWBDomain::7_cortexa9_0/lib -L./ -Tlscript.ld

LOG::2026-09-22.16:40:43::SCWSystem::Checking the domain standalone_domain
LOG::2026-09-22.16:40:43::SCWSystem::Not a boot domain 
LOG::2026-09-22.16:40:43::SCWSystem::Started Processing the domain standalone_domain
TRACE::2026-09-22.16:40:43::SCWDomain::Generating domain artifcats
TRACE::2026-09-22.16:40:43::SCWMssOS::Generating standalone artifcats
TRACE::2026-09-22.16:40:43::SCWMssOS::Copying the qemu file from  /home/dide/project/digital-ide-0.5.x/tests/project/temp/user/sdk/template/template_1/resources/template_1/standalone_domain/qemu_args.txt To /home/dide/project/digital-ide-0.5.x/tests/project/temp/user/sdk/template/template_1/export/template_1/sw/template_1/qemu/
TRACE::2026-09-22.16:40:43::SCWMssOS::Copying the qemu file from  /home/dide/project/digital-ide-0.5.x/tests/project/temp/user/sdk/template/template_1/resources/template_1/standalone_domain/qemu_args.txt To /home/dide/project/digital-ide-0.5.x/tests/project/temp/user/sdk/template/template_1/export/template_1/sw/template_1/standalone_domain/qemu/
TRACE::2026-09-22.16:40:43::SCWMssOS:: Copying the user libraries. 
TRACE::2026-09-22.16:40:43::SCWPlatform::Trying to open the hw design at /home/dide/project/digital-ide-0.5.x/tests/project/temp/user/sdk/template/template_1/hw/template.hdf
TRACE::2026-09-22.16:40:43::SCWPlatform::DSA given /home/dide/project/digital-ide-0.5.x/tests/project/temp/user/sdk/template/template_1/hw/template.dsa
TRACE::2026-09-22.16:40:43::SCWPlatform::DSA absoulate path /home/dide/project/digital-ide-0.5.x/tests/project/temp/user/sdk/template/template_1/hw/template.dsa
TRACE::2026-09-22.16:40:43::SCWPlatform::DSA directory /home/dide/project/digital-ide-0.5.x/tests/project/temp/user/sdk/template/template_1/hw
TRACE::2026-09-22.16:40:43::SCWPlatform:: Platform Path /home/dide/project/digital-ide-0.5.x/tests/project/temp/user/sdk/template/template_1/hw/template.dsa
TRACE::2026-09-22.16:40:43::SCWPlatform:: Unique name xilinx.com::system_wrapper:1.0
TRACE::2026-09-22.16:40:43::SCWPlatform::Trying to set the existing hwdb with name system_wrapper
TRACE::2026-09-22.16:40:43::SCWPlatform::Opened existing hwdb system_wrapper
TRACE::2026-09-22.16:40:43::SCWPlatform::Found the Hw Db part of the input DSA
TRACE::2026-09-22.16:40:43::SCWMssOS::Checking the sw design at  /home/dide/project/digital-ide-0.5.x/tests/project/temp/user/sdk/template/template_1/ps7_cortexa9_0/standalone_domain/bsp/system.mss
TRACE::2026-09-22.16:40:43::SCWMssOS::DEBUG:  swdes dump  /home/dide/project/digital-ide-0.5.x/tests/project/temp/user/sdk/template/template_1/ps7_cortexa9_0/standalone_domain/bsp/system.mss|system_0||
/home/dide/project/digital-ide-0.5.x/tests/project/temp/user/sdk/template/template_1/zynq_fsbl/zynq_fsbl_bsp/system.mss|system||

TRACE::2026-09-22.16:40:43::SCWMssOS::Sw design exists and opened at  /home/dide/project/digital-ide-0.5.x/tests/project/temp/user/sdk/template/template_1/ps7_cortexa9_0/standalone_domain/bsp/system.mss
TRACE::2026-09-22.16:40:43::SCWMssOS::Completed writing the mss file at /home/dide/project/digital-ide-0.5.x/tests/project/temp/user/sdk/template/template_1/ps7_cortexa9_0/standalone_domain/bsp
TRACE::2026-09-22.16:40:43::SCWMssOS::Mss edits present, copying mssfile into export location /home/dide/project/digital-ide-0.5.x/tests/project/temp/user/sdk/template/template_1/ps7_cortexa9_0/standalone_domain/bsp/system.mss
TRACE::2026-09-22.16:40:43::SCWMssOS::bsp generated is upto date with the mss file. Skipping bsp generation.
TRACE::2026-09-22.16:40:43::SCWMssOS::BSP is already built. skipping the bsp build ... 
TRACE::2026-09-22.16:40:43::SCWDomain::Building the domain as part of full build :  standalone_domain
TRACE::2026-09-22.16:40:43::SCWMssOS::doing bsp build ... 
TRACE::2026-09-22.16:40:43::SCWMssOS::System Command Ran  cd  /home/dide/project/digital-ide-0.5.x/tests/project/temp/user/sdk/template/template_1/ps7_cortexa9_0/standalone_domain/bsp ; bash -c "make  " 
TRACE::2026-09-22.16:40:43::SCWMssOS::make --no-print-directory seq_libs

TRACE::2026-09-22.16:40:43::SCWMssOS::Finished building libraries sequentially.

TRACE::2026-09-22.16:40:43::SCWMssOS::make -j 30 --no-print-directory par_libs

TRACE::2026-09-22.16:40:43::SCWMssOS::Running Make include in ps7_cortexa9_0/libsrc/coresightps_dcc_v1_8/src

TRACE::2026-09-22.16:40:43::SCWMssOS::make -C ps7_cortexa9_0/libsrc/coresightps_dcc_v1_8/src -s include  "SHELL=/bin/sh" "COMPILER=arm-none-eabi-gcc" "ASSEMBLER=arm-
TRACE::2026-09-22.16:40:43::SCWMssOS::none-eabi-as" "ARCHIVER=arm-none-eabi-ar" "COMPILER_FLAGS=  -O2 -c" "EXTRA_COMPILER_FLAGS=-mcpu=cortex-a9 -mfpu=vfpv3 -mfloat-a
TRACE::2026-09-22.16:40:43::SCWMssOS::bi=hard -nostartfiles -g -Wall -Wextra -fno-tree-loop-distribute-patterns"

TRACE::2026-09-22.16:40:43::SCWMssOS::Running Make include in ps7_cortexa9_0/libsrc/cpu_cortexa9_v2_11/src

TRACE::2026-09-22.16:40:43::SCWMssOS::make -C ps7_cortexa9_0/libsrc/cpu_cortexa9_v2_11/src -s include  "SHELL=/bin/sh" "COMPILER=arm-none-eabi-gcc" "ASSEMBLER=arm-no
TRACE::2026-09-22.16:40:43::SCWMssOS::ne-eabi-as" "ARCHIVER=arm-none-eabi-ar" "COMPILER_FLAGS=  -O2 -c" "EXTRA_COMPILER_FLAGS=-mcpu=cortex-a9 -mfpu=vfpv3 -mfloat-abi
TRACE::2026-09-22.16:40:43::SCWMssOS::=hard -nostartfiles -g -Wall -Wextra -fno-tree-loop-distribute-patterns"

TRACE::2026-09-22.16:40:43::SCWMssOS::Running Make include in ps7_cortexa9_0/libsrc/ddrps_v1_2/src

TRACE::2026-09-22.16:40:43::SCWMssOS::make -C ps7_cortexa9_0/libsrc/ddrps_v1_2/src -s include  "SHELL=/bin/sh" "COMPILER=arm-none-eabi-gcc" "ASSEMBLER=arm-none-eabi-
TRACE::2026-09-22.16:40:43::SCWMssOS::as" "ARCHIVER=arm-none-eabi-ar" "COMPILER_FLAGS=  -O2 -c" "EXTRA_COMPILER_FLAGS=-mcpu=cortex-a9 -mfpu=vfpv3 -mfloat-abi=hard -n
TRACE::2026-09-22.16:40:43::SCWMssOS::ostartfiles -g -Wall -Wextra -fno-tree-loop-distribute-patterns"

TRACE::2026-09-22.16:40:43::SCWMssOS::Running Make include in ps7_cortexa9_0/libsrc/devcfg_v3_7/src

TRACE::2026-09-22.16:40:43::SCWMssOS::make -C ps7_cortexa9_0/libsrc/devcfg_v3_7/src -s include  "SHELL=/bin/sh" "COMPILER=arm-none-eabi-gcc" "ASSEMBLER=arm-none-eabi
TRACE::2026-09-22.16:40:43::SCWMssOS::-as" "ARCHIVER=arm-none-eabi-ar" "COMPILER_FLAGS=  -O2 -c" "EXTRA_COMPILER_FLAGS=-mcpu=cortex-a9 -mfpu=vfpv3 -mfloat-abi=hard -
TRACE::2026-09-22.16:40:43::SCWMssOS::nostartfiles -g -Wall -Wextra -fno-tree-loop-distribute-patterns"

TRACE::2026-09-22.16:40:43::SCWMssOS::Running Make include in ps7_cortexa9_0/libsrc/dmaps_v2_8/src

TRACE::2026-09-22.16:40:43::SCWMssOS::make -C ps7_cortexa9_0/libsrc/dmaps_v2_8/src -s include  "SHELL=/bin/sh" "COMPILER=arm-none-eabi-gcc" "ASSEMBLER=arm-none-eabi-
TRACE::2026-09-22.16:40:43::SCWMssOS::as" "ARCHIVER=arm-none-eabi-ar" "COMPILER_FLAGS=  -O2 -c" "EXTRA_COMPILER_FLAGS=-mcpu=cortex-a9 -mfpu=vfpv3 -mfloat-abi=hard -n
TRACE::2026-09-22.16:40:43::SCWMssOS::ostartfiles -g -Wall -Wextra -fno-tree-loop-distribute-patterns"

TRACE::2026-09-22.16:40:43::SCWMssOS::Running Make include in ps7_cortexa9_0/libsrc/emacps_v3_17/src

TRACE::2026-09-22.16:40:43::SCWMssOS::Running Make include in ps7_cortexa9_0/libsrc/gpiops_v3_10/src

TRACE::2026-09-22.16:40:43::SCWMssOS::make -C ps7_cortexa9_0/libsrc/emacps_v3_17/src -s include  "SHELL=/bin/sh" "COMPILER=arm-none-eabi-gcc" "ASSEMBLER=arm-none-eab
TRACE::2026-09-22.16:40:43::SCWMssOS::i-as" "ARCHIVER=arm-none-eabi-ar" "COMPILER_FLAGS=  -O2 -c" "EXTRA_COMPILER_FLAGS=-mcpu=cortex-a9 -mfpu=vfpv3 -mfloat-abi=hard 
TRACE::2026-09-22.16:40:43::SCWMssOS::-nostartfiles -g -Wall -Wextra -fno-tree-loop-distribute-patterns"

TRACE::2026-09-22.16:40:43::SCWMssOS::make -C ps7_cortexa9_0/libsrc/gpiops_v3_10/src -s include  "SHELL=/bin/sh" "COMPILER=arm-none-eabi-gcc" "ASSEMBLER=arm-none-eab
TRACE::2026-09-22.16:40:43::SCWMssOS::i-as" "ARCHIVER=arm-none-eabi-ar" "COMPILER_FLAGS=  -O2 -c" "EXTRA_COMPILER_FLAGS=-mcpu=cortex-a9 -mfpu=vfpv3 -mfloat-abi=hard 
TRACE::2026-09-22.16:40:43::SCWMssOS::-nostartfiles -g -Wall -Wextra -fno-tree-loop-distribute-patterns"

TRACE::2026-09-22.16:40:43::SCWMssOS::Running Make include in ps7_cortexa9_0/libsrc/qspips_v3_10/src

TRACE::2026-09-22.16:40:43::SCWMssOS::Running Make include in ps7_cortexa9_0/libsrc/scugic_v5_0/src

TRACE::2026-09-22.16:40:43::SCWMssOS::make -C ps7_cortexa9_0/libsrc/qspips_v3_10/src -s include  "SHELL=/bin/sh" "COMPILER=arm-none-eabi-gcc" "ASSEMBLER=arm-none-eab
TRACE::2026-09-22.16:40:43::SCWMssOS::i-as" "ARCHIVER=arm-none-eabi-ar" "COMPILER_FLAGS=  -O2 -c" "EXTRA_COMPILER_FLAGS=-mcpu=cortex-a9 -mfpu=vfpv3 -mfloat-abi=hard 
TRACE::2026-09-22.16:40:43::SCWMssOS::-nostartfiles -g -Wall -Wextra -fno-tree-loop-distribute-patterns"

TRACE::2026-09-22.16:40:43::SCWMssOS::make -C ps7_cortexa9_0/libsrc/scugic_v5_0/src -s include  "SHELL=/bin/sh" "COMPILER=arm-none-eabi-gcc" "ASSEMBLER=arm-none-eabi
TRACE::2026-09-22.16:40:43::SCWMssOS::-as" "ARCHIVER=arm-none-eabi-ar" "COMPILER_FLAGS=  -O2 -c" "EXTRA_COMPILER_FLAGS=-mcpu=cortex-a9 -mfpu=vfpv3 -mfloat-abi=hard -
TRACE::2026-09-22.16:40:43::SCWMssOS::nostartfiles -g -Wall -Wextra -fno-tree-loop-distribute-patterns"

TRACE::2026-09-22.16:40:43::SCWMssOS::Running Make include in ps7_cortexa9_0/libsrc/scutimer_v2_4/src

TRACE::2026-09-22.16:40:43::SCWMssOS::make -C ps7_cortexa9_0/libsrc/scutimer_v2_4/src -s include  "SHELL=/bin/sh" "COMPILER=arm-none-eabi-gcc" "ASSEMBLER=arm-none-ea
TRACE::2026-09-22.16:40:43::SCWMssOS::bi-as" "ARCHIVER=arm-none-eabi-ar" "COMPILER_FLAGS=  -O2 -c" "EXTRA_COMPILER_FLAGS=-mcpu=cortex-a9 -mfpu=vfpv3 -mfloat-abi=hard
TRACE::2026-09-22.16:40:43::SCWMssOS:: -nostartfiles -g -Wall -Wextra -fno-tree-loop-distribute-patterns"

TRACE::2026-09-22.16:40:43::SCWMssOS::Running Make include in ps7_cortexa9_0/libsrc/scuwdt_v2_4/src

TRACE::2026-09-22.16:40:43::SCWMssOS::make -C ps7_cortexa9_0/libsrc/scuwdt_v2_4/src -s include  "SHELL=/bin/sh" "COMPILER=arm-none-eabi-gcc" "ASSEMBLER=arm-none-eabi
TRACE::2026-09-22.16:40:43::SCWMssOS::-as" "ARCHIVER=arm-none-eabi-ar" "COMPILER_FLAGS=  -O2 -c" "EXTRA_COMPILER_FLAGS=-mcpu=cortex-a9 -mfpu=vfpv3 -mfloat-abi=hard -
TRACE::2026-09-22.16:40:43::SCWMssOS::nostartfiles -g -Wall -Wextra -fno-tree-loop-distribute-patterns"

TRACE::2026-09-22.16:40:43::SCWMssOS::Running Make include in ps7_cortexa9_0/libsrc/sdps_v4_0/src

TRACE::2026-09-22.16:40:43::SCWMssOS::Running Make include in ps7_cortexa9_0/libsrc/standalone_v8_0/src

TRACE::2026-09-22.16:40:43::SCWMssOS::make -C ps7_cortexa9_0/libsrc/sdps_v4_0/src -s include  "SHELL=/bin/sh" "COMPILER=arm-none-eabi-gcc" "ASSEMBLER=arm-none-eabi-a
TRACE::2026-09-22.16:40:43::SCWMssOS::s" "ARCHIVER=arm-none-eabi-ar" "COMPILER_FLAGS=  -O2 -c" "EXTRA_COMPILER_FLAGS=-mcpu=cortex-a9 -mfpu=vfpv3 -mfloat-abi=hard -no
TRACE::2026-09-22.16:40:43::SCWMssOS::startfiles -g -Wall -Wextra -fno-tree-loop-distribute-patterns"

TRACE::2026-09-22.16:40:43::SCWMssOS::make -C ps7_cortexa9_0/libsrc/standalone_v8_0/src -s include  "SHELL=/bin/sh" "COMPILER=arm-none-eabi-gcc" "ASSEMBLER=arm-none-
TRACE::2026-09-22.16:40:43::SCWMssOS::eabi-as" "ARCHIVER=arm-none-eabi-ar" "COMPILER_FLAGS=  -O2 -c" "EXTRA_COMPILER_FLAGS=-mcpu=cortex-a9 -mfpu=vfpv3 -mfloat-abi=ha
TRACE::2026-09-22.16:40:43::SCWMssOS::rd -nostartfiles -g -Wall -Wextra -fno-tree-loop-distribute-patterns"

TRACE::2026-09-22.16:40:43::SCWMssOS::Running Make include in ps7_cortexa9_0/libsrc/uartps_v3_11/src

TRACE::2026-09-22.16:40:43::SCWMssOS::make -C ps7_cortexa9_0/libsrc/uartps_v3_11/src -s include  "SHELL=/bin/sh" "COMPILER=arm-none-eabi-gcc" "ASSEMBLER=arm-none-eab
TRACE::2026-09-22.16:40:43::SCWMssOS::i-as" "ARCHIVER=arm-none-eabi-ar" "COMPILER_FLAGS=  -O2 -c" "EXTRA_COMPILER_FLAGS=-mcpu=cortex-a9 -mfpu=vfpv3 -mfloat-abi=hard 
TRACE::2026-09-22.16:40:43::SCWMssOS::-nostartfiles -g -Wall -Wextra -fno-tree-loop-distribute-patterns"

TRACE::2026-09-22.16:40:43::SCWMssOS::Running Make include in ps7_cortexa9_0/libsrc/xadcps_v2_6/src

TRACE::2026-09-22.16:40:43::SCWMssOS::make -C ps7_cortexa9_0/libsrc/xadcps_v2_6/src -s include  "SHELL=/bin/sh" "COMPILER=arm-none-eabi-gcc" "ASSEMBLER=arm-none-eabi
TRACE::2026-09-22.16:40:43::SCWMssOS::-as" "ARCHIVER=arm-none-eabi-ar" "COMPILER_FLAGS=  -O2 -c" "EXTRA_COMPILER_FLAGS=-mcpu=cortex-a9 -mfpu=vfpv3 -mfloat-abi=hard -
TRACE::2026-09-22.16:40:43::SCWMssOS::nostartfiles -g -Wall -Wextra -fno-tree-loop-distribute-patterns"

TRACE::2026-09-22.16:40:43::SCWMssOS::Running Make libs in ps7_cortexa9_0/libsrc/coresightps_dcc_v1_8/src

TRACE::2026-09-22.16:40:43::SCWMssOS::make -C ps7_cortexa9_0/libsrc/coresightps_dcc_v1_8/src -s libs  "SHELL=/bin/sh" "COMPILER=arm-none-eabi-gcc" "ASSEMBLER=arm-non
TRACE::2026-09-22.16:40:43::SCWMssOS::e-eabi-as" "ARCHIVER=arm-none-eabi-ar" "COMPILER_FLAGS=  -O2 -c" "EXTRA_COMPILER_FLAGS=-mcpu=cortex-a9 -mfpu=vfpv3 -mfloat-abi=
TRACE::2026-09-22.16:40:43::SCWMssOS::hard -nostartfiles -g -Wall -Wextra -fno-tree-loop-distribute-patterns"

TRACE::2026-09-22.16:40:43::SCWMssOS::Running Make libs in ps7_cortexa9_0/libsrc/cpu_cortexa9_v2_11/src

TRACE::2026-09-22.16:40:43::SCWMssOS::make -C ps7_cortexa9_0/libsrc/cpu_cortexa9_v2_11/src -s libs  "SHELL=/bin/sh" "COMPILER=arm-none-eabi-gcc" "ASSEMBLER=arm-none-
TRACE::2026-09-22.16:40:43::SCWMssOS::eabi-as" "ARCHIVER=arm-none-eabi-ar" "COMPILER_FLAGS=  -O2 -c" "EXTRA_COMPILER_FLAGS=-mcpu=cortex-a9 -mfpu=vfpv3 -mfloat-abi=ha
TRACE::2026-09-22.16:40:43::SCWMssOS::rd -nostartfiles -g -Wall -Wextra -fno-tree-loop-distribute-patterns"

TRACE::2026-09-22.16:40:43::SCWMssOS::Running Make libs in ps7_cortexa9_0/libsrc/ddrps_v1_2/src

TRACE::2026-09-22.16:40:43::SCWMssOS::make -C ps7_cortexa9_0/libsrc/ddrps_v1_2/src -s libs  "SHELL=/bin/sh" "COMPILER=arm-none-eabi-gcc" "ASSEMBLER=arm-none-eabi-as"
TRACE::2026-09-22.16:40:43::SCWMssOS:: "ARCHIVER=arm-none-eabi-ar" "COMPILER_FLAGS=  -O2 -c" "EXTRA_COMPILER_FLAGS=-mcpu=cortex-a9 -mfpu=vfpv3 -mfloat-abi=hard -nost
TRACE::2026-09-22.16:40:43::SCWMssOS::artfiles -g -Wall -Wextra -fno-tree-loop-distribute-patterns"

TRACE::2026-09-22.16:40:43::SCWMssOS::Running Make libs in ps7_cortexa9_0/libsrc/devcfg_v3_7/src

TRACE::2026-09-22.16:40:43::SCWMssOS::make -C ps7_cortexa9_0/libsrc/devcfg_v3_7/src -s libs  "SHELL=/bin/sh" "COMPILER=arm-none-eabi-gcc" "ASSEMBLER=arm-none-eabi-as
TRACE::2026-09-22.16:40:43::SCWMssOS::" "ARCHIVER=arm-none-eabi-ar" "COMPILER_FLAGS=  -O2 -c" "EXTRA_COMPILER_FLAGS=-mcpu=cortex-a9 -mfpu=vfpv3 -mfloat-abi=hard -nos
TRACE::2026-09-22.16:40:43::SCWMssOS::tartfiles -g -Wall -Wextra -fno-tree-loop-distribute-patterns"

TRACE::2026-09-22.16:40:43::SCWMssOS::Running Make libs in ps7_cortexa9_0/libsrc/dmaps_v2_8/src

TRACE::2026-09-22.16:40:43::SCWMssOS::Running Make libs in ps7_cortexa9_0/libsrc/gpiops_v3_10/src

TRACE::2026-09-22.16:40:43::SCWMssOS::Running Make libs in ps7_cortexa9_0/libsrc/emacps_v3_17/src

TRACE::2026-09-22.16:40:43::SCWMssOS::make -C ps7_cortexa9_0/libsrc/dmaps_v2_8/src -s libs  "SHELL=/bin/sh" "COMPILER=arm-none-eabi-gcc" "ASSEMBLER=arm-none-eabi-as"
TRACE::2026-09-22.16:40:43::SCWMssOS:: "ARCHIVER=arm-none-eabi-ar" "COMPILER_FLAGS=  -O2 -c" "EXTRA_COMPILER_FLAGS=-mcpu=cortex-a9 -mfpu=vfpv3 -mfloat-abi=hard -nost
TRACE::2026-09-22.16:40:43::SCWMssOS::artfiles -g -Wall -Wextra -fno-tree-loop-distribute-patterns"

TRACE::2026-09-22.16:40:43::SCWMssOS::Running Make libs in ps7_cortexa9_0/libsrc/scugic_v5_0/src

TRACE::2026-09-22.16:40:43::SCWMssOS::make -C ps7_cortexa9_0/libsrc/emacps_v3_17/src -s libs  "SHELL=/bin/sh" "COMPILER=arm-none-eabi-gcc" "ASSEMBLER=arm-none-eabi-a
TRACE::2026-09-22.16:40:43::SCWMssOS::s" "ARCHIVER=arm-none-eabi-ar" "COMPILER_FLAGS=  -O2 -c" "EXTRA_COMPILER_FLAGS=-mcpu=cortex-a9 -mfpu=vfpv3 -mfloat-abi=hard -no
TRACE::2026-09-22.16:40:43::SCWMssOS::startfiles -g -Wall -Wextra -fno-tree-loop-distribute-patterns"

TRACE::2026-09-22.16:40:43::SCWMssOS::Running Make libs in ps7_cortexa9_0/libsrc/qspips_v3_10/src

TRACE::2026-09-22.16:40:43::SCWMssOS::Running Make libs in ps7_cortexa9_0/libsrc/scutimer_v2_4/src

TRACE::2026-09-22.16:40:43::SCWMssOS::make -C ps7_cortexa9_0/libsrc/gpiops_v3_10/src -s libs  "SHELL=/bin/sh" "COMPILER=arm-none-eabi-gcc" "ASSEMBLER=arm-none-eabi-a
TRACE::2026-09-22.16:40:43::SCWMssOS::s" "ARCHIVER=arm-none-eabi-ar" "COMPILER_FLAGS=  -O2 -c" "EXTRA_COMPILER_FLAGS=-mcpu=cortex-a9 -mfpu=vfpv3 -mfloat-abi=hard -no
TRACE::2026-09-22.16:40:43::SCWMssOS::startfiles -g -Wall -Wextra -fno-tree-loop-distribute-patterns"

TRACE::2026-09-22.16:40:43::SCWMssOS::make -C ps7_cortexa9_0/libsrc/qspips_v3_10/src -s libs  "SHELL=/bin/sh" "COMPILER=arm-none-eabi-gcc" "ASSEMBLER=arm-none-eabi-a
TRACE::2026-09-22.16:40:43::SCWMssOS::s" "ARCHIVER=arm-none-eabi-ar" "COMPILER_FLAGS=  -O2 -c" "EXTRA_COMPILER_FLAGS=-mcpu=cortex-a9 -mfpu=vfpv3 -mfloat-abi=hard -no
TRACE::2026-09-22.16:40:43::SCWMssOS::startfiles -g -Wall -Wextra -fno-tree-loop-distribute-patterns"

TRACE::2026-09-22.16:40:43::SCWMssOS::make -C ps7_cortexa9_0/libsrc/scugic_v5_0/src -s libs  "SHELL=/bin/sh" "COMPILER=arm-none-eabi-gcc" "ASSEMBLER=arm-none-eabi-as
TRACE::2026-09-22.16:40:43::SCWMssOS::" "ARCHIVER=arm-none-eabi-ar" "COMPILER_FLAGS=  -O2 -c" "EXTRA_COMPILER_FLAGS=-mcpu=cortex-a9 -mfpu=vfpv3 -mfloat-abi=hard -nos
TRACE::2026-09-22.16:40:43::SCWMssOS::tartfiles -g -Wall -Wextra -fno-tree-loop-distribute-patterns"

TRACE::2026-09-22.16:40:43::SCWMssOS::make -C ps7_cortexa9_0/libsrc/scutimer_v2_4/src -s libs  "SHELL=/bin/sh" "COMPILER=arm-none-eabi-gcc" "ASSEMBLER=arm-none-eabi-
TRACE::2026-09-22.16:40:43::SCWMssOS::as" "ARCHIVER=arm-none-eabi-ar" "COMPILER_FLAGS=  -O2 -c" "EXTRA_COMPILER_FLAGS=-mcpu=cortex-a9 -mfpu=vfpv3 -mfloat-abi=hard -n
TRACE::2026-09-22.16:40:43::SCWMssOS::ostartfiles -g -Wall -Wextra -fno-tree-loop-distribute-patterns"

TRACE::2026-09-22.16:40:43::SCWMssOS::Running Make libs in ps7_cortexa9_0/libsrc/scuwdt_v2_4/src

TRACE::2026-09-22.16:40:43::SCWMssOS::make -C ps7_cortexa9_0/libsrc/scuwdt_v2_4/src -s libs  "SHELL=/bin/sh" "COMPILER=arm-none-eabi-gcc" "ASSEMBLER=arm-none-eabi-as
TRACE::2026-09-22.16:40:43::SCWMssOS::" "ARCHIVER=arm-none-eabi-ar" "COMPILER_FLAGS=  -O2 -c" "EXTRA_COMPILER_FLAGS=-mcpu=cortex-a9 -mfpu=vfpv3 -mfloat-abi=hard -nos
TRACE::2026-09-22.16:40:43::SCWMssOS::tartfiles -g -Wall -Wextra -fno-tree-loop-distribute-patterns"

TRACE::2026-09-22.16:40:43::SCWMssOS::Running Make libs in ps7_cortexa9_0/libsrc/standalone_v8_0/src

TRACE::2026-09-22.16:40:43::SCWMssOS::Running Make libs in ps7_cortexa9_0/libsrc/sdps_v4_0/src

TRACE::2026-09-22.16:40:43::SCWMssOS::Running Make libs in ps7_cortexa9_0/libsrc/uartps_v3_11/src

TRACE::2026-09-22.16:40:43::SCWMssOS::make -C ps7_cortexa9_0/libsrc/sdps_v4_0/src -s libs  "SHELL=/bin/sh" "COMPILER=arm-none-eabi-gcc" "ASSEMBLER=arm-none-eabi-as" 
TRACE::2026-09-22.16:40:43::SCWMssOS::"ARCHIVER=arm-none-eabi-ar" "COMPILER_FLAGS=  -O2 -c" "EXTRA_COMPILER_FLAGS=-mcpu=cortex-a9 -mfpu=vfpv3 -mfloat-abi=hard -nosta
TRACE::2026-09-22.16:40:43::SCWMssOS::rtfiles -g -Wall -Wextra -fno-tree-loop-distribute-patterns"

TRACE::2026-09-22.16:40:43::SCWMssOS::make -C ps7_cortexa9_0/libsrc/standalone_v8_0/src -s libs  "SHELL=/bin/sh" "COMPILER=arm-none-eabi-gcc" "ASSEMBLER=arm-none-eab
TRACE::2026-09-22.16:40:43::SCWMssOS::i-as" "ARCHIVER=arm-none-eabi-ar" "COMPILER_FLAGS=  -O2 -c" "EXTRA_COMPILER_FLAGS=-mcpu=cortex-a9 -mfpu=vfpv3 -mfloat-abi=hard 
TRACE::2026-09-22.16:40:43::SCWMssOS::-nostartfiles -g -Wall -Wextra -fno-tree-loop-distribute-patterns"

TRACE::2026-09-22.16:40:43::SCWMssOS::Running Make libs in ps7_cortexa9_0/libsrc/xadcps_v2_6/src

TRACE::2026-09-22.16:40:43::SCWMssOS::make -C ps7_cortexa9_0/libsrc/uartps_v3_11/src -s libs  "SHELL=/bin/sh" "COMPILER=arm-none-eabi-gcc" "ASSEMBLER=arm-none-eabi-a
TRACE::2026-09-22.16:40:43::SCWMssOS::s" "ARCHIVER=arm-none-eabi-ar" "COMPILER_FLAGS=  -O2 -c" "EXTRA_COMPILER_FLAGS=-mcpu=cortex-a9 -mfpu=vfpv3 -mfloat-abi=hard -no
TRACE::2026-09-22.16:40:43::SCWMssOS::startfiles -g -Wall -Wextra -fno-tree-loop-distribute-patterns"

TRACE::2026-09-22.16:40:43::SCWMssOS::make -C ps7_cortexa9_0/libsrc/xadcps_v2_6/src -s libs  "SHELL=/bin/sh" "COMPILER=arm-none-eabi-gcc" "ASSEMBLER=arm-none-eabi-as
TRACE::2026-09-22.16:40:43::SCWMssOS::" "ARCHIVER=arm-none-eabi-ar" "COMPILER_FLAGS=  -O2 -c" "EXTRA_COMPILER_FLAGS=-mcpu=cortex-a9 -mfpu=vfpv3 -mfloat-abi=hard -nos
TRACE::2026-09-22.16:40:43::SCWMssOS::tartfiles -g -Wall -Wextra -fno-tree-loop-distribute-patterns"

TRACE::2026-09-22.16:40:43::SCWMssOS::Finished building libraries parallelly.

TRACE::2026-09-22.16:40:43::SCWMssOS::make --no-print-directory archive

TRACE::2026-09-22.16:40:43::SCWMssOS::arm-none-eabi-ar -r  ps7_cortexa9_0/lib/libxil.a ps7_cortexa9_0/lib/_exit.o ps7_cortexa9_0/lib/_open.o ps7_cortexa9_0/lib/_sbrk
TRACE::2026-09-22.16:40:43::SCWMssOS::.o ps7_cortexa9_0/lib/abort.o ps7_cortexa9_0/lib/asm_vectors.o ps7_cortexa9_0/lib/boot.o ps7_cortexa9_0/lib/close.o ps7_cortexa
TRACE::2026-09-22.16:40:43::SCWMssOS::9_0/lib/cpputest_time.o ps7_cortexa9_0/lib/cpu_init.o ps7_cortexa9_0/lib/errno.o ps7_cortexa9_0/lib/fcntl.o ps7_cortexa9_0/lib/
TRACE::2026-09-22.16:40:43::SCWMssOS::fstat.o ps7_cortexa9_0/lib/getpid.o ps7_cortexa9_0/lib/inbyte.o ps7_cortexa9_0/lib/isatty.o ps7_cortexa9_0/lib/kill.o ps7_corte
TRACE::2026-09-22.16:40:43::SCWMssOS::xa9_0/lib/lseek.o ps7_cortexa9_0/lib/open.o ps7_cortexa9_0/lib/outbyte.o ps7_cortexa9_0/lib/print.o ps7_cortexa9_0/lib/putnum.o
TRACE::2026-09-22.16:40:43::SCWMssOS:: ps7_cortexa9_0/lib/read.o ps7_cortexa9_0/lib/sbrk.o ps7_cortexa9_0/lib/sleep.o ps7_cortexa9_0/lib/time.o ps7_cortexa9_0/lib/tr
TRACE::2026-09-22.16:40:43::SCWMssOS::anslation_table.o ps7_cortexa9_0/lib/unlink.o ps7_cortexa9_0/lib/usleep.o ps7_cortexa9_0/lib/vectors.o ps7_cortexa9_0/lib/write
TRACE::2026-09-22.16:40:43::SCWMssOS::.o ps7_cortexa9_0/lib/xadcps.o ps7_cortexa9_0/lib/xadcps_g.o ps7_cortexa9_0/lib/xadcps_intr.o ps7_cortexa9_0/lib/xadcps_selftes
TRACE::2026-09-22.16:40:43::SCWMssOS::t.o ps7_cortexa9_0/lib/xadcps_sinit.o ps7_cortexa9_0/lib/xcoresightpsdcc.o ps7_cortexa9_0/lib/xdevcfg.o ps7_cortexa9_0/lib/xdev
TRACE::2026-09-22.16:40:43::SCWMssOS::cfg_g.o ps7_cortexa9_0/lib/xdevcfg_hw.o ps7_cortexa9_0/lib/xdevcfg_intr.o ps7_cortexa9_0/lib/xdevcfg_selftest.o ps7_cortexa9_0/
TRACE::2026-09-22.16:40:43::SCWMssOS::lib/xdevcfg_sinit.o ps7_cortexa9_0/lib/xdmaps.o ps7_cortexa9_0/lib/xdmaps_g.o ps7_cortexa9_0/lib/xdmaps_hw.o ps7_cortexa9_0/lib
TRACE::2026-09-22.16:40:43::SCWMssOS::/xdmaps_selftest.o ps7_cortexa9_0/lib/xdmaps_sinit.o ps7_cortexa9_0/lib/xemacps.o ps7_cortexa9_0/lib/xemacps_bdring.o ps7_corte
TRACE::2026-09-22.16:40:43::SCWMssOS::xa9_0/lib/xemacps_control.o ps7_cortexa9_0/lib/xemacps_g.o ps7_cortexa9_0/lib/xemacps_hw.o ps7_cortexa9_0/lib/xemacps_intr.o ps
TRACE::2026-09-22.16:40:43::SCWMssOS::7_cortexa9_0/lib/xemacps_sinit.o ps7_cortexa9_0/lib/xgpiops.o ps7_cortexa9_0/lib/xgpiops_g.o ps7_cortexa9_0/lib/xgpiops_hw.o ps
TRACE::2026-09-22.16:40:43::SCWMssOS::7_cortexa9_0/lib/xgpiops_intr.o ps7_cortexa9_0/lib/xgpiops_selftest.o ps7_cortexa9_0/lib/xgpiops_sinit.o ps7_cortexa9_0/lib/xil
TRACE::2026-09-22.16:40:43::SCWMssOS::-crt0.o ps7_cortexa9_0/lib/xil_assert.o ps7_cortexa9_0/lib/xil_cache.o ps7_cortexa9_0/lib/xil_clocking.o ps7_cortexa9_0/lib/xil
TRACE::2026-09-22.16:40:43::SCWMssOS::_exception.o ps7_cortexa9_0/lib/xil_mem.o ps7_cortexa9_0/lib/xil_misc_psreset_api.o ps7_cortexa9_0/lib/xil_mmu.o ps7_cortexa9_0
TRACE::2026-09-22.16:40:43::SCWMssOS::/lib/xil_printf.o ps7_cortexa9_0/lib/xil_sleepcommon.o ps7_cortexa9_0/lib/xil_sleeptimer.o ps7_cortexa9_0/lib/xil_spinlock.o ps
TRACE::2026-09-22.16:40:43::SCWMssOS::7_cortexa9_0/lib/xil_testcache.o ps7_cortexa9_0/lib/xil_testio.o ps7_cortexa9_0/lib/xil_testmem.o ps7_cortexa9_0/lib/xil_util.o
TRACE::2026-09-22.16:40:43::SCWMssOS:: ps7_cortexa9_0/lib/xinterrupt_wrap.o ps7_cortexa9_0/lib/xl2cc_counter.o ps7_cortexa9_0/lib/xplatform_info.o ps7_cortexa9_0/lib
TRACE::2026-09-22.16:40:43::SCWMssOS::/xpm_counter.o ps7_cortexa9_0/lib/xqspips.o ps7_cortexa9_0/lib/xqspips_g.o ps7_cortexa9_0/lib/xqspips_hw.o ps7_cortexa9_0/lib/x
TRACE::2026-09-22.16:40:43::SCWMssOS::qspips_options.o ps7_cortexa9_0/lib/xqspips_selftest.o ps7_cortexa9_0/lib/xqspips_sinit.o ps7_cortexa9_0/lib/xscugic.o ps7_cort
TRACE::2026-09-22.16:40:43::SCWMssOS::exa9_0/lib/xscugic_g.o ps7_cortexa9_0/lib/xscugic_hw.o ps7_cortexa9_0/lib/xscugic_intr.o ps7_cortexa9_0/lib/xscugic_selftest.o 
TRACE::2026-09-22.16:40:43::SCWMssOS::ps7_cortexa9_0/lib/xscugic_sinit.o ps7_cortexa9_0/lib/xscutimer.o ps7_cortexa9_0/lib/xscutimer_g.o ps7_cortexa9_0/lib/xscutimer
TRACE::2026-09-22.16:40:43::SCWMssOS::_selftest.o ps7_cortexa9_0/lib/xscutimer_sinit.o ps7_cortexa9_0/lib/xscuwdt.o ps7_cortexa9_0/lib/xscuwdt_g.o ps7_cortexa9_0/lib
TRACE::2026-09-22.16:40:43::SCWMssOS::/xscuwdt_selftest.o ps7_cortexa9_0/lib/xscuwdt_sinit.o ps7_cortexa9_0/lib/xsdps.o ps7_cortexa9_0/lib/xsdps_card.o ps7_cortexa9_
TRACE::2026-09-22.16:40:43::SCWMssOS::0/lib/xsdps_g.o ps7_cortexa9_0/lib/xsdps_host.o ps7_cortexa9_0/lib/xsdps_options.o ps7_cortexa9_0/lib/xsdps_sinit.o ps7_cortexa
TRACE::2026-09-22.16:40:43::SCWMssOS::9_0/lib/xtime_l.o ps7_cortexa9_0/lib/xuartps.o ps7_cortexa9_0/lib/xuartps_g.o ps7_cortexa9_0/lib/xuartps_hw.o ps7_cortexa9_0/li
TRACE::2026-09-22.16:40:43::SCWMssOS::b/xuartps_intr.o ps7_cortexa9_0/lib/xuartps_options.o ps7_cortexa9_0/lib/xuartps_selftest.o ps7_cortexa9_0/lib/xuartps_sinit.o

TRACE::2026-09-22.16:40:43::SCWMssOS::Finished building libraries

TRACE::2026-09-22.16:40:43::SCWMssOS::Copying to export directory.
TRACE::2026-09-22.16:40:43::SCWMssOS:: Checking if to create the Supporting Applications
TRACE::2026-09-22.16:40:43::SCWMssOS:: No Linux domain exists, trying to generate FSBL 
LOG::2026-09-22.16:40:43::SCWSystem::Completed Processing the domain standalone_domain
LOG::2026-09-22.16:40:43::SCWSystem::Completed Processing the sysconfig template_1
LOG::2026-09-22.16:40:43::SCWPlatform::Completed generating the artifacts for system configuration template_1
TRACE::2026-09-22.16:40:43::SCWPlatform::Started preparing the platform 
TRACE::2026-09-22.16:40:43::SCWSystem::Writing the bif file for system config template_1
TRACE::2026-09-22.16:40:43::SCWSystem::dir created 
TRACE::2026-09-22.16:40:43::SCWSystem::Writing the bif 
TRACE::2026-09-22.16:40:43::SCWPlatform::Started writing the spfm file 
TRACE::2026-09-22.16:40:43::SCWPlatform::Started writing the xpfm file 
TRACE::2026-09-22.16:40:43::SCWPlatform::Completed generating the platform
TRACE::2026-09-22.16:40:43::SCWMssOS::Saving the mss changes /home/dide/project/digital-ide-0.5.x/tests/project/temp/user/sdk/template/template_1/zynq_fsbl/zynq_fsbl_bsp/system.mss
TRACE::2026-09-22.16:40:43::SCWMssOS::Found a swdesign opened with the mssfile.
TRACE::2026-09-22.16:40:43::SCWMssOS::Completed writemss as part of save.
TRACE::2026-09-22.16:40:43::SCWMssOS::Commit changes completed.
TRACE::2026-09-22.16:40:43::SCWMssOS::Saving the mss changes /home/dide/project/digital-ide-0.5.x/tests/project/temp/user/sdk/template/template_1/ps7_cortexa9_0/standalone_domain/bsp/system.mss
TRACE::2026-09-22.16:40:43::SCWMssOS::Found a swdesign opened with the mssfile.
TRACE::2026-09-22.16:40:43::SCWMssOS::Completed writemss as part of save.
TRACE::2026-09-22.16:40:43::SCWMssOS::Commit changes completed.
TRACE::2026-09-22.16:40:43::SCWPlatform::Trying to open the hw design at /home/dide/project/digital-ide-0.5.x/tests/project/temp/user/sdk/template/template_1/hw/template.hdf
TRACE::2026-09-22.16:40:43::SCWPlatform::DSA given /home/dide/project/digital-ide-0.5.x/tests/project/temp/user/sdk/template/template_1/hw/template.dsa
TRACE::2026-09-22.16:40:43::SCWPlatform::DSA absoulate path /home/dide/project/digital-ide-0.5.x/tests/project/temp/user/sdk/template/template_1/hw/template.dsa
TRACE::2026-09-22.16:40:43::SCWPlatform::DSA directory /home/dide/project/digital-ide-0.5.x/tests/project/temp/user/sdk/template/template_1/hw
TRACE::2026-09-22.16:40:43::SCWPlatform:: Platform Path /home/dide/project/digital-ide-0.5.x/tests/project/temp/user/sdk/template/template_1/hw/template.dsa
TRACE::2026-09-22.16:40:43::SCWPlatform:: Unique name xilinx.com::system_wrapper:1.0
TRACE::2026-09-22.16:40:43::SCWPlatform::Trying to set the existing hwdb with name system_wrapper
TRACE::2026-09-22.16:40:43::SCWPlatform::Opened existing hwdb system_wrapper
TRACE::2026-09-22.16:40:43::SCWPlatform::Found the Hw Db part of the input DSA
TRACE::2026-09-22.16:40:43::SCWMssOS::Checking the sw design at  /home/dide/project/digital-ide-0.5.x/tests/project/temp/user/sdk/template/template_1/zynq_fsbl/zynq_fsbl_bsp/system.mss
TRACE::2026-09-22.16:40:43::SCWMssOS::DEBUG:  swdes dump  /home/dide/project/digital-ide-0.5.x/tests/project/temp/user/sdk/template/template_1/ps7_cortexa9_0/standalone_domain/bsp/system.mss|system_0||
/home/dide/project/digital-ide-0.5.x/tests/project/temp/user/sdk/template/template_1/zynq_fsbl/zynq_fsbl_bsp/system.mss|system||

TRACE::2026-09-22.16:40:43::SCWMssOS::Sw design exists and opened at  /home/dide/project/digital-ide-0.5.x/tests/project/temp/user/sdk/template/template_1/zynq_fsbl/zynq_fsbl_bsp/system.mss
TRACE::2026-09-22.16:40:43::SCWPlatform::Trying to open the hw design at /home/dide/project/digital-ide-0.5.x/tests/project/temp/user/sdk/template/template_1/hw/template.hdf
TRACE::2026-09-22.16:40:43::SCWPlatform::DSA given /home/dide/project/digital-ide-0.5.x/tests/project/temp/user/sdk/template/template_1/hw/template.dsa
TRACE::2026-09-22.16:40:43::SCWPlatform::DSA absoulate path /home/dide/project/digital-ide-0.5.x/tests/project/temp/user/sdk/template/template_1/hw/template.dsa
TRACE::2026-09-22.16:40:43::SCWPlatform::DSA directory /home/dide/project/digital-ide-0.5.x/tests/project/temp/user/sdk/template/template_1/hw
TRACE::2026-09-22.16:40:43::SCWPlatform:: Platform Path /home/dide/project/digital-ide-0.5.x/tests/project/temp/user/sdk/template/template_1/hw/template.dsa
TRACE::2026-09-22.16:40:43::SCWPlatform:: Unique name xilinx.com::system_wrapper:1.0
TRACE::2026-09-22.16:40:43::SCWPlatform::Trying to set the existing hwdb with name system_wrapper
TRACE::2026-09-22.16:40:43::SCWPlatform::Opened existing hwdb system_wrapper
TRACE::2026-09-22.16:40:43::SCWPlatform::Found the Hw Db part of the input DSA
TRACE::2026-09-22.16:40:43::SCWMssOS::Checking the sw design at  /home/dide/project/digital-ide-0.5.x/tests/project/temp/user/sdk/template/template_1/ps7_cortexa9_0/standalone_domain/bsp/system.mss
TRACE::2026-09-22.16:40:43::SCWMssOS::DEBUG:  swdes dump  /home/dide/project/digital-ide-0.5.x/tests/project/temp/user/sdk/template/template_1/ps7_cortexa9_0/standalone_domain/bsp/system.mss|system_0||
/home/dide/project/digital-ide-0.5.x/tests/project/temp/user/sdk/template/template_1/zynq_fsbl/zynq_fsbl_bsp/system.mss|system||

TRACE::2026-09-22.16:40:43::SCWMssOS::Sw design exists and opened at  /home/dide/project/digital-ide-0.5.x/tests/project/temp/user/sdk/template/template_1/ps7_cortexa9_0/standalone_domain/bsp/system.mss
TRACE::2026-09-22.16:40:43::SCWWriter::formatted JSON is {
	"platformName":	"template_1",
	"sprVersion":	"2.0",
	"mode":	"cmd",
	"dsaType":	"Fixed",
	"platformDesc":	"template_1",
	"platHandOff":	"/home/dide/project/digital-ide-0.5.x/tests/project/temp/user/sdk/data/template.hdf",
	"platIntHandOff":	"<platformDir>/hw/template.dsa",
	"deviceType":	"zynq",
	"platIsPrebuiltAutogen":	"false",
	"platIsNoBootBsp":	"false",
	"hasFsblMakeHasChanges":	"false",
	"hasPmufwMakeHasChanges":	"false",
	"fsblExtraCompilerFlags":	"-MMD -MP       -mcpu=cortex-a9 -mfpu=vfpv3 -mfloat-abi=hard ",
	"platPreBuiltFlag":	false,
	"platformSamplesDir":	"",
	"platActiveSys":	"template_1",
	"systems":	[{
			"systemName":	"template_1",
			"systemDesc":	"template_1",
			"sysIsBootAutoGen":	"true",
			"systemDispName":	"template_1",
			"sysActiveDom":	"standalone_domain",
			"sysDefaultDom":	"standalone_domain",
			"domains":	[{
					"domainName":	"zynq_fsbl",
					"domainDispName":	"zynq_fsbl",
					"domainDesc":	"FSBL Application BSP - Auto Generated.",
					"processors":	"ps7_cortexa9_0",
					"os":	"standalone",
					"sdxOs":	"standalone",
					"debugEnable":	"",
					"domRuntimes":	["cpp"],
					"swRepo":	"",
					"mssOsVer":	"8.0",
					"mssFile":	"",
					"md5Digest":	"264b62a69d3539b851582d33f89bd97c",
					"compatibleApp":	"zynq_fsbl",
					"domType":	"bootDomain",
					"arch":	"32-bit",
					"appSettings":	{
						"appCompilerFlags":	"",
						"appLinkerFlags":	""
					},
					"addedLibs":	["xilffs:4.8", "xilrsa:1.6"],
					"libOptions":	{
						"libsContainingOptions":	[]
					},
					"prebuiltLibs":	{
						"prebuiltIncPath":	[],
						"prebuiltLibPath":	[]
					},
					"isolation":	{
					}
				}, {
					"domainName":	"standalone_domain",
					"domainDispName":	"standalone on ps7_cortexa9_0",
					"domainDesc":	"standalone_domain",
					"processors":	"ps7_cortexa9_0",
					"os":	"standalone",
					"sdxOs":	"standalone",
					"qemuArgs":	"<platformDir>/resources/template_1/standalone_domain/qemu_args.txt",
					"qemuData":	"<platformDir>/resources/template_1/standalone_domain/qemu",
					"debugEnable":	"False",
					"domRuntimes":	["cpp"],
					"swRepo":	"",
					"mssOsVer":	"8.0",
					"mssFile":	"",
					"md5Digest":	"c82b513b0de6575707d5c19c37e12898",
					"compatibleApp":	"",
					"domType":	"mssDomain",
					"arch":	"32-bit",
					"appSettings":	{
						"appCompilerFlags":	"",
						"appLinkerFlags":	""
					},
					"addedLibs":	[],
					"libOptions":	{
						"libsContainingOptions":	[]
					},
					"prebuiltLibs":	{
						"prebuiltIncPath":	[],
						"prebuiltLibPath":	[]
					},
					"isolation":	{
					}
				}]
		}]
}
KEYINFO::2026-09-22.16:40:43::SCWPlatform::updated the xpfm file.
TRACE::2026-09-22.16:40:43::SCWPlatform::Trying to open the hw design at /home/dide/project/digital-ide-0.5.x/tests/project/temp/user/sdk/template/template_1/hw/template.hdf
TRACE::2026-09-22.16:40:43::SCWPlatform::DSA given /home/dide/project/digital-ide-0.5.x/tests/project/temp/user/sdk/template/template_1/hw/template.dsa
TRACE::2026-09-22.16:40:43::SCWPlatform::DSA absoulate path /home/dide/project/digital-ide-0.5.x/tests/project/temp/user/sdk/template/template_1/hw/template.dsa
TRACE::2026-09-22.16:40:43::SCWPlatform::DSA directory /home/dide/project/digital-ide-0.5.x/tests/project/temp/user/sdk/template/template_1/hw
TRACE::2026-09-22.16:40:43::SCWPlatform:: Platform Path /home/dide/project/digital-ide-0.5.x/tests/project/temp/user/sdk/template/template_1/hw/template.dsa
TRACE::2026-09-22.16:40:43::SCWPlatform:: Unique name xilinx.com::system_wrapper:1.0
TRACE::2026-09-22.16:40:43::SCWPlatform::Trying to set the existing hwdb with name system_wrapper
TRACE::2026-09-22.16:40:43::SCWPlatform::Opened existing hwdb system_wrapper
TRACE::2026-09-22.16:40:43::SCWPlatform::Found the Hw Db part of the input DSA
TRACE::2026-09-22.16:40:43::SCWMssOS::Checking the sw design at  /home/dide/project/digital-ide-0.5.x/tests/project/temp/user/sdk/template/template_1/ps7_cortexa9_0/standalone_domain/bsp/system.mss
TRACE::2026-09-22.16:40:43::SCWMssOS::DEBUG:  swdes dump  /home/dide/project/digital-ide-0.5.x/tests/project/temp/user/sdk/template/template_1/ps7_cortexa9_0/standalone_domain/bsp/system.mss|system_0||
/home/dide/project/digital-ide-0.5.x/tests/project/temp/user/sdk/template/template_1/zynq_fsbl/zynq_fsbl_bsp/system.mss|system||

TRACE::2026-09-22.16:40:43::SCWMssOS::Sw design exists and opened at  /home/dide/project/digital-ide-0.5.x/tests/project/temp/user/sdk/template/template_1/ps7_cortexa9_0/standalone_domain/bsp/system.mss
